2552
17102
30232
31942
64072
64082
64092
68602
68612
68632
68842
71782
71892
71902
72252
72302
72312
73492
73502
77052
77422
78632
82572
87982
88392
89432
89442
89452
89462
89472
89482
89502
89512
89522
89532
89542
89552
89562
89572
89582
89592
89602
89612
89622
89632
89642
89652
90142
90152
90162
97462
97482
97662
97682
98332
98642
98852
98892
99082
99112
99142
104422
104532
104902
104912
105552
107092
119702
120192
120292
122712
125972
130582
132792
159192
164912
165522
165532
168502
168922
168932
168942
170282
172092
172102
172112
174772
174782
174792
174822
175142
175172
175212
175222
175322
175472
175652
175702
175722
175952
176172
176262
176282
177022
177042
177102
177312
178002
178502
178852
180052
181742
183662
184062
185602
186072
186162
186172
186232
186422
186522
186812
186932
186942
186952
187042
187202
187712
187762
187802
189872
189902
194162
194262
194312
195802
199102
200532
201662
202652
202662
202762
202782
203932
205702
208072
208162
211402
211802
212902
215632
215872
216132
216882
217972
218012
218812
222352
222362
222372
222382
222392
222412
222432
222442
222452
222462
222482
222492
222502
223362
223382
223422
223442
223792
224402
224482
224492
224502
224512
224632
224642
224692
224702
224712
224722
224732
224752
224802
224812
225402
225412
225422
225432
225522
225562
225582
225592
225602
225612
225642
225662
225672
225702
225752
225882
225892
225902
225912
225922
225932
225962
226032
226192
226202
226222
226232
226242
226262
226272
226292
226322
226352
226362
226372
226382
226442
226452
226462
226472
226492
226532
226542
226562
226572
226582
226592
226622
226632
226662
226702
226722
226792
228812
229592
230202
230212
230222
230232
230312
230792
230802
230812
230832
230842
230862
230872
230902
231492
231542
231582
231782
232022
232052
232632
232652
232682
232862
232882
232912
233232
234932
234952
237842
238082
238442
238452
238462
238472
238482
238492
238502
238512
238522
238552
238562
238572
238582
238592
238632
238642
238672
238712
238912
238992
239312
239542
239642
239872
240312
240322
240392
241242
241252
241262
241282
241292
241302
241312
241322
241382
241392
241402
241412
241432
241782
241792
241802
242912
242922
242942
242952
243062
243072
243082
243092
243102
243222
243312
244852
245102
245112
245172
245232
245242
245262
245292
245312
245912
246152
246312
246872
247622
247642
247672
247682
247692
247722
247742
247762
247772
247962
247982
247992
248072
248082
248092
248102
248112
248152
248162
248172
248182
248192
248202
248212
248222
248232
248242
248252
248262
248322
248362
248402
248412
248422
248432
248442
248452
248462
248472
248482
248502
248512
248522
248532
248542
248562
248572
248582
248592
248652
248722
248842
249002
249012
249032
249052
249092
249112
249132
249212
249352
249362
249592
249622
249912
249932
249952
250052
250412
250422
250722
251342
251682
251692
251702
251712
251732
251742
251762
251772
251792
251822
252282
252422
252522
253362
253422
253632
254572
254692
255042
255252
255582
255992
256452
256552
256572
256582
256592
256622
256632
256662
256682
256692
256702
257342
257642
257792
257832
259622
259662
260732
260742
260922
261072
261562
261652
261742
261842
261882
261902
261942
261962
261972
262352
262562
262592
262612
262642
262662
262692
262842
262892
262972
263532
263692
263712
263732
263742
263842
263852
263862
263882
263902
264272
264532
264682
265032
265082
265102
265142
265152
265162
265202
265622
265842
265932
265982
266092
266262
266292
266692
266932
267012
267082
268062
268312
268532
268562
268572
268972
269772
269822
270542
271022
271032
271042
271052
271062
271072
271082
271922
272412
272572
273552
273632
273862
273932
274392
274412
274632
274682
276102
276162
276472
276532
276612
276632
276832
276882
277742
277942
278192
278282
278292
278302
278792
279152
279922
279952
279982
280062
280422
280622
280632
281072
281082
281202
281662
282332
282692
283082
283252
283362
283392
283502
283552
283852
284372
284392
284402
284462
284472
284662
284752
285122
285372
285742
285752
285782
286552
286572
286592
286612
286692
286762
286782
286792
286802
286812
286822
286832
286862
286882
286962
286972
286982
287062
287112
287122
287152
287162
287172
287222
287232
287282
287312
287572
287582
287682
287702
287712
287902
287912
288002
288172
288452
288572
288612
288722
289282
289292
289472
289562
289582
289902
290222
290872
290882
291102
291182
291752
293492
296862
297222
297432
297482
297922
298132
299642
299802
300752
302162
306462
306662
306672
306862
307802
307852
307862
307882
307922
308042
308222
308772
308832
308962
309292
309302
309342
309352
309362
309392
309412
309432
309442
310062
310422
310562
310582
310652
310732
311012
311022
311032
311042
311162
311192
311232
311242
311322
311502
312052
312112
312232
312352
312862
313602
313722
313752
314192
314612
314942
314962
315032
315052
315252
316082
316112
316282
317232
317552
317592
317882
318412
318992
319022
319112
319372
319392
319412
319452
319472
319502
319552
319882
319892
320052
320682
321672
321812
321862
321912
321962
322332
322402
323192
323492
324372
325002
326312
326462
326662
326752
326922
327112
327582
328902
329052
329102
329112
329132
329142
329152
329162
329172
329182
329212
329222
329232
329242
329262
329452
329482
329622
329672
329862
329962
329992
330302
330822
331002
331012
331032
331412
331622
331722
331752
331922
332422
332482
332602
332622
332922
333062
333252
333392
333592
333602
333612
333802
333842
333852
333862
334422
335182
335202
335212
335372
335382
335392
335402
335412
335442
335452
335462
335472
335622
335632
335822
335832
336022
336072
336142
336182
338542
338662
338732
338862
338952
339042
339672
339832
340252
340622
341542
341832
342002
342292
342712
343002
343102
343142
344272
344652
345492
345922
346142
346932
347032
347162
347302
347352
347362
347372
347392
347422
347452
347622
347742
347752
348172
348952
349032
349502
349512
349852
349962
349972
350062
350142
350182
350212
350322
350342
350402
350452
350602
350752
350782
350812
350822
350842
351112
351622
351672
351682
352082
352172
352462
352612
353212
353732
354312
354622
355112
355182
355192
355202
355442
355452
355462
355482
355502
355532
355542
356352
356552
356982
357042
357092
357142
357152
357162
357262
357462
358372
358412
358552
358662
358692
358842
359122
359352
359962
359982
360622
360982
361002
361042
361202
361992
362012
362212
362262
362342
362372
363592
363842
363942
364992
365012
365132
365672
365912
366282
366452
366472
367182
367592
367682
367742
367802
368412
368622
368922
369242
369282
369382
369752
369842
369952
370022
370102
370112
370292
371082
371492
371552
371642
371662
371752
372292
372312
372342
372492
372542
372682
372912
373022
373082
373232
373272
373282
373342
373362
373392
373412
373422
373452
373522
373682
373692
373922
374422
374992
375252
375522
375662
375972
375982
376102
376332
376392
376492
376672
377002
377062
377132
377152
377202
377272
377382
377392
377402
377462
377512
377562
377632
377672
377702
377712
377732
377782
377802
377812
377822
377832
377852
378222
378242
378332
379352
379432
380342
380442
380582
380762
380852
381092
381142
381252
381262
381342
381382
381392
381432
381492
381652
381702
381742
381772
381782
381812
382372
382382
382402
382412
382422
382452
382462
382472
382492
382572
382592
382602
382612
382622
382632
382642
382652
382662
382672
382682
382692
382702
382712
382752
382762
382822
382882
383602
383982
384292
384352
384462
384472
385172
385382
385672
385792
385822
386152
386212
387572
387752
388422
388472
388522
388582
388622
388642
388692
388842
389372
389532
389592
389602
389652
389812
389822
389982
390192
390352
390592
390672
390702
390842
390962
391042
391052
391122
391132
391162
391242
391282
391302
391442
391462
391492
391942
392152
392392
392482
393082
393312
393402
394122
394162
394202
394382
394392
394412
394552
394562
394682
394792
394842
395012
395162
395212
395392
395532
395772
396172
396182
396302
396422
397182
397192
397322
397342
397372
397442
397452
397462
397482
397492
397512
397542
397562
397572
397582
397622
397632
397682
397842
397852
397862
397872
397882
397892
397942
397962
397982
398012
398042
398052
398062
398072
398102
398132
398212
398322
398392
398492
398562
398602
398782
399172
399192
399242
399372
399402
399412
399852
399872
400082
400152
400212
400222
400352
400372
400522
400562
400862
401042
401242
401422
401492
401532
401672
401992
402212
402242
402252
402352
402362
402392
402412
402432
402542
402592
402692
402762
402792
402852
402872
402882
403012
403272
403302
403322
403342
403352
403362
403382
403402
403412
403422
403432
403452
403462
403472
403642
403702
403712
403782
403892
403972
404032
404622
404632
404842
404892
405122
405392
405432
405472
406062
406092
406372
406422
406732
407062
407102
407182
407902
407972
408052
408522
408642
408742
408862
408892
409012
409152
409372
409502
409662
409692
409852
410162
410292
410612
410672
411682
411692
411712
411722
411742
411842
411852
411882
411912
411922
411962
412002
412132
412842
413162
413772
414392
414402
414552
414672
414922
414982
415132
415252
415482
415632
415922
416572
416792
416802
416892
416922
417012
417152
417202
417322
417792
418092
418212
418242
418412
418452
418672
418682
418782
418862
419052
419262
419372
419532
419872
420052
420062
420072
420282
420392
420532
420712
420732
421112
421482
421582
421622
421632
421672
421722
421912
421942
421962
421992
422052
422112
422392
422402
422412
422602
422782
422932
422942
423022
423032
423052
423082
423122
423302
423532
423642
423772
424022
424172
424192
424272
424392
424642
424942
425262
425452
425812
425832
425872
425942
426332
426352
426382
426392
426772
427212
427222
427462
427672
427732
427742
427752
427802
427822
427832
427842
427852
427872
427882
428112
428132
428312
428622
428822
430592
430992
431082
431362
431462
431472
431492
431512
431632
431682
431912
431932
431942
431952
431962
432452
432472
432492
432512
432522
432542
432552
432602
432632
432642
432662
432672
432682
432692
432702
432732
432742
432752
432762
432772
432792
432802
432812
432822
432842
432852
432872
432882
432892
432902
432912
432922
432942
432962
432972
432982
432992
433012
433022
433032
433042
433052
433072
433082
433112
433132
433142
433152
433162
433172
433182
433202
433212
433222
433232
433242
433262
433272
433282
433292
433302
433312
433322
433332
433342
433352
433362
433372
433382
433402
433422
433432
433442
433452
433462
433472
433482
433492
433502
433512
433522
433532
433542
433552
433582
433592
433602
433692
433732
433892
433912
434052
434102
434122
434132
434142
434202
434212
434232
434242
434262
434272
434692
434862
435022
435102
435182
435282
435342
435362
436072
436372
436452
436462
436842
437302
437342
437412
437522
437842
437872
437952
438122
438472
438642
438842
438982
439062
439392
439502
439622
439872
439972
440032
440212
440342
440352
440362
440372
440382
440392
440402
440412
440422
440432
440442
440452
440572
440582
440592
440602
440612
440622
440632
440642
440652
440832
440932
441372
441842
441872
441892
441902
441922
442132
442382
442662
442672
442692
442722
442742
442752
442762
442782
442792
442802
442812
442822
442832
442842
442852
442862
442872
442922
442932
442992
443162
443212
443222
443252
443322
443612
443842
443862
443872
443882
443892
443902
444082
444102
445162
445302
445392
445492
445802
446262
446862
447822
447832
447942
448012
448342
448902
448932
449002
449512
449622
450482
450502
450542
450562
450842
451262
451332
452512
452522
452582
453102
453152
453412
453602
453672
453692
453732
455752
455832
455872
456402
456422
456482
456842
457102
457112
457562
457852
457922
458302
458382
458492
458842
458972
459062
460202
460222
460542
460662
460682
461052
461202
461222
461412
461442
461452
461742
461842
461852
461862
461872
462122
462212
462292
462432
462592
462812
463092
463472
463602
463682
463742
464002
464172
464412
464442
464962
464992
465772
465782
465792
465982
466602
467072
467112
467162
467172
467182
467212
468412
468422
468432
468442
468452
468462
468472
468652
468662
469102
469122
469232
469292
469302
469322
470162
472392
472432
472782
472862
472922
472982
472992
473002
473512
473812
473922
474012
474122
474242
474372
474602
474622
474842
474872
475542
476282
477152
477272
477882
477892
477952
478512
478722
479202
479292
479482
479802
479912
480232
480262
480622
480922
480982
481312
481332
481402
481412
481432
481442
481852
481882
482532
482612
484072
484082
484232
484852
485292
485342
485442
485712
485852
485912
485922
486162
486272
486642
486692
486832
486842
487092
487102
487132
487362
487502
487542
488362
488472
488512
488622
488652
488902
489112
489132
489142
489152
489162
489242
489362
489662
490402
490572
490592
490632
490962
491002
491062
491112
491242
491302
491572
491872
491922
492422
492522
492732
492742
492762
492792
492812
492822
492842
493232
493462
494142
494162
494322
494362
494472
494532
494562
494702
494982
495892
495952
496012
496042
496342
496692
496802
498062
498192
499312
499332
499992
500582
500652
500662
500672
500992
501052
501382
501402
501462
501642
501712
502122
502132
502182
502192
502202
502212
502222
502232
502242
502942
503062
503152
503302
503382
503392
503422
503472
503532
503702
503962
503992
504092
504162
504302
504442
504472
504832
504852
504952
505022
505072
505312
505362
505372
505382
505392
505532
505732
505742
505822
505932
505982
506002
506142
506332
506382
506452
506522
506612
506712
506722
507132
507202
507702
507722
507932
508162
508212
508382
508542
508582
508782
509002
509062
509102
509462
509552
509572
509722
509882
509932
510242
510432
510552
510562
510582
510612
510652
510662
510832
510942
511042
511062
511102
511282
511352
511432
511512
511802
512062
512132
512412
512482
512502
512582
512592
512622
512682
512852
512932
513122
513192
513262
513272
513292
513352
513362
513422
513462
513562
513802
514002
514052
514072
514132
514412
514442
514572
514592
514622
515102
515142
515332
515342
515372
515462
515472
515662
515912
515942
515952
516212
516292
516552
517102
517282
517372
517532
517852
517872
518032
518112
518202
518292
518312
518762
518772
518862
518882
518892
518902
518912
518922
518932
518942
518982
519012
519122
519152
519912
520012
520172
520182
520192
520202
520212
520262
520352
520482
520662
521122
521272
521292
521402
521442
521462
521622
522152
522462
522472
522682
523052
523322
523372
523452
523472
523692
523712
523742
523772
524022
524102
524122
524152
524162
524232
524262
524522
524572
524762
524772
524872
524912
525042
525272
525362
525372
525402
525422
525442
525472
525502
525522
525542
525832
525882
525992
526322
526872
526942
527112
527452
528272
528362
528382
528612
528902
528912
528932
529152
529472
529682
530332
530462
530582
530652
530662
530682
530772
530802
531152
531162
531172
531392
531562
531682
532162
532382
532532
532672
532742
533342
533452
533552
533672
533712
533722
533752
533762
533792
533812
533822
533832
533912
533982
533992
534202
534522
534722
535052
535332
535522
535722
535762
536072
536092
536402
536572
536722
536732
537082
537372
537472
537612
537622
538032
538172
538302
538362
538392
538412
538582
538622
538632
538642
538702
538732
538972
539042
539502
539952
540392
540422
540572
540592
540712
540752
540972
541002
541442
541562
541572
541602
541632
541642
541652
541692
541772
541782
541802
542192
542252
542372
542532
542882
543162
543172
543792
543802
543852
543862
543882
544322
545152
545952
546032
546102
546322
546482
546722
546732
546812
546822
547242
547302
547312
547322
547332
547342
547352
547362
547372
547602
547612
547622
547652
547872
548042
548122
548192
548242
548472
548542
548552
548732
548752
548962
549082
549122
549182
549262
549312
549572
549582
549712
549732
549762
549772
549782
549792
549802
549812
549842
549862
549902
550012
550032
550792
550832
550942
550972
551082
551092
551132
551142
551152
551162
551182
551192
551202
551212
551292
551302
551312
551372
551402
551552
551612
551622
551642
551842
552012
552052
552062
552162
552352
552502
552592
552602
552612
552852
553022
553102
553202
553892
553902
554022
554032
554042
554702
554712
554742
554752
554762
554802
555182
555272
555302
555322
555352
555362
555372
555472
555512
555632
555652
555662
555892
556032
556072
556582
556672
556802
556842
556872
556982
557162
557172
557182
557622
557642
557782
557932
558042
558202
558212
558222
558302
558772
559742
560212
560342
561032
561062
561202
561222
561242
561382
561802
561812
562052
562262
562342
562442
562652
562722
562792
562862
562942
563012
563062
563202
563302
563342
563352
563472
563502
563762
563772
563792
563802
563912
563922
564212
564372
565832
566312
566492
566542
566592
566822
566832
566842
567062
567782
567792
567802
567812
567822
567842
567852
567872
568072
568182
568272
568862
568892
568962
569162
569302
569422
569602
569872
569912
570132
570252
570392
570562
570572
570802
570822
570872
571142
571182
571262
571782
572562
572652
572782
572832
572842
572942
573032
573162
573502
573962
574042
574202
574442
574462
574912
575102
575112
575252
575262
575282
575342
575662
575722
576232
576242
576502
576682
576792
577002
577142
577202
577402
577412
577952
578042
578322
580422
580942
581052
581332
581372
583292
584392
587502
588512
588542
588812
588842
588892
589012
589022
589062
589092
589102
589122
589132
589152
589462
589732
591032
591122
591182
591242
591292
591372
591392
591442
591602
591712
591722
591792
592012
592182
592252
592332
592412
592432
592512
592522
592552
592702
592712
592752
592812
592822
593002
593052
593112
593262
593282
593632
593752
594002
594102
594472
594492
596772
596842
597452
597512
597552
597682
597952
598052
598082
598152
598252
598332
598392
598472
598482
598542
598562
598722
598762
598862
599222
600052
600142
600182
600192
600242
600262
600282
600352
600402
600482
600502
600532
600792
600892
600932
600942
601412
601422
601462
601512
601522
601612
601772
601792
601802
601922
602032
602272
602512
602522
602822
602832
602842
602852
602862
602872
603242
603412
603502
603672
603732
603952
604282
604292
604462
604952
606462
606542
606602
607062
607312
607822
608282
608412
608472
608722
609192
609322
609772
610242
610442
610662
611302
611352
611952
612032
612402
612442
612512
612932
613282
613352
613362
613902
613922
614052
614182
614192
614332
614352
614472
614492
614512
614552
614602
614612
614622
614672
614822
615202
615322
615442
615552
615632
615842
615922
616092
616202
616312
616532
616602
616622
616632
616742
616912
617002
617212
617252
617302
617322
617642
617932
617992
618022
618072
618102
618112
618282
618322
618392
618662
618772
618872
619142
619162
619182
619192
619222
619232
619252
619272
619322
619812
619832
619872
620442
620712
620722
620732
620782
620922
621362
621592
621662
621822
622942
623052
623172
623242
623782
623872
624132
624142
624352
624392
624552
625002
625632
625822
625832
625932
626332
626352
626412
626482
626552
626572
626632
626932
627282
627432
627472
628232
628282
628302
628332
628572
628722
629172
629182
629192
629242
629422
629552
629562
629682
630572
630842
631132
631202
631472
631522
631572
631752
631782
632012
632122
632442
632472
632492
632692
632852
632992
633052
633082
633132
633142
633152
633162
633172
633182
633192
633662
633932
633992
634092
634612
634772
634982
635092
635112
635142
635162
636092
636222
636742
637062
637082
637152
637242
637412
637532
637542
637622
637652
637682
637752
637862
637922
638172
638182
638332
638362
638372
638392
638402
638412
638422
638432
638452
638462
638472
639442
639492
639932
640402
640482
640682
640732
640772
640872
641002
641222
641422
641472
641482
641542
641552
641602
641632
641712
641732
641742
642162
642742
642862
643252
643552
645152
645332
645522
646142
646592
646632
646682
646872
646922
647012
647202
647672
648762
648802
648992
649282
649682
649822
649872
650942
651012
651382
651552
651612
651622
651642
651652
651672
651752
651812
651832
652142
652282
652542
652832
652922
652992
653002
653012
653352
653832
654022
654372
654412
654502
654602
654632
654642
654662
654672
654682
654692
654702
654712
654752
654922
655112
655152
655192
655242
655402
656792
656852
656932
657082
657132
657272
657402
657502
657822
657952
658412
658422
658442
658452
658472
658482
658492
658512
658522
658532
658552
658572
658582
658602
658632
658652
658682
658692
658702
658712
658722
658732
658742
658752
658762
658772
658872
659152
659452
659652
659662
659672
659682
659692
659852
659892
659952
660032
660062
660092
660122
660142
660162
660172
660182
660212
660242
660282
660302
660322
660332
660432
660512
660622
660952
661092
661512
661722
661772
662002
662202
662412
662432
662492
662652
662682
662732
662952
662982
663002
663222
663412
663612
663992
664802
665442
665502
665852
665892
665992
666232
666542
666702
666712
666832
666892
667022
667092
667202
667292
667372
667402
667412
667422
667512
667542
667552
667562
667572
667582
667602
667612
667622
667632
667642
667652
667662
667672
667682
667692
667712
667722
667732
667742
667752
667762
667782
667792
667872
668212
668672
668802
669152
669332
669352
669422
669912
669932
669942
670052
670262
670492
670852
670902
670932
670992
671532
672182
672312
672452
672482
672502
672822
673222
673242
673542
673662
673772
674252
674852
675032
675052
675082
675142
675232
675302
675322
675472
675492
675702
675722
675752
675772
675862
675882
676152
676202
676212
676222
676232
676252
676332
676462
676512
676582
676682
677042
677502
677862
678512
678522
678532
678622
678932
678952
679022
679032
679052
679152
679672
679762
679872
680442
680712
680842
681172
681242
681402
681462
681832
681952
682692
682842
683252
683872
683952
684552
684782
684822
684832
685322
685502
685522
685562
685992
686012
686952
687222
687342
688172
688322
688742
689332
689372
689442
689572
689622
689702
689742
689862
689972
690142
690542
690752
690812
690822
690852
690862
690872
690912
690972
691432
691462
691472
691512
691542
691622
691822
691862
691902
691962
691982
692072
692242
692302
692332
692462
692632
692782
692922
693102
693172
693342
693852
694322
694332
694372
695222
695262
695472
695582
695692
696292
696832
696862
696872
697222
697642
697832
697852
698082
698112
698152
698232
698832
698892
699382
699432
699442
699622
699702
700262
700392
700662
700722
701152
701182
701262
701432
701562
701762
702782
702812
703202
703882
703902
704072
704522
704712
705222
705232
705462
705642
705672
705712
705842
706382
706392
706402
706442
706612
706922
707092
707242
707322
707842
708272
708412
708762
708932
708962
709672
709742
710202
711322
711452
711992
712072
712302
712362
712552
712712
713352
713852
714062
714322
714462
714602
714752
714772
714972
714992
715122
715132
715152
715512
715712
715932
716432
716462
716762
717852
718022
718492
719212
719622
719692
720092
720332
720352
720512
720532
721002
721342
721632
722342
722602
722952
722962
723102
723152
723172
723202
723462
723532
723802
723932
724042
724132
724162
724852
725052
725062
725112
725222
725542
725692
725862
726012
726182
726222
726432
727732
727742
727812
728222
728362
728432
728472
728922
729032
729062
729662
729682
730072
730082
730462
731882
731932
732062
732502
732622
733002
733252
733442
733732
733762
733772
734022
734862
734942
735032
735042
735082
735302
736632
736722
736882
737612
737732
738122
738642
738692
738862
739602
739632
740062
740112
740152
740322
740802
740932
741012
741122
742022
742202
743372
743392
743512
743872
744082
744922
745652
746002
746592
746962
747362
747372
748142
748272
748352
748802
748852
749172
750072
750972
751782
752402
752562
752612
752682
752772
753672
753682
753692
753712
754482
754492
754532
754642
754672
755032
755042
755102
755682
755982
756302
756692
757322
757542
757742
758362
758602
758902
759102
759132
759402
759622
760282
760312
760362
760472
760492
760532
760542
760552
760572
760582
760592
760602
760612
760782
760792
760882
760992
761002
761142
761382
761492
761902
761982
762022
762112
762652
762682
763932
763992
764052
764212
764442
765202
765342
765732
765782
766552
766642
766672
766692
766702
766812
766822
767052
767102
767322
767532
768732
768842
769562
769812
770102
770202
770372
770412
770672
770822
770872
770882
770962
771412
771462
771482
771542
771562
771582
771662
771782
771852
771882
772312
772322
772632
773632
773922
773962
774112
774152
774202
774262
774682
775582
775732
775782
776362
776422
776452
776962
777022
777162
777222
777562
777742
778082
778262
778472
778832
778882
778922
778992
779092
779222
779282
779382
779402
779812
779932
780382
780692
780742
780812
781042
781052
781062
781182
781342
781382
781512
781572
781722
781802
782072
782392
782432
782642
782772
783012
783032
783072
783132
783222
783402
783442
783492
783752
784222
784302
784352
784432
784572
784612
784672
784692
785492
785852
786182
786382
786762
786932
787112
787172
787192
787522
787662
788052
788222
788542
788662
789082
789632
789642
789802
790162
790312
790592
790942
791002
791152
791302
791732
792642
792812
792882
792972
793072
793082
793382
793462
793722
793932
793992
794192
794242
794422
794612
794742
794972
795522
795802
795862
795872
795882
795952
796002
796012
796032
796172
796182
796192
796202
796212
796222
796232
796262
796392
796592
796812
796832
797162
797182
797202
797282
797462
797492
797572
797902
798212
798392
798432
798542
799112
799382
800142
800202
800312
800412
800512
800592
800602
800662
800732
800942
800952
800982
801062
801072
801142
801202
801292
801462
801472
801702
801712
801722
801732
801742
801792
801832
802322
802332
802462
802502
802512
802632
802732
802742
802842
802992
803232
803432
803522
803562
803682
803912
804152
804162
804172
804192
804212
804222
804332
804352
804392
804602
804722
804742
804772
804782
804792
804802
804852
804882
804972
805012
805122
805132
805162
805172
805472
805532
805542
805562
805602
805622
805652
805662
805682
805692
806032
806152
806222
806232
806242
806292
806312
806342
806362
806392
806402
806412
806472
806492
806502
806512
806532
806542
806572
806582
806592
806612
806622
806682
807072
807092
807112
807122
807132
807462
807492
807602
807692
807712
807742
807752
807882
807942
807992
808512
808572
808642
808692
808832
808882
808982
809102
809292
809322
809812
809872
810032
810072
810112
810312
810442
810692
811172
811232
811312
811442
811872
812722
812782
812882
812912
813082
813592
814392
814732
815572
815592
815732
816012
816142
817132
817292
817322
817502
817562
817572
817702
817892
818022
818252
818422
818712
818952
819782
820022
820102
820152
820182
820282
820352
820432
820552
820822
820962
821042
821092
821502
821702
821892
821972
821992
822192
822202
822232
822422
822562
822722
822732
822762
822802
823062
823182
823272
823382
823472
823512
823652
823752
823762
823782
823862
823972
823982
823992
824012
824022
824222
824302
824342
824362
824742
825022
825072
825302
825452
825512
825532
825562
826132
826212
826232
826462
826502
826522
826562
826612
826692
826912
826962
827072
827362
827612
827732
827892
827992
828002
828552
828792
828812
829162
829172
829532
829812
830852
830872
830882
830892
830952
831142
831812
831932
831962
831982
832142
832402
832432
832562
832652
832662
832842
832872
832882
832892
832922
832942
832952
832962
833072
833082
833102
833162
833172
833182
833192
833232
833262
833452
833562
833622
833642
833672
833762
833792
833802
833822
833842
833872
833942
834032
834102
834162
834242
834482
834542
834552
834682
834732
834752
834792
834922
835002
835012
835072
835142
835212
835282
835332
835352
835392
835402
835502
835552
835572
835582
835602
835612
835692
835722
835732
835742
835762
835802
835832
835872
835902
835972
836042
836102
836142
836172
836222
836292
836312
836342
836352
836382
836412
836452
836462
836632
836642
836672
836802
836842
837212
837262
837532
837572
837602
837652
837712
837762
838052
838072
838092
838122
838132
838142
838222
838232
838242
838252
838262
838272
838282
838292
838302
838322
838332
838342
838352
838362
838372
838382
838392
838462
838602
838612
838632
838692
838702
838742
838832
838932
838992
839032
839162
839182
839192
839212
839392
839412
839522
839532
840032
840152
840202
840302
840562
840582
840592
841052
841112
841542
841602
842782
842812
842932
843122
843162
843192
843372
844692
845522
845862
847442
847502
847582
847862
847922
849652
849792
850092
850392
850742
850862
851092
851412
851552
851602
852392
852452
853062
853322
853522
853562
853802
853902
853962
854142
854292
854392
854442
854512
854892
854982
855012
855162
855292
855492
856852
858192
858252
858342
858352
858702
859182
859362
859472
859912
860262
861512
861722
861802
863422
863472
863482
863502
863512
863522
863572
863582
863602
863632
863672
863702
863772
863792
863812
863832
863852
863882
863902
863922
864042
864052
864072
864082
864112
864292
864302
864332
864422
864532
864982
865172
865232
865402
865562
865612
865642
865782
865802
865812
866072
866142
866842
866862
866892
867042
867072
867392
867682
867692
867712
867722
867742
867782
867802
867812
867832
867842
867852
867862
867902
867972
868012
868522
868602
868692
869442
869522
870042
870192
870592
870742
870822
871572
871622
871662
871702
871742
871832
872372
872432
872482
872542
872742
872972
873632
873652
873682
873712
873732
874012
874162
874332
874412
874632
874942
874962
875192
875262
875472
875892
875912
876022
876132
876182
876322
876382
876522
876942
877002
877122
877612
877732
877762
877992
878452
878522
879922
880662
880992
881102
881782
881802
882212
882362
882392
882762
883082
883242
883412
884382
885082
885352
885372
885382
885402
885662
886352
886472
886692
886892
887272
887522
888002
888272
888282
888292
888532
888652
888962
888992
889002
889022
889052
889072
889292
889312
889322
889642
890022
890042
890062
890072
890092
890122
890192
890212
890232
890332
890352
890392
890532
890602
890802
891282
891382
891482
891492
891522
891572
891772
891902
892232
893652
894452
894462
894502
894552
894562
894582
894592
894642
894732
894822
894972
895012
895442
895522
895982
896092
896582
896742
897042
897722
897752
897912
898202
898342
898432
898492
898522
898762
898822
898862
898932
898962
899052
899082
899122
899182
899292
899302
899312
899322
899552
899632
899702
899752
899762
899782
899812
899832
899862
899942
899952
899972
900132
900372
900382
900402
900592
900902
900982
901042
901072
901082
901422
901922
901982
902002
902012
902032
902042
902102
902132
902182
902302
902352
902392
902412
902442
902532
902542
902602
902752
903112
903162
903182
903192
903202
903312
903342
903372
903382
903452
903492
903502
903512
903522
903672
903922
904032
904252
904292
904452
904982
905872
906322
906352
906382
906432
906442
906512
906522
906592
906632
907442
907452
908012
908172
908302
909542
909652
909902
910302
910472
910482
910492
910512
910522
910542
910572
910602
910612
910652
910742
910772
910802
910842
910852
910862
910882
910892
910962
910992
911012
911032
911042
911102
911142
911182
911202
911272
911312
911362
911422
911442
911492
911522
911562
911592
911612
911652
911692
911722
911762
911782
911792
911802
911812
911852
911862
911892
911912
911942
911962
911992
912012
912032
912052
912072
912092
912102
912142
912172
912182
912212
912242
912262
912372
912722
913112
913252
913342
913392
913592
913782
914082
914172
914232
914492
914562
914652
914752
914852
915022
915112
915492
915712
915862
916262
916302
916382
916412
916802
916872
916882
916932
916992
917022
917042
917062
917132
917192
917202
917222
917232
917262
917282
917322
917352
917422
917442
917452
917462
917472
917482
917512
917532
917542
917552
917562
917582
917602
917612
917642
917672
917682
917692
917722
917732
917922
917932
917952
917962
917992
918022
918062
918102
918152
918232
918352
918492
918502
918512
918862
918872
918892
918912
918952
919002
919012
919042
919062
919082
919092
919102
919162
919172
919422
919442
919502
920042
920062
920772
920872
920892
920902
920932
920942
920962
921012
921042
921282
921292
921312
921332
921382
921392
921612
921782
921822
921832
921842
921852
921872
921882
921942
921962
922262
922532
922642
923192
923222
923462
923652
924012
924132
924152
924202
924232
924242
924412
924642
924742
924992
925002
925442
925522
925732
925882
925892
925982
926312
926332
926932
926942
927022
927052
927112
927412
927492
927902
927972
928272
928392
928882
929592
929622
929632
929782
929832
929842
929872
929882
929902
929932
929942
930032
930632
930772
930802
930852
930902
930912
930922
930932
930952
931032
931332
931402
931502
931532
932102
932112
932152
932162
932462
932582
932692
932712
932732
932762
933222
933392
933432
933512
933592
933932
933942
934062
934092
934112
934152
934182
934262
934322
934922
935022
936332
936592
936602
936732
936822
936882
936892
937072
937132
937552
937742
937772
937932
937952
938392
938672
938682
938692
938702
938782
938822
938992
939472
939542
939582
939592
939742
939762
939792
939922
940002
940622
940672
940682
940692
940702
940872
940902
940922
941122
941182
941232
941362
941412
941432
941522
941912
942102
943032
943282
943312
943352
943572
943772
944302
944372
944382
944392
944402
944412
944462
944472
944492
944502
944512
944982
945012
945182
945192
945222
945492
945682
945712
945772
946102
946392
946402
947022
947132
947402
947592
947962
947972
948512
948602
948702
948742
948772
949102
949862
949882
949892
949972
950002
950122
950152
950342
950352
950512
950532
950602
951252
951552
951582
951592
951762
952242
952742
952822
953052
953312
953432
953482
953492
953512
953522
953532
953542
953552
953562
953572
953582
953592
953602
953612
953622
953642
953662
953922
954232
954422
954902
954932
955072
955152
955312
955392
955402
955532
955822
955842
955962
956532
956572
956862
957132
957182
957912
958262
958532
959042
959582
959622
959782
960522
960902
961112
961382
961652
961732
961782
961882
962652
962982
963162
963342
963562
963782
963812
963822
963842
963862
964442
964752
964872
964912
964932
965052
965172
965332
965452
965612
965662
965702
965732
965882
965972
966152
966852
967032
967752
967872
968532
968812
969022
969042
969062
969542
969872
969912
969962
969982
970002
970042
970062
970082
970102
970132
970362
970502
970582
970602
970662
970702
970762
970982
971182
971382
971632
971662
971772
971792
971822
971842
971852
972202
972282
972532
972582
972592
972902
973012
973152
973362
973392
973482
973622
974072
974232
974672
974752
974762
974862
975002
975082
975102
975312
975372
975432
975482
975622
975642
975832
976062
976102
976162
976232
976312
976352
976412
976422
976432
976472
976502
976522
976582
976612
976722
976762
976852
976912
976952
977052
977092
977122
977352
977652
977842
977942
978462
978482
978512
978542
978602
978882
978922
979202
979402
979432
979662
979852
980082
980302
980582
980772
981052
981152
981272
981602
981822
982052
982092
982342
982362
982372
982572
982702
982772
982842
983102
983222
983552
983602
983672
983842
983962
983972
983982
983992
984002
984182
984252
984382
984442
984592
984632
985002
985062
985322
985372
985392
985422
985432
985452
985522
985532
985542
985602
985642
985662
985712
985722
985832
985862
985872
986032
986192
986542
986592
986602
986622
986632
986662
986732
986762
986772
986792
986842
986852
986862
986942
986952
986972
987012
987032
987422
987532
987542
987622
987632
987672
987682
987702
987712
987722
987732
987742
987882
987892
987942
987952
987972
988002
988012
988022
988032
988042
988072
988092
988102
988152
988162
988182
988192
988242
988272
988302
988322
988422
988442
988452
988542
988722
988732
988752
988792
988812
988892
990912
990992
991152
991202
991212
991232
991392
991492
991612
991672
991682
991782
992052
992172
992182
992192
992462
992562
992662
992682
992852
993102
993182
993422
993702
993842
994162
994202
994222
994562
994632
994662
994682
994732
994892
995012
995122
995232
995242
995272
995332
995342
995352
995362
995422
995432
995462
995482
995542
995562
995582
995592
995602
995632
995692
995742
995792
995842
995862
995992
996042
996302
996412
996512
996552
996602
996632
996672
996702
996712
996722
996782
996792
996802
996822
996842
996852
996902
996922
996962
997202
997272
997322
997342
997472
997532
997712
997732
997762
997812
997832
997862
997902
998062
998492
998822
999032
999732
999792
1000142
1000192
1000202
1000222
1000412
1000622
1000732
1000822
1000832
1001172
1001262
1001542
1001582
1001602
1001652
1001662
1001672
1001802
1001902
1001932
1001952
1001982
1002012
1002132
1002142
1002182
1002212
1002252
1002312
1002322
1002402
1002522
1002572
1002612
1002632
1003012
1003092
1003102
1003162
1003192
1003352
1003512
1003532
1003552
1003782
1003892
1003972
1004032
1004092
1004502
1004512
1004612
1004712
1004842
1004902
1004942
1004952
1004992
1005122
1005132
1005402
1005572
1005582
1005862
1005952
1005992
1006412
1006762
1006792
1006822
1006882
1006902
1006932
1006952
1006972
1006982
1007192
1007382
1007492
1007532
1007562
1007752
1008172
1008192
1008202
1008232
1008352
1008442
1008472
1008562
1008582
1008642
1008702
1009052
1009222
1009442
1009552
1009672
1009692
1009742
1009792
1010022
1010412
1010632
1010642
1010662
1010762
1010792
1011022
1011142
1011442
1011492
1011842
1011902
1011912
1011982
1012052
1012072
1012122
1012162
1012172
1012182
1012192
1012342
1012502
1012582
1012612
1012672
1012712
1012722
1012862
1012922
1012952
1013112
1013152
1013202
1013312
1013342
1013362
1013412
1013492
1013512
1013652
1013732
1013782
1013902
1014002
1014022
1014072
1014112
1014402
1014572
1014582
1014662
1014842
1014912
1014922
1015172
1015292
1015342
1015422
1015582
1015702
1015812
1015892
1015922
1015932
1015952
1016002
1016042
1016142
1016192
1016402
1016462
1016472
1016672
1016682
1016692
1016712
1016732
1016742
1017322
1017332
1017712
1017722
1017772
1017822
1017872
1017882
1017892
1017912
1017942
1017952
1017972
1017982
1018012
1018022
1018072
1018092
1018102
1018122
1018132
1018142
1018152
1018192
1018212
1018352
1018542
1018602
1018642
1018752
1018872
1018942
1019172
1019552
1019562
1019582
1019692
1019732
1019932
1020062
1020322
1020332
1020362
1020392
1020492
1020532
1020562
1020592
1020612
1020662
1020922
1020932
1020982
1021112
1021162
1021222
1021232
1021262
1021272
1021302
1021312
1021372
1021382
1021492
1021522
1021632
1021732
1021822
1021862
1021952
1022002
1022012
1022032
1022452
1022562
1022642
1022902
1022912
1022962
1023002
1023102
1023172
1023202
1023312
1023352
1023362
1023382
1023392
1023402
1023412
1023422
1023462
1023512
1023542
1023552
1023582
1023682
1023802
1023972
1024082
1024122
1024172
1024192
1024232
1024242
1024262
1024312
1024472
1024492
1024512
1024562
1024652
1024802
1024822
1024852
1024872
1024932
1025072
1025282
1025312
1025322
1025372
1025482
1025712
1025752
1025782
1025802
1025822
1025832
1025882
1025892
1025932
1025992
1026082
1026112
1026142
1026152
1026162
1026172
1026222
1026282
1026312
1026362
1026372
1026382
1026402
1026502
1026532
1026802
1026882
1026892
1026992
1027052
1027102
1027122
1027172
1027182
1027202
1027532
1027822
1030322
1030932
1031092
1031102
1031162
1031232
1031332
1031482
1031602
1031842
1032112
1032202
1032272
1032502
1032662
1032682
1032692
1032702
1032742
1032802
1032822
1032902
1033062
1033142
1033152
1033742
1033782
1033822
1033862
1033932
1034152
1034192
1034292
1034452
1034492
1034522
1034712
1034792
1034812
1035052
1035082
1035102
1035122
1035142
1035152
1035172
1035192
1035292
1035342
1035362
1035392
1035412
1035422
1035442
1035452
1035482
1035522
1035622
1035632
1035702
1035782
1036162
1036202
1036222
1036252
1036272
1036382
1036402
1036452
1036612
1036642
1036672
1036902
1036972
1036992
1037012
1037022
1037042
1037052
1037092
1037102
1037142
1037162
1037172
1037222
1037262
1037292
1037402
1037432
1037462
1037472
1037542
1037552
1037562
1037612
1037632
1037662
1037672
1037682
1037692
1037702
1037732
1037752
1037802
1037832
1037842
1037862
1037942
1038012
1038032
1038072
1038092
1038112
1038202
1038272
1038302
1038312
1038402
1038432
1038442
1038462
1038482
1038522
1038542
1038552
1038632
1038642
1038652
1038952
1038962
1039122
1039472
1039612
1039692
1039722
1039782
1039922
1040002
1040062
1040132
1040182
1040332
1040372
1040772
1040972
1041172
1041392
1041442
1041552
1041642
1041652
1041662
1041682
1041702
1041712
1041732
1041762
1041772
1041792
1041832
1041852
1041882
1041892
1041912
1041932
1041972
1042002
1042032
1042042
1042052
1042072
1042092
1042112
1042122
1042132
1042142
1042162
1042192
1042342
1042362
1042372
1042392
1042422
1042442
1042452
1042482
1042492
1042512
1042522
1042532
1042542
1042562
1042602
1042662
1042692
1042702
1042712
1042722
1042742
1042762
1042772
1042782
1042792
1042852
1042912
1042922
1042932
1042952
1042962
1042972
1042982
1043052
1043102
1043202
1043242
1043252
1043332
1043532
1043712
1043762
1043812
1043922
1044002
1044102
1044122
1044522
1044592
1044662
1044682
1044972
1045012
1045262
1045352
1045362
1045902
1045992
1046242
1046342
1046372
1046572
1046702
1047212
1047312
1047532
1047652
1048142
1048402
1048672
1048752
1048982
1049042
1049542
1049672
1049742
1049802
1050862
1050902
1050952
1050982
1051012
1051262
1051722
1051752
1052672
1053652
1053682
1053702
1053782
1053822
1053862
1053932
1053972
1053982
1053992
1054172
1054652
1054772
1054802
1054872
1054912
1055262
1055352
1055362
1055732
1056162
1056792
1057312
1057522
1057532
1057862
1058372
1058752
1059572
1060092
1060212
1060232
1060292
1060312
1060332
1060502
1060562
1060652
1060832
1060962
1061042
1061152
1061262
1061322
1061372
1061742
1062552
1063172
1063212
1063292
1063382
1063422
1063472
1063682
1063862
1063922
1064222
1064422
1064612
1064832
1064852
1064932
1065032
1065052
1065062
1065072
1065362
1065572
1065882
1066272
1066322
1066442
1066512
1066592
1066692
1066772
1066812
1066952
1067222
1067412
1067432
1067522
1067532
1067552
1067562
1067582
1067602
1067612
1067622
1067672
1067852
1067962
1068012
1068272
1068282
1068542
1068692
1068762
1068902
1068932
1068962
1068972
1068982
1069072
1069192
1069222
1069282
1069602
1069722
1070092
1070732
1070762
1070832
1070852
1071132
1072402
1072702
1072972
1072982
1072992
1073012
1073022
1073032
1073042
1073062
1073072
1073082
1073092
1073112
1073122
1073132
1073142
1073172
1073182
1073202
1073222
1073232
1073242
1073302
1073312
1073322
1073362
1073372
1073382
1073392
1073402
1073412
1073432
1073442
1073452
1073462
1073472
1073492
1073502
1073512
1073522
1073552
1073562
1073572
1073582
1073592
1073602
1073612
1073632
1073642
1073662
1073682
1073702
1073712
1073722
1073732
1073752
1073762
1073772
1073792
1073802
1073812
1073822
1073852
1073862
1073872
1073892
1073902
1073912
1073922
1073932
1073952
1073972
1073992
1074002
1074012
1074022
1074032
1074042
1074052
1074062
1074072
1074102
1074112
1074122
1074132
1074142
1074152
1074162
1074182
1074202
1074212
1074222
1074232
1074242
1074252
1074272
1074282
1074292
1074302
1074312
1074322
1074332
1074342
1074352
1074362
1074372
1074382
1074402
1074412
1074422
1074432
1074442
1074452
1074462
1074472
1074492
1074512
1074522
1074542
1074552
1074562
1074572
1074582
1074612
1074642
1074662
1074682
1074702
1074712
1074732
1074752
1074772
1074802
1074822
1074832
1074862
1074872
1074882
1074892
1074912
1074932
1074982
1075012
1075032
1075052
1075062
1075082
1075092
1075112
1075142
1075152
1075162
1075172
1075182
1075192
1075202
1075212
1075222
1075262
1075272
1075282
1075312
1075322
1075332
1075342
1075362
1075372
1075382
1075392
1075402
1075412
1075422
1075442
1075462
1075472
1075482
1075492
1075512
1075522
1075532
1075542
1075552
1075572
1075582
1075602
1075612
1075622
1075632
1075642
1075652
1075662
1075682
1075692
1075702
1075712
1075722
1075732
1075742
1075752
1075782
1075792
1075802
1075812
1075822
1075832
1075842
1075852
1075862
1075872
1075912
1075922
1075932
1075952
1075962
1075972
1075982
1075992
1076012
1076022
1076032
1076042
1076052
1076062
1076072
1076092
1076112
1076122
1076132
1076142
1076152
1076162
1076192
1076202
1076222
1076232
1076242
1076252
1076262
1076272
1076282
1076292
1076302
1076832
1076912
1077152
1077642
1077692
1078002
1078072
1078632
1078672
1078822
1078882
1078952
1079012
1079192
1079502
1079512
1079552
1079592
1079672
1079822
1079882
1079962
1079982
1079992
1080002
1080012
1080022
1080032
1080052
1080062
1080072
1080082
1080092
1080102
1080112
1080142
1080152
1080162
1080172
1080182
1080202
1080212
1080222
1080232
1080242
1080252
1080272
1080292
1080302
1080312
1080322
1080332
1080352
1080362
1080382
1080402
1080412
1080422
1080442
1080452
1080472
1080492
1080502
1080512
1080552
1080562
1080582
1080602
1080612
1080622
1080632
1080652
1080662
1080672
1080682
1080692
1080702
1080712
1080722
1080732
1080752
1080762
1080772
1080782
1080792
1080802
1080822
1080832
1080862
1080872
1080892
1080902
1080912
1080922
1080932
1080942
1080952
1080972
1080982
1080992
1081002
1081012
1081022
1081052
1081062
1081072
1081092
1081102
1081122
1081132
1081152
1081162
1081172
1081182
1081212
1081222
1081242
1081252
1081262
1081272
1081282
1081302
1081312
1081342
1081362
1081372
1081382
1081392
1081402
1081422
1081432
1081442
1081462
1081502
1081512
1081522
1081532
1081552
1081562
1081572
1081582
1081602
1081622
1081642
1081662
1081672
1081692
1081702
1081732
1081782
1081792
1081812
1081822
1081842
1081862
1081872
1081882
1081892
1081912
1081932
1081952
1081962
1081982
1081992
1082002
1082012
1082102
1082122
1082142
1082172
1082202
1082212
1082242
1082292
1082312
1082522
1082692
1082752
1083372
1083972
1084062
1084162
1084572
1084622
1084832
1084842
1085002
1085162
1085612
1086012
1086042
1086582
1086612
1086662
1086722
1086822
1086832
1086842
1086852
1086862
1086872
1086882
1086902
1086912
1086922
1086932
1086942
1086952
1086962
1086972
1086982
1087002
1087012
1087022
1087032
1087042
1087052
1087072
1087082
1087092
1087122
1087142
1087152
1087162
1087172
1087182
1087192
1087202
1087212
1087242
1087252
1087262
1087272
1087292
1087302
1087312
1087332
1087342
1087362
1087372
1087382
1087392
1087402
1087412
1087422
1087432
1087442
1087462
1087472
1087482
1087492
1087502
1087512
1087522
1087532
1087552
1087572
1087582
1087602
1087622
1087632
1087642
1087652
1087662
1087672
1087692
1087702
1087722
1087732
1087752
1087762
1087772
1087812
1087842
1087852
1087862
1087882
1087892
1087902
1087912
1087922
1087942
1087972
1087982
1087992
1088012
1088022
1088032
1088042
1088052
1088072
1089122
1089302
1089362
1089392
1089492
1089792
1089862
1089922
1089992
1090022
1090042
1090062
1090092
1090112
1090212
1090262
1090272
1090292
1090452
1090482
1090502
1090522
1090532
1090552
1090572
1090592
1090612
1090662
1090692
1090702
1090772
1090792
1090812
1090822
1090842
1090862
1090892
1090902
1090912
1090922
1090932
1090942
1090952
1090962
1090982
1090992
1091012
1091042
1091052
1091072
1091092
1091102
1091112
1091132
1091152
1091162
1091182
1091192
1091242
1091282
1091302
1091322
1091362
1091382
1091492
1091522
1091642
1091672
1092342
1092352
1092362
1092752
1092762
1092872
1093092
1093162
1093572
1093662
1093682
1093922
1094032
1094102
1094152
1094172
1094272
1094452
1094472
1094502
1094582
1094652
1094692
1094722
1095102
1095142
1095182
1095192
1095202
1095212
1095222
1095232
1095242
1095272
1096132
1096242
1096302
1096922
1097132
1097222
1097272
1097412
1097442
1097522
1097552
1097562
1097572
1097582
1097782
1097972
1098162
1098722
1098732
1098782
1098952
1098962
1099102
1099322
1099642
1099662
1099672
1099682
1099702
1099722
1099742
1099752
1099762
1099792
1099892
1100122
1100232
1100392
1100422
1100442
1100462
1100772
1100972
1101022
1101232
1101732
1101762
1101992
1102002
1102012
1102032
1102112
1102122
1102132
1102202
1102212
1102342
1102372
1102532
1102812
1102842
1102852
1102862
1102872
1102882
1102892
1102902
1102912
1102922
1102942
1103042
1103052
1103062
1103072
1103082
1103092
1103112
1103122
1103132
1103392
1103442
1103452
1103552
1104012
1104032
1104122
1104152
1104182
1104452
1104772
1104802
1104832
1104852
1104862
1104872
1104882
1104892
1105272
1105372
1105412
1105582
1105652
1105752
1105862
1105922
1105962
1106012
1106202
1106302
1106462
1106712
1106732
1106742
1106802
1106912
1106932
1107002
1107072
1107152
1107662
1107922
1107972
1108212
1108542
1108652
1108702
1108772
1108812
1108822
1108862
1108882
1108942
1109042
1109122
1109172
1109182
1109192
1109212
1109262
1109292
1109302
1109312
1109332
1109342
1109352
1109362
1110092
1110282
1110372
1110542
1110622
1110712
1110872
1110962
1111012
1111322
1111792
1111892
1111912
1111982
1112322
1112582
1112732
1112802
1113152
1113572
1113722
1113862
1113902
1114032
1114092
1114182
1114252
1114532
1114582
1114782
1115152
1115172
1115272
1115422
1115432
1115482
1115532
1115572
1115672
1115762
1116102
1116112
1116152
1116212
1116242
1116292
1116392
1116432
1116612
1116882
1116982
1117032
1117042
1117082
1117932
1118142
1118162
1118202
1118252
1118342
1118442
1118492
1118622
1118672
1118692
1118752
1118762
1118822
1118852
1118912
1118932
1118992
1119032
1119052
1119092
1119112
1119152
1119162
1119182
1119202
1119212
1119252
1119262
1119292
1119332
1119342
1119382
1119432
1119632
1119732
1119742
1119752
1119792
1119812
1119842
1119862
1119872
1119922
1119962
1120082
1120132
1120162
1120212
1120252
1120262
1120272
1120282
1120292
1120302
1120312
1120322
1120332
1120372
1120402
1120412
1120422
1120432
1120442
1120452
1120462
1120472
1120482
1120492
1120502
1120512
1120592
1120652
1120672
1120682
1120722
1120852
1120922
1120952
1121102
1121142
1121162
1121212
1121222
1121252
1121282
1121342
1121352
1121372
1121492
1121532
1121542
1121572
1121602
1121612
1121652
1121682
1121712
1121972
1121992
1122002
1122022
1122052
1122212
1122552
1122562
1122592
1122792
1122872
1122892
1122972
1123022
1123032
1123042
1123062
1123082
1123092
1123102
1123122
1123192
1123252
1123292
1123422
1123452
1123482
1123492
1123512
1123532
1123552
1123562
1123602
1123632
1123642
1123652
1123662
1123672
1123682
1123782
1123812
1123822
1123832
1123842
1123852
1123872
1123882
1123892
1123902
1123922
1123942
1123972
1124212
1124222
1124262
1124332
1124362
1124742
1124752
1124762
1124792
1124822
1124832
1124842
1124862
1124872
1124892
1124922
1124932
1124942
1124972
1124992
1125002
1125012
1125022
1125032
1125062
1125122
1125132
1125172
1125202
1125212
1125222
1125252
1125272
1125282
1125302
1125322
1125332
1125342
1125352
1125362
1125372
1125392
1125402
1125412
1125422
1125432
1125462
1125472
1125482
1125532
1125542
1125552
1125562
1125602
1125612
1125622
1125632
1125652
1125692
1125712
1125732
1125742
1125752
1125772
1125782
1125792
1125912
1126182
1126452
1127372
1127952
1128172
1128222
1128442
1128452
1128812
1129032
1129472
1129832
1129852
1129872
1129902
1129912
1129932
1129982
1129992
1130002
1130032
1130052
1130622
1130662
1130952
1130982
1131002
1131012
1131092
1131122
1131142
1131172
1131252
1131302
1131492
1131652
1131682
1131722
1131832
1131872
1131902
1132022
1132322
1132482
1132842
1132882
1132892
1133102
1133272
1133292
1133512
1134112
1134152
1134352
1134752
1134932
1135692
1135762
1135832
1136122
1136132
1136142
1136152
1136162
1136172
1136182
1136192
1136202
1136222
1136232
1136242
1136252
1136262
1136272
1136282
1136322
1136472
1136792
1136842
1136862
1136982
1137082
1137202
1137272
1137322
1137462
1137472
1137492
1137502
1137782
1137982
1138022
1138062
1138082
1138102
1138142
1138172
1138182
1138192
1138452
1138552
1138682
1138852
1139222
1139232
1139312
1139462
1139472
1139492
1139752
1140052
1140072
1140342
1140482
1140692
1140752
1140782
1140822
1140862
1140892
1140912
1140932
1140942
1140962
1140972
1140982
1140992
1141022
1141042
1141052
1141062
1141072
1141082
1141092
1141122
1141132
1141142
1141152
1141162
1141172
1141182
1141192
1141202
1141212
1141222
1141232
1141242
1141252
1141272
1141282
1141442
1141482
1141502
1141532
1141552
1141562
1141582
1141602
1141612
1141632
1141652
1141662
1141672
1141682
1141692
1141702
1141712
1141722
1141732
1141742
1141752
1141762
1141772
1141782
1141792
1141822
1141832
1141842
1141862
1141872
1141882
1141892
1141902
1141912
1141922
1141932
1141942
1141952
1141962
1141972
1141982
1141992
1142002
1142012
1142022
1142032
1142042
1142052
1142062
1142072
1142082
1142092
1142102
1142112
1142122
1142132
1142142
1142152
1142162
1142172
1142182
1142192
1142202
1142222
1142232
1142242
1142252
1142262
1142272
1142282
1142292
1142312
1142322
1142332
1142342
1142352
1142362
1142372
1142382
1142392
1142402
1142412
1142422
1142432
1142442
1142452
1142462
1142472
1142482
1142492
1142502
1142512
1142522
1142532
1142542
1142552
1142562
1142572
1142862
1142912
1142982
1143352
1143362
1143372
1143402
1143412
1143432
1143452
1143462
1143472
1143482
1143502
1143512
1143522
1143532
1143542
1143552
1143562
1143622
1143632
1143652
1143662
1143672
1143682
1143692
1143712
1143732
1143742
1143772
1143782
1143792
1143802
1143812
1143822
1143832
1143862
1144222
1144572
1144752
1144842
1145042
1145052
1145082
1145092
1145302
1145562
1145722
1145812
1145892
1145942
1145962
1146012
1146022
1146052
1146272
1146312
1146362
1146522
1146552
1146592
1146872
1146892
1146912
1146962
1147002
1147092
1147552
1147592
1147712
1147982
1148002
1148142
1148302
1148322
1148422
1148442
1148472
1148662
1148682
1148702
1148782
1148802
1148842
1148852
1148872
1148942
1149032
1149352
1149392
1149492
1149642
1149772
1149832
1149842
1150132
1150342
1150402
1150802
1150812
1150902
1150962
1151052
1151212
1151232
1151252
1151402
1151492
1151542
1151622
1151712
1152002
1152012
1152022
1152032
1152072
1152132
1152192
1152232
1152282
1152292
1152452
1152572
1152642
1152672
1152702
1152812
1153002
1153192
1153212
1153222
1153252
1153262
1153372
1153542
1153582
1153642
1154112
1154452
1154612
1154622
1154632
1154652
1154662
1154672
1154692
1154742
1154762
1154772
1154782
1154792
1154802
1154822
1154852
1154872
1154882
1154912
1154952
1154962
1154992
1155002
1155012
1155132
1155162
1155202
1155232
1155292
1155312
1155402
1155532
1155602
1155622
1155682
1155732
1155852
1155862
1155882
1155912
1156002
1156102
1156172
1156242
1156262
1156422
1156472
1156512
1156642
1156672
1156712
1156722
1156762
1156772
1156812
1156842
1156962
1156972
1156992
1157022
1157042
1157052
1157132
1157302
1157452
1157612
1157812
1157832
1157882
1157952
1157962
1158032
1158142
1158152
1158172
1158182
1158202
1158222
1158232
1158242
1158262
1158282
1158292
1158302
1158312
1158322
1158332
1158342
1158362
1158382
1158392
1158422
1158442
1158452
1158582
1158592
1158742
1158752
1158762
1158772
1158782
1158792
1158802
1158842
1158852
1158892
1158942
1158952
1158962
1158972
1158992
1159012
1159042
1159082
1159092
1159122
1159152
1159172
1159222
1159542
1159562
1159842
1160252
1160682
1160722
1160802
1160952
1161062
1161092
1161152
1161392
1161472
1161662
1161982
1162092
1162242
1162292
1162582
1162592
1162762
1163352
1163452
1163472
1163482
1163502
1163512
1163532
1163542
1163602
1163612
1163742
1163912
1163972
1164002
1164062
1164092
1164272
1164352
1164382
1164622
1164682
1164712
1164822
1165072
1165212
1165482
1165542
1165602
1165672
1165682
1165752
1165812
1165862
1165942
1166042
1166112
1166272
1166422
1166442
1166502
1166732
1166992
1167192
1167262
1167492
1167512
1167562
1167572
1167632
1167892
1168152
1168902
1168932
1168992
1169012
1169022
1169172
1169322
1169892
1169922
1170362
1170382
1170412
1170942
1171012
1171592
1171612
1171672
1171732
1172152
1172452
1172522
1172532
1172542
1172612
1172712
1173512
1173632
1173662
1173692
1173772
1173942
1174192
1174212
1174272
1174312
1174442
1174492
1174542
1174742
1174752
1174792
1174802
1174892
1174962
1175002
1175082
1175222
1175292
1175422
1175442
1175452
1175462
1175702
1175732
1175742
1175752
1175762
1175772
1176192
1176202
1176232
1176252
1176272
1176382
1176452
1176512
1176762
1176792
1176982
1177062
1177092
1177122
1177252
1177732
1177912
1177932
1177982
1178132
1178612
1178662
1179232
1179682
1179692
1179762
1179792
1179802
1179862
1179972
1179982
1180042
1180382
1180572
1180752
1180762
1180942
1181082
1181152
1181302
1181372
1181422
1181532
1181852
1181862
1182082
1182152
1182232
1182332
1182402
1182462
1182712
1182822
1183032
1183042
1183052
1183472
1183872
1183902
1183922
1183942
1183952
1183962
1183992
1184002
1184032
1184232
1184242
1184252
1184292
1184362
1184472
1184552
1184642
1184712
1184822
1185362
1185522
1186042
1186112
1186432
1186462
1186492
1186552
1187212
1187562
1187792
1187832
1187842
1188132
1188142
1188442
1188642
1188782
1189272
1189342
1189382
1189482
1189592
1189602
1189662
1189692
1189712
1189722
1189732
1189752
1189892
1189922
1189932
1189952
1190092
1190302
1190362
1190472
1190502
1190572
1190582
1190622
1190632
1190672
1190692
1190752
1190792
1190862
1190962
1191012
1191032
1191042
1191052
1191082
1191132
1191182
1191192
1191202
1191212
1191222
1191232
1191272
1191462
1191652
1191842
1191852
1191872
1191892
1192262
1192302
1192312
1192622
1192632
1192742
1192752
1192772
1192782
1192942
1192952
1193112
1193122
1193202
1193242
1193252
1193402
1193442
1193562
1193592
1193662
1193702
1193712
1193722
1193772
1193782
1193822
1193862
1193892
1193902
1194012
1194232
1194252
1194302
1194322
1194332
1194362
1194402
1194422
1194542
1194562
1194572
1194592
1194642
1194712
1194792
1194812
1194902
1194932
1194952
1194992
1195002
1195042
1195062
1195162
1195172
1195482
1195522
1195542
1195572
1195672
1195782
1195882
1196072
1196432
1196442
1196452
1196812
1196882
1197042
1197372
1197432
1197592
1197602
1197652
1197732
1197842
1197932
1198292
1198352
1198452
1198542
1198562
1198602
1198682
1198692
1198722
1198772
1198812
1198952
1198972
1198992
1199022
1199172
1199252
1199272
1199342
1199402
1199692
1199772
1199782
1199932
1199952
1199962
1200002
1200052
1200062
1200292
1200322
1200412
1200432
1200452
1200572
1200662
1200942
1201032
1201042
1201102
1201202
1201382
1201402
1201432
1201442
1201962
1201982
1202022
1202042
1202072
1202082
1202172
1202282
1202352
1202472
1202682
1203202
1203372
1204062
1204092
1204102
1204232
1204312
1204412
1204452
1204492
1204502
1204532
1204542
1204602
1204622
1204832
1204942
1204962
1204992
1205022
1205032
1205122
1205142
1205412
1205432
1205622
1205752
1205802
1205852
1206192
1206202
1206232
1206292
1206552
1206652
1206732
1206912
1207442
1207602
1207642
1207862
1207892
1207902
1207922
1207942
1208752
1208802
1208852
1208862
1208892
1208922
1209032
1209042
1209062
1209162
1209192
1209332
1209362
1209372
1209482
1209492
1209612
1209632
1209662
1210482
1210542
1210932
1211442
1211472
1212022
1212032
1212052
1212062
1212072
1212142
1212622
1212632
1212642
1212652
1212722
1212842
1213212
1213272
1213302
1213362
1213392
1213432
1213582
1213662
1213672
1213682
1213832
1213842
1213862
1213922
1214142
1214162
1214402
1214602
1214762
1215282
1215632
1215682
1215692
1216352
1216442
1216522
1216652
1216812
1216832
1216912
1217012
1217192
1217242
1217322
1217552
1217592
1217712
1217762
1217792
1217932
1218072
1218092
1218122
1218132
1218142
1218162
1218272
1218292
1218312
1218332
1218352
1218392
1218402
1218422
1218432
1218452
1218462
1218482
1218492
1218512
1218522
1218592
1218602
1218622
1218642
1218652
1218662
1218682
1218692
1218702
1218792
1218812
1218822
1218832
1218842
1218852
1218862
1218872
1218882
1218912
1218922
1218972
1218982
1219002
1219022
1219032
1219042
1219052
1219062
1219072
1219092
1219102
1219132
1219142
1219182
1219212
1219232
1219262
1219282
1219312
1219322
1219342
1219392
1219402
1219472
1219482
1219772
1219902
1219952
1219972
1219982
1220002
1220012
1220162
1220272
1220292
1220382
1220532
1220542
1220612
1220662
1220682
1220742
1220892
1220922
1220942
1221132
1221142
1221302
1221722
1221812
1221932
1221992
1222112
1222142
1222152
1222192
1222202
1222212
1222292
1222322
1222362
1222382
1222412
1222422
1222502
1222532
1222662
1222682
1222712
1222732
1222782
1222912
1222922
1222942
1223422
1223582
1223602
1223612
1223622
1223652
1223692
1223802
1223842
1223922
1224002
1224032
1224042
1224082
1224192
1224242
1224282
1224432
1224452
1224612
1224692
1224762
1225012
1225092
1225212
1225872
1226242
1226362
1226882
1226982
1227022
1227262
1227392
1227402
1227422
1227692
1227982
1228082
1228142
1228362
1228402
1228472
1228822
1228902
1228962
1229012
1229172
1229482
1229632
1229832
1229902
1230042
1230062
1230072
1230152
1230172
1230192
1230202
1230222
1230232
1230252
1230342
1230382
1230452
1230562
1230772
1230872
1230922
1230942
1231052
1231082
1231102
1231112
1231152
1231322
1231342
1231462
1231512
1231542
1231822
1231832
1232342
1232372
1232392
1232462
1232672
1232762
1232842
1232852
1233232
1233482
1233632
1233642
1234062
1234072
1234102
1234262
1234312
1234442
1234492
1234522
1234632
1234722
1234742
1234752
1234762
1234782
1234942
1234972
1234992
1235002
1235012
1235092
1235182
1235212
1235242
1235282
1235352
1235412
1235472
1235862
1235882
1235932
1236022
1236122
1236392
1236452
1236512
1236622
1236722
1236792
1237032
1237082
1237092
1237102
1237122
1237542
1237672
1237692
1237902
1237962
1237992
1238192
1238282
1238312
1238362
1238452
1238702
1238832
1238952
1239012
1239022
1239092
1239102
1239122
1239212
1239562
1239602
1239662
1239702
1239752
1239762
1240052
1240162
1240232
1240272
1240402
1240422
1240462
1240482
1240522
1240552
1240612
1240642
1240672
1240802
1240812
1241052
1241132
1241202
1241322
1241372
1241442
1241502
1241532
1241542
1241552
1241712
1241872
1241912
1241942
1241972
1242002
1242562
1242572
1242612
1242942
1243062
1243402
1243532
1243652
1243872
1243922
1244182
1244822
1244882
1244992
1245112
1245122
1245182
1245242
1245262
1245312
1245462
1245612
1245632
1245712
1245782
1245792
1245922
1246192
1246222
1246242
1246302
1246392
1246412
1246422
1246492
1246792
1246872
1247132
1247152
1247432
1247602
1247662
1247732
1247802
1247842
1247862
1247882
1248022
1248102
1248122
1248182
1248202
1248212
1248272
1248342
1248402
1248502
1248522
1248592
1248712
1248732
1248792
1248972
1249142
1249152
1249342
1249432
1249442
1249452
1249592
1249612
1249652
1249662
1249672
1249682
1249692
1249702
1249712
1249722
1249732
1249762
1249782
1249792
1249802
1249812
1249832
1249842
1249852
1249862
1249882
1249892
1249902
1249912
1249922
1249962
1250342
1250492
1250532
1250642
1250672
1250762
1250862
1251212
1251392
1251452
1251612
1251722
1251872
1251882
1251952
1251992
1252062
1252122
1252212
1252332
1252432
1252482
1252542
1252702
1252912
1252922
1252952
1253102
1253122
1253172
1253232
1253332
1253612
1253632
1253862
1253882
1253942
1254012
1254032
1254072
1254112
1254152
1254242
1254292
1254332
1254342
1254412
1254482
1254492
1254532
1254682
1255342
1255442
1255512
1256102
1256172
1256812
1256932
1256942
1256972
1257092
1257112
1257172
1257572
1257612
1257762
1258032
1258082
1258092
1258122
1258152
1258612
1259212
1259252
1259332
1259372
1259392
1259442
1259502
1259612
1259782
1259802
1259812
1259842
1259912
1259962
1260062
1260182
1260212
1260222
1260322
1260352
1260382
1260462
1260502
1260652
1260682
1260692
1260862
1260872
1260912
1261062
1261102
1261172
1261222
1261232
1261342
1261362
1261372
1261382
1261402
1261472
1261622
1261732
1261742
1261862
1261892
1262032
1262112
1262282
1262292
1262302
1262312
1262342
1262352
1262422
1262482
1262492
1262572
1262692
1262792
1262852
1262872
1262992
1263082
1263092
1263212
1263282
1263312
1263342
1263382
1263392
1263512
1263542
1263612
1263622
1263632
1263642
1263652
1263702
1263712
1263732
1263742
1263782
1263852
1263882
1263912
1263922
1263942
1264012
1264042
1264062
1264102
1264172
1264192
1264202
1264232
1264252
1264262
1264272
1264362
1264542
1264552
1264612
1264822
1264832
1264842
1264862
1264892
1265012
1265062
1265112
1265402
1265562
1265602
1265612
1265622
1265632
1265672
1265742
1265832
1265882
1265942
1265962
1265992
1266022
1266042
1266072
1266102
1266122
1266222
1266272
1266742
1266772
1266802
1266842
1266852
1267102
1267142
1267152
1267182
1267442
1267492
1267572
1267582
1267602
1267802
1267932
1267962
1268072
1268162
1268172
1268222
1268252
1268452
1268642
1268712
1268782
1268842
1269012
1269072
1269152
1269162
1269192
1269252
1269272
1269302
1269692
1269762
1269782
1269802
1270082
1270222
1270412
1270492
1270662
1270712
1270882
1270902
1270952
1270982
1270992
1271092
1271152
1271172
1271182
1271192
1271212
1271322
1271392
1271452
1271482
1271512
1271542
1271732
1271822
1271832
1271992
1272082
1272102
1272162
1272202
1272222
1272242
1272262
1272282
1272312
1272392
1272482
1272552
1272662
1272752
1272822
1272882
1272892
1272992
1273022
1273132
1273152
1273162
1273182
1273452
1273722
1274032
1274162
1274212
1274222
1274282
1274312
1274802
1275532
1275832
1275952
1276082
1276472
1276492
1276502
1276562
1276782
1276802
1276832
1276842
1276872
1276912
1277042
1277122
1277222
1277482
1277492
1277512
1277522
1277532
1277922
1277952
1277962
1278022
1278692
1278802
1278882
1278932
1279372
1279462
1279682
1279712
1279742
1279772
1279792
1279892
1280082
1280132
1280152
1280362
1280542
1280692
1280742
1280982
1281112
1281422
1281432
1281452
1281472
1281482
1281512
1281812
1281942
1282202
1282422
1282452
1282592
1282702
1282712
1282792
1283262
1283552
1284272
1284352
1284372
1284542
1284622
1284712
1284742
1285142
1285162
1285442
1285562
1285622
1286602
1286692
1286922
1287062
1287172
1287222
1287432
1287462
1287632
1287662
1288112
1288172
1288192
1288342
1288482
1288562
1288982
1288992
1289142
1289392
1289432
1289732
1289912
1289932
1290002
1290052
1290182
1290202
1290242
1290252
1290292
1290332
1290482
1290512
1290542
1290752
1290792
1290912
1290952
1291792
1291842
1291852
1291922
1291992
1292052
1292112
1292142
1292152
1292172
1292402
1292422
1292462
1292652
1292722
1292732
1292942
1293422
1293452
1293462
1293592
1293642
1293682
1293722
1293772
1293822
1293842
1293892
1293942
1294032
1294182
1294242
1294252
1294262
1294292
1294312
1294352
1294422
1294532
1294942
1294982
1295042
1295062
1295092
1295112
1295172
1295202
1295352
1295412
1295542
1295562
1295622
1295702
1295712
1295982
1296042
1296072
1296212
1296332
1296362
1296372
1296382
1296392
1296402
1296412
1296422
1296432
1296442
1296452
1296472
1296482
1296492
1296502
1296512
1296522
1296532
1296542
1296552
1296562
1296572
1296582
1296592
1296602
1296612
1296622
1296632
1296642
1296652
1296662
1296682
1296802
1296982
1296992
1297182
1297232
1297352
1297382
1297412
1297452
1297572
1297602
1297622
1297662
1297682
1297772
1297802
1297812
1297842
1297942
1297982
1298012
1298022
1298052
1298082
1298092
1298192
1298222
1298232
1298252
1298262
1298292
1298302
1298322
1298332
1298362
1298372
1298382
1298402
1298432
1298452
1298482
1298502
1298522
1298552
1298562
1298582
1298772
1298802
1299052
1299182
1299352
1299432
1299542
1299612
1299742
1299872
1299962
1299972
1300002
1300222
1300692
1300712
1300732
1300752
1300852
1300932
1301042
1301062
1301142
1301182
1301282
1301302
1301322
1301372
1301382
1301422
1301462
1301482
1301622
1301722
1301732
1301752
1301942
1301992
1302012
1302042
1302152
1302222
1302242
1302312
1302332
1302602
1303162
1303172
1304212
1304342
1304422
1304582
1304672
1305002
1305092
1305202
1305242
1305302
1305352
1305422
1305582
1305722
1305942
1305992
1306012
1306602
1306662
1306682
1306692
1306892
1306912
1306972
1307262
1307292
1307342
1307542
1307702
1307852
1307972
1308002
1308032
1308052
1308122
1308152
1308182
1308222
1308452
1308462
1308472
1308492
1308502
1308522
1308532
1308552
1308572
1308582
1308592
1308602
1308612
1308622
1308642
1308652
1308662
1308672
1308682
1308862
1308872
1308882
1309032
1309042
1309092
1309112
1309122
1309132
1309372
1309452
1309462
1309632
1309732
1310002
1310102
1310312
1310352
1310372
1310522
1310532
1310882
1311162
1311182
1311362
1311392
1311402
1311412
1311442
1311452
1311472
1311482
1311492
1311502
1311512
1311532
1311552
1311562
1311582
1311602
1311612
1311622
1311632
1311642
1311672
1311682
1311692
1311712
1311742
1311752
1311762
1311772
1311792
1312372
1312392
1312522
1312912
1312932
1313062
1313212
1313382
1313442
1313492
1313662
1313692
1313752
1313772
1313832
1313892
1313912
1314032
1314092
1314132
1314152
1314242
1314272
1314402
1314432
1314452
1314462
1314492
1314612
1314692
1314742
1314792
1314872
1314902
1314962
1315092
1315242
1315262
1315282
1315292
1315302
1315322
1315332
1315342
1315402
1315422
1315462
1315522
1315722
1315762
1315782
1315842
1315872
1316012
1316192
1316382
1316812
1316872
1316962
1317072
1317232
1317302
1317522
1317532
1317542
1317552
1317582
1317852
1317872
1317902
1318002
1318012
1318022
1318042
1318052
1318062
1318092
1318172
1318192
1318252
1318292
1318302
1318312
1318372
1318422
1318452
1318472
1318552
1318562
1318572
1318592
1318612
1318622
1318632
1318642
1318652
1318672
1318682
1318742
1318762
1318782
1318792
1318802
1318892
1318902
1318972
1319042
1319222
1319302
1319312
1319342
1319352
1319372
1319442
1319472
1319512
1319572
1319582
1319602
1319612
1319622
1319632
1319682
1319712
1319722
1319732
1319742
1319762
1319772
1319812
1319912
1319922
1319932
1319952
1319962
1319972
1320082
1320092
1320102
1320112
1320142
1320152
1320162
1320182
1320202
1320232
1320242
1320252
1320452
1320492
1320572
1320602
1320662
1320822
1320882
1320902
1321162
1321202
1321872
1322722
1323482
1323632
1323782
1323832
1323922
1324052
1324652
1324682
1324802
1325002
1325292
1325382
1325402
1325462
1325952
1326052
1326072
1326172
1326262
1326322
1326482
1326542
1326572
1326862
1326912
1327032
1327072
1327092
1327112
1327142
1327162
1327182
1327522
1327582
1327882
1327982
1328042
1328232
1328302
1328322
1328382
1328552
1328702
1328782
1328792
1328862
1328872
1328972
1329062
1329102
1329132
1329362
1329382
1329492
1329762
1330342
1330872
1330942
1330972
1331072
1331092
1331242
1331332
1331512
1331552
1331692
1331702
1331862
1331922
1332172
1332292
1332342
1332352
1332962
1333152
1333162
1333172
1333372
1333472
1333482
1333582
1333602
1333652
1333892
1333912
1333942
1333982
1334512
1334892
1334922
1334982
1335012
1335022
1335032
1335072
1335092
1335102
1335112
1335292
1335412
1335492
1335572
1335662
1335872
1336042
1336092
1336252
1336302
1336342
1336432
1336442
1336482
1336532
1336582
1336602
1336632
1336702
1336722
1336752
1336842
1336902
1336992
1337102
1337172
1337192
1337242
1337292
1337352
1337362
1337512
1337552
1337612
1337672
1337682
1337712
1337722
1337752
1337782
1337822
1338072
1338102
1338312
1338522
1338562
1338592
1338602
1338612
1338622
1338752
1338932
1339222
1339302
1339322
1339362
1339432
1339442
1339472
1339512
1339572
1339612
1339622
1339632
1339742
1339752
1339762
1339792
1339912
1339952
1339972
1339992
1340022
1340152
1340192
1340222
1340392
1340482
1340502
1340552
1340592
1340622
1340632
1340752
1340852
1340892
1340902
1340952
1341002
1341062
1341072
1341172
1341292
1341412
1341512
1341582
1341702
1341742
1341812
1341882
1342152
1342482
1342882
1342972
1343022
1343462
1343532
1343652
1343942
1344542
1344692
1344752
1344842
1344912
1344982
1345012
1345022
1345032
1345132
1345202
1345212
1345242
1345282
1345542
1345552
1345572
1345612
1345622
1345632
1345652
1345662
1345712
1345732
1346082
1346122
1346282
1346472
1346542
1346562
1346582
1346772
1346852
1346872
1347132
1347182
1347192
1347312
1347392
1347452
1347722
1347872
1347892
1348102
1348252
1348282
1348372
1348422
1348522
1348532
1348562
1348602
1348682
1348692
1348702
1348722
1348802
1349062
1349142
1349152
1349162
1349462
1349592
1351762
1351972
1352202
1352252
1352552
1352772
1352832
1352862
1352882
1353032
1353182
1353362
1353432
1353442
1353502
1353602
1354332
1354442
1354552
1354562
1354622
1354722
1354912
1355062
1355172
1355192
1355532
1355612
1355632
1355732
1355832
1355882
1356052
1356062
1356112
1356172
1356262
1356372
1356392
1356472
1356662
1357002
1357252
1357262
1357332
1357342
1357352
1357362
1357642
1357702
1357732
1357742
1357872
1357942
1358252
1358262
1358552
1358852
1358882
1359002
1359322
1359332
1359372
1359462
1359892
1360022
1360132
1360152
1360642
1361122
1361152
1361542
1361662
1361772
1362272
1362342
1362492
1362762
1362772
1362812
1362892
1362952
1363262
1363352
1363362
1363382
1363392
1363402
1363422
1363932
1364082
1366612
1366622
1366632
1366702
1366772
1366812
1366912
1366932
1366952
1366962
1367002
1367412
1367442
1367622
1367632
1367722
1367882
1367962
1368162
1368192
1368242
1368362
1368382
1368392
1368522
1368582
1369052
1369212
1369482
1369512
1369762
1369852
1370142
1370212
1370342
1370432
1370502
1370532
1370542
1370572
1370602
1370642
1370652
1370682
1370712
1371062
1371372
1371402
1371762
1371832
1372042
1372192
1372432
1372452
1372472
1372482
1372502
1372532
1372552
1372602
1372682
1372702
1372712
1372752
1372772
1372822
1372902
1373062
1373082
1373412
1373432
1373452
1373522
1373542
1373552
1373582
1373592
1373602
1373712
1373742
1373762
1373782
1373822
1373842
1373862
1373892
1373922
1373932
1373942
1373962
1373982
1373992
1374022
1374052
1374102
1374122
1374142
1374252
1374272
1374292
1374332
1374372
1374392
1374432
1374452
1374462
1374472
1374502
1374522
1374542
1374562
1374572
1374592
1374612
1374622
1374652
1374662
1374682
1374692
1374722
1374732
1374762
1374822
1374842
1374852
1374912
1374952
1375182
1375192
1375722
1375752
1375762
1375782
1375792
1375852
1375872
1375892
1376042
1376062
1376312
1376362
1376402
1376412
1376422
1376512
1376542
1376572
1376722
1376762
1377132
1377742
1378022
1378052
1378102
1378132
1378362
1378402
1378432
1378832
1378842
1378872
1379042
1379182
1379312
1379382
1379422
1379592
1379712
1379742
1379752
1379792
1379822
1379852
1379872
1380102
1380222
1380312
1380362
1380382
1380552
1380642
1380662
1380742
1380862
1381412
1381452
1381632
1381672
1381922
1381952
1381982
1382202
1382332
1382372
1383012
1383052
1383292
1383322
1383342
1383462
1383592
1383652
1383722
1383762
1383782
1383792
1383822
1383842
1384172
1384212
1384252
1384312
1384452
1384462
1384492
1384502
1384522
1384532
1384542
1384562
1384582
1384592
1384612
1384922
1384952
1384992
1385012
1385142
1385152
1385182
1385192
1385252
1385322
1385362
1385622
1385792
1385852
1385892
1385972
1386002
1386062
1386082
1386092
1386112
1386132
1386212
1386252
1386362
1386412
1386462
1386532
1386562
1386572
1386662
1386782
1386812
1386822
1386872
1387132
1387372
1387392
1387402
1387412
1387462
1387722
1387842
1388052
1388272
1388402
1388542
1389002
1389202
1389342
1389352
1389362
1389372
1389392
1389402
1389462
1389472
1389492
1389502
1389522
1389532
1389552
1389562
1389572
1389592
1389602
1389612
1389622
1389632
1389642
1389662
1389672
1389682
1389692
1389702
1389712
1389722
1389732
1389752
1389772
1389812
1389912
1389932
1389962
1389972
1389982
1389992
1390002
1390012
1390022
1390032
1390042
1390052
1390062
1390072
1390082
1390092
1390102
1390112
1390122
1390132
1390142
1390152
1390162
1390182
1390192
1390202
1390212
1390222
1390232
1390242
1390252
1390262
1390272
1390282
1390292
1390302
1390312
1390322
1390332
1390342
1390352
1390362
1390372
1390422
1390482
1390492
1390502
1390512
1390522
1390532
1390542
1390552
1390562
1390572
1390582
1390592
1390602
1390612
1390622
1390632
1390642
1390652
1390702
1390712
1390722
1390732
1390742
1390752
1390762
1390772
1390782
1390802
1390812
1390822
1390832
1390842
1390852
1390862
1390872
1390882
1390892
1390902
1390912
1390922
1390932
1390942
1390952
1390982
1390992
1391002
1391042
1391052
1391062
1391072
1391082
1391092
1391102
1391112
1391122
1391132
1391142
1391152
1391162
1391172
1391182
1391192
1391222
1391312
1391352
1391362
1391742
1392062
1392072
1392092
1392112
1392122
1392132
1392142
1392172
1392192
1392212
1392282
1392302
1392322
1392342
1392422
1392482
1392582
1392592
1392642
1392662
1392702
1392712
1392792
1392852
1393002
1393122
1393152
1393312
1393342
1393362
1393452
1393482
1393502
1393672
1393692
1393702
1393722
1393812
1393822
1393842
1394042
1394112
1394122
1394142
1394232
1394262
1394382
1394462
1394812
1395082
1395392
1395562
1395812
1395932
1396172
1396512
1397072
1397152
1397242
1397362
1397432
1397512
1397592
1397612
1397702
1397782
1398062
1398082
1398092
1398112
1398372
1398582
1398832
1398902
1399252
1399382
1399392
1399742
1400212
1400382
1400472
1400522
1400542
1400552
1400592
1400612
1400662
1400682
1400752
1400862
1400912
1401022
1401112
1401162
1401242
1401272
1401292
1401302
1401312
1401342
1401632
1401652
1401662
1401672
1401682
1401692
1401712
1401722
1401732
1401742
1401762
1401772
1401782
1401792
1401812
1401822
1401832
1401842
1401852
1401872
1401882
1401892
1401902
1401912
1401922
1401932
1401942
1401952
1401962
1401992
1402002
1402012
1402022
1402032
1402042
1402052
1402072
1402082
1402092
1402112
1402152
1402162
1402172
1402182
1402192
1402202
1402212
1402222
1402232
1402252
1402262
1402272
1402282
1402302
1402312
1402322
1402392
1402402
1402422
1403002
1403052
1403142
1403352
1403462
1403522
1404112
1404202
1404302
1404902
1405012
1405042
1405142
1405412
1405572
1405582
1405892
1405912
1405942
1406002
1406232
1406242
1406282
1406312
1406332
1406342
1406362
1406452
1406502
1406532
1406552
1406562
1406572
1406582
1406632
1406682
1406722
1406772
1407082
1407282
1407332
1407582
1407672
1407772
1407812
1407822
1407862
1407932
1408062
1408162
1408242
1408252
1408592
1408682
1408702
1408722
1408892
1408902
1408982
1409102
1409152
1409262
1409302
1409332
1409362
1409432
1409452
1409572
1409592
1409712
1409752
1409932
1409962
1410012
1410192
1410482
1410622
1410802
1410832
1411102
1411112
1411232
1411252
1411272
1411322
1411352
1411362
1411622
1411662
1411692
1411712
1411742
1411812
1411832
1411892
1412062
1412422
1412462
1412862
1412902
1412912
1412932
1412942
1412972
1413122
1413162
1413372
1413392
1413622
1413702
1413712
1413872
1414282
1414392
1414452
1414472
1414642
1414672
1414752
1414792
1414952
1415002
1415192
1415352
1415402
1415582
1415662
1415892
1415992
1416042
1416242
1416422
1416692
1416742
1416892
1416932
1417112
1417132
1417172
1417212
1417592
1417682
1417702
1417762
1417792
1417922
1417972
1418112
1418172
1418222
1418312
1418682
1418932
1419082
1419312
1419432
1419512
1419522
1419532
1419622
1419712
1419732
1419742
1419772
1419862
1419882
1420012
1420032
1420062
1420112
1420172
1420302
1420352
1420652
1420762
1420942
1421012
1421042
1421202
1421352
1421782
1421922
1422332
1422372
1422402
1422662
1422842
1423252
1423412
1423442
1423462
1423482
1423492
1423502
1424192
1424222
1424262
1424322
1424402
1424482
1424552
1424652
1424832
1424922
1424952
1425142
1425412
1425682
1425712
1425722
1425742
1425992
1426322
1426332
1426412
1426502
1426572
1426582
1426592
1426622
1426632
1426652
1426672
1426692
1426872
1427102
1427122
1427162
1427352
1427512
1427612
1427622
1427682
1427792
1427972
1427982
1427992
1428172
1428182
1428192
1428242
1428472
1428802
1428862
1428882
1428952
1429032
1429142
1429212
1429262
1429272
1429352
1429462
1429592
1429732
1429872
1430062
1430122
1430312
1430422
1430522
1430552
1430562
1430622
1430732
1430842
1430862
1430872
1431002
1431072
1431122
1431132
1431162
1431172
1431182
1431262
1431582
1431622
1431802
1431902
1431912
1431922
1431962
1432012
1432042
1432082
1432092
1432102
1432492
1432522
1432562
1432572
1432582
1432592
1432602
1433222
1433242
1433282
1433402
1433542
1433922
1433972
1434142
1434482
1434602
1434782
1435232
1435322
1435352
1435382
1435462
1435492
1435772
1435872
1435962
1436002
1436032
1436072
1436102
1436162
1436192
1436202
1436232
1436262
1436312
1436372
1436492
1436662
1436772
1436932
1436982
1437012
1437172
1437292
1437312
1437382
1437392
1437472
1437542
1437552
1437742
1437762
1437812
1437862
1437882
1437972
1438442
1438602
1438732
1438862
1438872
1438892
1439062
1439112
1439172
1439302
1439322
1439382
1439522
1439532
1439602
1439862
1439912
1440062
1440102
1440162
1440172
1440222
1440282
1440302
1440412
1440522
1440732
1440942
1441032
1441122
1441252
1441642
1442232
1442252
1442352
1442432
1442542
1442902
1443152
1443212
1443222
1443372
1443442
1443682
1444042
1444392
1444682
1444782
1444852
1445132
1445332
1445352
1445392
1445442
1445452
1445472
1445612
1445622
1445672
1445722
1445742
1445832
1446172
1446472
1446502
1446512
1446672
1446712
1446802
1446822
1446932
1447022
1447482
1447522
1447532
1447552
1448002
1448022
1448132
1448342
1448492
1448682
1448702
1448762
1448792
1448842
1448852
1448872
1448912
1449032
1449132
1449142
1449152
1449162
1449182
1449192
1449202
1449262
1449282
1449342
1449372
1449392
1449402
1449412
1449472
1449582
1449872
1450222
1450472
1450502
1450602
1450652
1450672
1450682
1450742
1450782
1450832
1451142
1451322
1451332
1451542
1451942
1452022
1452102
1452332
1452342
1452382
1452702
1452742
1453032
1453242
1453382
1453392
1453402
1453442
1453712
1453912
1453982
1454022
1454092
1454212
1454252
1454272
1454292
1454612
1454642
1454672
1454872
1454972
1455052
1455232
1455482
1455752
1455772
1455872
1455952
1455962
1456042
1456112
1456672
1456862
1456972
1456982
1457152
1457272
1457342
1457622
1457662
1457732
1457812
1457822
1457852
1457892
1457962
1458512
1458592
1458982
1459012
1459042
1459342
1459522
1459552
1459562
1459582
1459592
1459612
1459622
1459832
1459912
1460162
1460172
1460192
1460212
1460342
1460362
1460382
1460562
1460582
1460622
1460672
1460742
1460752
1460922
1461002
1461662
1461732
1461742
1461762
1462122
1463042
1463052
1463712
1463762
1463782
1463862
1464032
1464802
1464842
1465032
1465442
1465682
1465722
1465902
1465942
1465952
1466252
1467182
1467252
1467342
1467412
1467442
1467482
1467562
1467622
1467662
1467922
1468012
1468042
1468152
1468252
1468262
1468282
1468392
1468422
1468622
1468952
1469062
1469142
1469582
1469682
1469692
1469702
1469852
1469882
1469902
1469932
1469962
1469972
1469992
1470002
1470022
1470042
1470792
1470812
1471062
1471092
1471532
1471722
1471822
1471882
1472112
1472242
1472272
1472382
1472452
1472512
1472742
1473042
1473092
1473132
1473182
1473312
1473412
1473522
1473622
1473712
1473872
1474262
1474292
1474352
1474362
1474462
1474642
1474722
1474812
1474832
1474932
1475212
1475222
1475272
1475282
1475302
1475332
1475342
1475352
1475402
1475452
1475492
1475522
1475712
1475782
1475802
1475812
1475872
1476242
1476292
1476412
1476602
1476612
1476702
1476742
1476892
1477072
1477082
1477112
1477152
1477162
1477182
1477202
1477222
1477242
1477252
1477272
1477322
1477372
1477442
1477462
1477722
1477822
1477872
1477892
1478022
1478062
1478092
1478232
1478372
1478822
1478842
1478862
1478942
1479062
1479112
1479132
1479152
1479172
1479182
1479322
1479332
1479882
1480192
1480582
1480652
1480792
1481112
1481292
1481462
1481542
1481622
1482042
1482062
1482092
1482112
1482162
1482252
1482302
1482342
1482422
1482662
1482672
1482792
1482922
1483032
1483062
1483202
1483222
1483292
1483352
1483362
1483422
1483502
1483512
1483542
1483562
1483572
1483592
1483652
1483702
1483712
1483742
1483762
1483812
1483942
1484042
1484132
1484182
1484232
1484342
1484372
1484692
1485562
1485842
1485892
1485912
1485922
1485962
1486012
1486092
1486102
1486592
1487052
1487072
1487252
1487262
1487272
1487282
1487292
1487312
1487322
1487332
1487352
1487402
1487472
1487482
1487612
1487632
1487792
1487802
1487812
1487832
1487932
1487952
1487962
1487972
1487992
1488012
1488042
1488252
1488382
1488622
1488722
1488732
1488972
1489082
1489142
1489352
1489432
1489502
1489542
1489562
1489832
1490032
1490252
1490422
1490482
1490582
1490602
1490712
1490812
1490982
1490992
1491182
1491292
1491562
1491602
1491632
1491742
1491852
1491962
1491992
1492032
1492052
1492222
1492302
1492372
1492412
1492612
1492762
1492782
1492812
1492872
1493102
1493192
1493322
1493432
1493512
1493542
1493622
1493662
1493722
1493792
1493952
1493992
1494012
1494052
1494082
1494132
1494232
1494422
1494442
1494472
1494522
1494632
1494762
1494872
1494932
1495062
1495072
1495332
1495562
1495642
1495662
1495812
1496072
1496102
1496132
1496192
1496222
1496442
1496502
1496652
1496692
1496732
1496812
1497112
1497192
1497312
1497332
1497342
1497412
1499222
1499232
1499242
1499252
1499262
1499272
1499282
1499292
1499302
1499312
1499322
1499332
1499342
1499352
1499362
1499372
1499382
1499392
1499402
1499412
1499422
1499432
1499442
1499452
1499462
1499472
1499482
1499492
1499502
1499512
1499522
1499532
1499542
1499552
1499562
1499572
1499582
1499592
1499602
1499612
1499622
1499632
1499642
1499652
1499662
1499672
1499682
1499692
1499702
1499712
1499762
1499792
1499802
1499822
1499832
1499842
1499852
1499862
1499872
1499882
1499892
1499902
1499912
1499932
1499942
1499952
1499982
1499992
1500002
1500032
1500062
1500072
1500082
1500092
1500122
1500132
1500142
1500162
1500192
1500202
1500212
1500222
1500232
1500242
1500262
1500302
1500312
1500322
1500332
1500342
1500372
1500382
1500402
1500422
1500432
1500452
1500502
1501022
1501062
1501082
1501092
1501152
1501262
1501302
1501312
1501322
1501332
1501392
1501402
1501412
1501462
1501492
1501792
1501802
1501852
1501892
1501912
1502072
1502102
1502432
1502522
1502632
1502882
1503122
1503202
1503222
1503352
1503432
1503662
1503732
1503762
1503822
1503842
1503852
1503892
1503982
1504012
1504102
1504122
1504172
1504372
1504452
1504482
1504532
1504572
1504752
1504922
1504952
1505072
1505262
1505392
1505432
1505462
1505492
1505572
1505722
1505842
1505902
1505912
1505932
1506012
1506022
1506302
1506372
1506442
1506562
1506582
1506602
1506802
1506812
1506832
1506892
1507202
1507222
1507232
1507252
1507282
1507362
1507422
1507492
1507522
1507542
1507562
1507572
1507582
1507592
1507602
1507622
1507662
1507682
1507792
1507802
1507832
1507852
1507992
1508112
1508532
1508642
1508842
1509102
1509132
1509192
1509282
1509292
1509312
1509512
1509622
1509922
1509952
1510042
1510102
1510192
1510212
1510392
1510452
1510502
1510842
1510862
1510892
1510912
1511092
1511402
1511432
1511442
1511472
1511812
1511902
1511922
1511942
1512032
1512072
1512392
1512672
1512702
1512982
1513072
1513232
1513312
1513592
1513732
1513822
1513952
1514002
1514022
1514112
1514152
1514242
1514292
1514312
1514362
1514372
1514432
1514492
1514532
1514572
1514812
1514872
1514882
1514922
1514932
1515002
1515112
1515132
1515152
1515172
1515202
1515212
1515222
1515232
1515252
1515262
1515282
1515312
1515462
1515542
1516262
1516352
1516392
1516572
1516832
1516902
1517042
1517172
1517202
1517322
1517632
1517952
1518052
1518532
1518542
1518572
1518592
1518762
1519372
1519452
1519832
1520722
1520902
1520932
1521332
1521502
1522362
1522392
1522482
1522732
1522822
1522932
1522982
1522992
1523002
1523022
1523032
1523072
1523082
1523152
1523162
1523422
1523452
1523512
1523662
1523702
1523762
1523782
1523792
1523962
1524122
1524262
1524412
1524622
1524642
1524942
1525032
1525252
1525362
1525472
1525692
1525752
1525932
1525952
1526002
1526022
1526042
1526082
1526102
1526122
1526152
1526172
1526182
1526192
1526202
1526212
1526242
1526252
1526362
1526372
1526402
1526622
1526632
1526792
1526802
1526832
1526852
1526882
1526892
1526912
1526932
1526952
1526982
1527292
1527622
1527742
1527822
1527892
1528012
1528592
1529012
1529072
1529112
1529172
1529182
1529292
1529362
1529382
1529402
1529452
1529582
1529602
1529662
1529672
1529692
1530082
1530102
1530112
1530122
1530132
1530162
1530172
1530182
1530212
1530232
1530342
1530632
1530802
1530942
1531012
1531092
1531112
1531432
1532042
1532052
1532082
1532242
1532282
1532522
1532662
1532862
1532962
1533282
1533312
1533342
1533512
1533522
1533632
1533662
1533672
1533742
1533792
1533892
1534022
1534062
1534122
1534152
1534162
1534172
1534222
1534242
1534282
1534312
1534332
1534352
1534402
1534422
1534432
1534442
1534462
1534592
1534602
1534652
1534662
1534682
1534792
1534852
1534922
1534992
1535322
1535402
1535412
1535502
1535572
1535632
1535652
1535762
1535822
1535982
1536052
1536072
1536192
1536222
1536232
1536312
1536322
1536332
1536342
1536352
1536422
1536462
1536492
1536512
1536522
1536552
1536582
1536612
1536622
1536702
1536712
1536722
1536782
1536842
1536852
1536912
1537002
1537012
1537092
1537112
1537122
1537132
1537152
1537182
1537192
1537232
1537322
1537332
1537352
1537402
1537432
1537492
1537512
1537552
1537562
1537602
1537632
1537652
1537782
1538002
1538122
1538502
1538682
1538702
1538812
1538922
1538942
1538952
1539002
1539022
1539042
1539052
1539062
1539082
1539142
1539152
1539172
1539182
1539192
1539232
1539242
1539272
1539332
1539412
1539432
1539452
1539822
1539962
1540002
1540022
1540032
1540062
1540092
1540122
1540162
1540182
1540242
1540252
1540292
1540312
1540332
1540342
1540362
1540372
1540422
1540432
1540452
1540462
1540482
1540582
1540612
1540692
1540732
1540752
1540772
1540792
1540822
1540842
1540892
1540922
1540982
1541002
1541012
1541022
1541032
1541062
1541142
1541152
1541162
1541202
1541232
1541242
1541252
1541272
1541282
1541302
1541322
1541342
1541452
1541482
1541582
1541612
1541762
1541982
1542012
1542042
1542062
1542122
1542142
1542162
1542182
1542222
1542242
1542382
1542442
1542572
1542752
1542762
1542782
1543042
1543092
1543162
1543172
1543182
1543242
1543292
1543352
1543492
1543552
1543612
1543942
1543962
1544022
1544162
1544252
1544302
1545062
1545112
1545692
1545972
1545982
1546052
1546062
1546122
1546282
1546612
1546642
1546662
1546732
1546892
1546982
1547262
1547592
1547692
1547882
1548072
1548382
1548802
1549092
1549182
1549192
1549452
1549512
1549582
1549662
1549742
1549802
1549962
1549982
1550592
1550652
1550732
1550862
1551032
1551112
1551142
1551272
1551442
1551642
1551662
1551672
1551692
1551832
1551862
1551912
1551932
1552152
1552212
1552282
1552372
1552442
1552472
1552542
1552552
1552652
1552842
1552902
1552962
1553072
1553092
1553292
1553362
1553392
1553452
1553492
1553512
1553542
1553582
1553632
1553652
1553672
1553682
1553732
1553782
1553812
1553822
1553852
1553932
1553942
1553962
1554002
1554012
1554222
1554252
1554312
1554492
1554602
1554612
1554662
1554672
1554722
1554732
1554772
1554782
1554912
1554992
1555232
1555242
1555252
1555342
1555382
1555422
1555462
1555612
1555822
1555882
1556142
1556442
1556692
1556782
1556862
1557082
1557152
1557172
1557182
1557262
1557322
1557332
1557352
1557372
1557402
1557422
1557432
1557452
1557482
1557492
1557502
1557532
1557552
1557582
1557592
1557602
1557642
1557652
1557672
1557702
1557712
1557722
1557752
1557772
1557782
1557802
1557872
1557902
1557922
1557942
1557952
1558032
1558052
1558062
1558072
1558082
1558112
1558132
1558142
1558162
1558172
1558202
1558232
1558332
1558342
1558352
1558362
1558382
1558402
1558412
1558422
1558442
1558472
1558762
1559002
1559052
1559202
1559432
1559502
1559702
1559982
1560372
1560562
1560672
1560732
1560752
1560882
1560912
1561102
1561412
1561612
1561632
1561732
1561852
1561922
1561962
1562072
1562172
1562192
1562212
1562252
1562272
1562282
1562312
1562322
1562352
1562402
1562412
1562422
1562442
1562452
1562502
1562522
1562592
1562642
1562682
1562702
1562722
1563132
1563212
1563252
1563372
1563392
1563422
1563432
1563582
1563622
1563742
1564022
1564522
1564572
1564762
1564782
1564792
1564802
1564822
1564852
1564882
1565152
1565212
1565362
1565922
1566052
1566062
1566102
1566482
1566632
1567032
1567172
1567352
1567482
1567772
1567962
1568032
1568282
1568462
1568552
1568782
1568832
1568872
1569072
1569482
1569512
1569532
1569612
1569692
1569852
1569872
1569902
1570422
1570452
1570462
1570482
1570602
1570912
1571422
1571432
1571452
1571692
1571702
1571722
1571742
1571752
1571772
1571822
1571832
1571862
1571902
1571942
1572152
1572262
1572502
1572582
1572672
1572692
1572752
1572762
1572772
1572982
1572992
1573012
1573022
1573032
1573102
1573112
1573172
1573182
1573192
1573202
1573222
1573252
1573302
1573372
1573642
1573912
1573932
1574032
1574082
1574132
1574152
1574172
1574182
1574192
1574202
1574222
1574232
1574242
1574262
1574272
1574312
1574372
1574382
1574402
1574412
1574442
1574482
1574532
1574672
1574702
1574822
1574832
1574932
1575102
1575202
1575222
1575262
1575332
1575452
1575732
1575762
1575802
1575842
1575852
1575892
1576102
1576132
1576162
1576172
1576192
1576212
1576222
1576242
1576282
1576312
1576382
1576452
1576532
1576572
1576582
1576622
1576852
1576882
1577012
1577032
1577042
1577052
1577462
1577842
1577932
1578182
1578242
1578472
1578492
1578512
1578532
1578572
1578682
1578712
1578772
1578972
1579012
1579052
1579142
1579222
1579432
1579622
1579672
1579712
1579852
1579912
1579932
1580102
1580152
1580222
1580272
1580282
1580292
1580312
1580322
1580342
1580612
1580672
1580702
1580722
1580732
1580802
1580812
1580932
1580962
1580982
1580992
1581042
1581052
1581062
1581072
1581172
1581412
1581432
1581632
1581682
1581772
1581932
1581992
1582182
1582412
1582422
1582512
1582532
1582582
1582872
1582922
1583022
1583042
1583062
1583102
1583112
1583132
1583142
1583162
1583202
1583222
1583412
1583522
1583552
1583582
1583752
1583802
1583812
1583912
1583942
1583972
1583992
1584072
1584082
1584112
1584132
1584172
1584242
1584282
1584522
1584532
1584692
1584732
1584842
1584892
1585032
1585112
1585332
1585392
1585482
1585822
1585892
1586082
1586142
1586422
1586472
1586522
1586772
1586862
1586962
1586992
1587092
1587192
1587362
1587432
1587592
1587792
1587842
1587852
1587912
1587992
1588042
1588112
1588212
1588222
1588232
1588252
1588352
1588462
1588472
1588532
1588622
1588642
1588672
1588772
1588872
1588992
1589112
1589252
1589382
1589462
1589482
1589512
1589532
1589592
1589632
1589642
1591372
1591512
1591592
1591892
1592132
1592192
1592282
1592392
1592422
1592742
1592752
1592782
1592792
1592862
1592922
1592942
1592952
1593092
1593102
1593132
1593152
1593222
1593372
1593382
1593452
1593492
1593552
1593642
1593662
1593692
1593792
1593872
1593922
1594052
1594112
1594122
1594192
1594202
1594272
1594352
1594392
1594562
1594602
1594622
1594652
1594672
1594692
1594912
1595342
1595392
1595602
1595622
1595692
1595792
1595852
1595952
1595992
1596132
1596152
1596192
1596232
1596282
1596412
1596442
1596622
1596702
1596822
1596852
1596952
1597072
1597162
1597232
1597302
1597382
1597592
1597602
1597622
1597632
1597682
1597692
1597842
1597932
1598012
1598142
1598492
1598552
1598572
1598682
1598692
1598792
1598822
1598872
1598912
1599022
1599222
1599242
1599452
1599502
1599652
1599692
1599892
1599942
1599992
1600232
1600362
1600472
1600812
1600902
1600922
1600932
1600942
1600952
1600962
1600972
1600982
1600992
1601002
1601012
1601022
1601032
1601042
1601052
1601062
1601072
1601082
1601092
1601102
1601112
1601122
1601132
1601142
1601152
1601162
1601172
1601182
1601192
1601202
1601212
1601222
1601232
1601242
1601252
1601262
1601272
1601282
1601292
1601302
1601312
1601322
1601332
1601342
1601352
1601362
1601372
1601382
1601392
1601402
1601412
1601422
1601432
1601452
1601462
1601472
1601482
1601492
1601502
1601512
1601522
1601532
1601542
1601552
1601572
1601582
1601592
1601602
1601612
1601622
1601632
1601642
1601652
1601662
1601672
1601682
1601692
1601702
1601712
1601722
1601732
1601742
1601752
1601762
1601772
1601782
1601792
1601802
1601812
1601822
1601832
1601842
1601852
1601862
1601872
1601882
1601892
1601902
1601912
1601922
1601932
1601942
1601952
1601962
1601972
1601982
1601992
1602002
1602012
1602022
1602032
1602042
1602052
1602062
1602072
1602082
1602092
1602102
1602112
1602122
1602132
1602142
1602152
1602162
1602172
1602182
1602192
1602202
1602212
1602222
1602232
1602242
1602252
1602262
1602272
1602282
1602292
1602302
1602312
1602322
1602332
1602342
1602352
1602362
1602372
1602382
1602392
1602402
1602412
1602422
1602432
1602442
1602452
1602462
1602472
1602482
1602492
1602502
1602512
1602522
1602532
1602542
1602552
1602562
1602572
1602582
1602592
1602602
1602612
1602622
1602632
1602642
1602652
1602662
1602672
1602682
1602692
1602702
1602712
1602722
1602802
1602812
1602822
1602832
1602842
1602852
1602862
1602872
1602882
1602902
1602912
1602992
1603332
1603362
1603782
1603832
1603852
1603862
1603882
1603902
1603922
1603942
1603962
1603982
1604222
1604592
1604622
1604642
1604682
1604732
1604782
1604822
1605062
1605092
1605132
1605192
1605222
1605452
1605532
1605572
1605602
1605792
1606062
1606122
1606272
1606512
1606562
1607162
1607192
1607202
1607212
1607222
1607252
1607462
1607492
1607512
1607592
1607612
1607622
1607652
1607662
1607672
1607682
1607712
1607722
1608022
1608212
1608222
1608232
1608242
1608382
1608542
1608802
1609192
1609292
1609332
1609372
1609412
1609432
1609452
1609652
1609682
1609712
1609742
1609802
1609892
1610002
1610242
1610382
1610412
1610732
1610842
1610892
1610902
1610912
1610992
1611002
1611012
1611022
1611032
1611232
1611262
1611362
1611372
1611382
1611392
1611412
1611432
1611462
1611582
1611762
1611912
1612012
1612052
1612072
1612132
1612182
1613602
1613662
1613882
1613962
1615252
1615382
1615412
1615442
1615602
1615802
1615812
1615822
1616052
1616312
1616392
1616502
1616512
1616672
1616742
1616762
1616792
1616832
1616872
1616882
1616922
1617012
1617132
1617192
1617242
1617332
1617352
1617442
1617472
1617542
1617562
1617572
1617632
1617722
1617752
1618092
1618162
1618242
1618302
1618372
1618512
1618722
1618772
1618792
1619012
1619022
1619112
1619242
1619362
1619472
1619662
1619692
1619812
1619832
1619932
1619952
1620002
1620082
1620162
1620192
1620222
1620282
1620352
1620362
1620512
1620542
1620652
1620662
1620742
1620852
1620872
1620882
1620902
1620922
1620952
1621012
1621062
1621392
1621802
1621832
1622042
1622142
1622152
1622162
1622172
1622182
1622192
1622202
1622212
1622222
1622232
1622242
1622252
1622262
1622272
1622282
1622292
1622302
1622312
1622322
1622332
1622342
1622352
1622362
1622372
1622382
1622392
1622402
1622412
1622422
1622432
1622442
1622452
1622462
1622472
1622482
1622492
1622502
1622512
1622532
1622542
1622552
1622562
1622572
1622582
1622592
1622602
1622612
1622622
1622632
1622642
1622652
1622662
1622672
1622682
1622692
1622702
1622712
1622722
1622732
1622742
1622752
1622762
1622772
1622782
1622792
1622802
1622812
1622822
1622832
1622842
1622852
1622862
1622872
1622882
1622892
1622902
1622912
1622922
1622932
1622942
1622952
1622962
1622972
1622982
1622992
1623002
1623012
1623022
1623032
1623042
1623052
1623062
1623072
1623092
1623102
1623112
1623122
1623132
1623142
1623152
1623162
1623172
1623182
1623192
1623212
1623222
1623232
1623242
1623252
1623262
1623272
1623282
1623292
1623302
1623312
1623322
1623332
1623342
1623352
1623362
1623372
1623382
1623392
1623402
1623412
1623422
1623432
1623442
1623452
1623462
1623472
1623482
1623492
1624022
1624192
1624232
1624592
1624602
1624612
1624642
1624672
1624682
1625162
1625222
1625322
1625422
1625432
1625462
1625542
1625582
1625602
1625612
1625642
1625682
1625942
1625982
1626002
1626142
1626152
1626182
1626332
1626362
1626382
1626572
1626792
1626832
1627082
1627132
1627152
1627212
1627232
1627262
1627572
1627602
1627652
1627662
1627982
1628092
1628192
1628332
1628382
1628662
1628692
1628702
1628712
1628722
1628732
1628742
1628752
1628762
1628852
1629382
1629422
1629442
1629752
1629802
1629842
1629882
1629892
1629902
1629912
1629942
1629952
1629982
1629992
1630002
1630012
1630092
1630132
1630142
1630172
1630192
1630232
1630252
1630352
1630612
1630732
1630742
1630772
1630932
1630982
1631012
1631102
1631162
1631402
1631422
1631442
1631472
1631482
1631492
1631512
1631522
1631532
1631542
1631562
1631572
1631592
1631612
1631622
1631632
1631642
1631662
1631672
1631682
1631692
1631702
1631712
1631752
1631772
1631792
1631812
1631842
1631852
1631882
1631902
1631922
1631942
1632022
1632052
1632072
1632082
1632092
1632112
1632132
1632142
1632152
1632302
1632332
1632342
1632352
1632372
1632392
1632412
1632432
1632442
1632452
1632472
1632522
1632542
1632562
1632572
1632582
1632602
1632612
1632622
1632632
1632642
1632652
1632672
1632702
1632712
1632722
1632732
1632742
1632762
1632782
1632792
1632802
1632812
1633012
1633022
1633032
1633072
1633082
1633112
1633172
1633702
1633832
1633852
1633882
1633972
1634052
1634062
1634072
1634252
1634552
1634582
1634622
1634722
1634782
1634982
1635002
1635092
1635372
1635602
1635702
1635732
1635752
1635762
1635872
1635922
1636002
1636132
1636142
1636162
1636172
1636192
1636202
1637442
1637962
1637982
1638032
1638182
1638272
1638322
1638332
1638342
1638392
1638402
1638422
1638452
1638472
1638492
1638512
1638522
1638532
1638572
1638672
1638702
1638722
1638742
1638762
1638792
1638812
1638822
1638972
1638982
1638992
1639002
1639032
1639162
1639192
1639232
1639282
1639312
1639782
1640052
1640102
1640162
1640382
1640442
1640502
1640562
1640612
1640762
1640782
1640872
1640892
1640932
1640942
1640982
1640992
1641032
1641052
1641102
1641132
1641262
1641282
1641362
1641372
1641462
1641552
1641612
1641642
1641692
1641722
1641962
1642012
1642022
1642092
1642112
1642152
1642222
1642372
1642392
1642832
1642962
1643012
1643272
1643282
1643352
1643412
1643512
1643552
1643622
1643852
1644072
1644152
1644462
1644472
1644532
1644552
1644592
1644622
1644642
1644652
1644672
1644682
1644722
1644752
1644762
1644822
1644842
1644852
1644862
1644892
1644902
1644922
1644942
1644962
1644982
1645002
1645012
1645022
1645052
1645072
1645102
1645152
1645202
1645212
1645222
1645252
1645272
1645312
1645362
1645402
1645432
1645512
1645522
1645552
1645572
1645592
1645622
1645652
1645682
1645692
1645732
1645742
1645762
1645802
1645852
1645862
1645882
1645892
1645932
1645952
1645982
1645992
1646102
1646242
1646422
1646512
1646772
1646882
1646932
1646972
1646982
1646992
1647072
1647112
1647142
1647152
1647162
1647172
1647202
1647222
1647252
1647272
1647282
1647312
1647332
1647382
1647402
1647422
1647522
1647562
1647572
1647582
1647602
1647612
1647642
1647702
1647882
1647892
1647942
1647952
1648142
1648252
1648342
1648462
1648472
1648482
1648552
1648652
1648752
1648782
1648882
1648892
1648912
1648932
1649042
1649122
1649152
1649712
1649722
1649732
1649752
1649772
1649802
1649812
1649822
1649842
1649852
1649862
1649932
1649952
1649962
1649972
1649982
1649992
1650002
1650012
1650022
1650032
1650052
1650062
1650072
1650082
1650092
1650172
1650182
1650202
1650222
1650242
1650252
1650262
1650272
1650292
1650302
1650312
1650322
1650342
1650362
1650382
1650392
1650402
1650462
1650592
1652572
1652722
1652962
1653002
1653022
1653032
1653042
1653062
1653112
1653322
1653332
1653342
1653352
1653362
1653372
1653382
1653392
1653402
1653412
1653422
1653532
1653552
1653632
1653682
1653782
1654022
1654242
1654262
1654282
1654312
1654322
1654362
1654382
1654412
1654482
1654612
1654682
1654762
1654822
1654842
1655052
1655082
1655212
1655342
1655362
1655602
1655622
1655982
1656092
1656152
1656442
1656452
1656662
1656692
1656792
1656812
1657392
1657562
1657632
1657742
1657842
1658102
1658162
1658242
1658382
1658432
1658482
1658512
1658582
1658632
1658642
1658722
1659432
1659482
1659522
1659542
1659552
1659622
1659672
1659692
1659702
1659792
1659922
1660082
1660182
1660212
1661712
1661752
1662312
1662652
1662722
1662872
1662892
1662952
1663042
1663172
1663202
1663212
1663262
1663572
1663672
1663792
1663822
1663952
1664202
1664442
1664732
1664862
1664882
1664972
1665102
1665122
1665292
1665672
1666072
1666332
1666712
1666842
1666942
1666952
1666962
1667112
1667222
1667342
1667482
1667722
1667792
1667852
1667882
1667902
1667952
1667962
1668012
1668042
1668052
1668082
1668102
1668122
1668262
1668332
1668382
1668482
1668492
1668632
1668652
1668682
1668722
1668842
1668932
1669052
1669082
1669172
1669362
1669502
1669612
1669632
1669642
1669652
1669732
1670142
1670262
1670282
1670392
1670412
1670502
1670862
1670872
1670882
1670902
1671272
1671452
1671462
1671662
1671722
1672002
1672012
1672022
1672042
1672072
1672172
1672202
1672242
1672262
1672452
1672512
1672532
1672592
1672612
1672652
1672672
1672762
1672792
1672832
1672872
1672892
1672932
1672942
1672952
1672962
1672972
1673002
1673122
1673142
1673182
1673362
1673452
1673492
1673522
1673532
1673542
1673662
1673722
1673862
1673902
1674172
1674292
1674372
1674402
1674412
1674442
1674502
1674512
1674542
1674682
1674812
1674842
1674852
1674892
1674932
1675002
1675052
1675102
1675202
1675272
1675292
1675332
1675372
1675382
1675392
1675422
1675432
1675452
1675482
1675492
1675512
1675532
1675552
1675562
1675592
1675612
1675642
1675662
1675672
1675682
1675752
1675762
1675802
1675832
1675882
1675942
1675962
1676002
1676032
1676112
1676142
1676152
1676172
1676242
1676322
1676342
1676372
1676502
1676552
1676582
1676612
1676682
1676712
1676742
1676792
1676822
1676982
1676992
1677012
1677042
1677142
1677182
1677212
1677402
1677672
1677782
1678152
1678202
1678322
1678362
1678462
1678582
1678612
1678652
1678692
1678752
1678802
1679112
1679122
1679162
1679222
1679612
1679632
1679642
1679802
1679822
1679832
1679862
1679892
1680242
1680282
1680332
1680622
1680972
1681012
1681072
1681112
1681432
1681442
1681462
1681482
1681502
1681522
1681542
1681572
1681722
1681762
1681782
1681812
1681962
1682122
1682252
1682362
1682412
1682432
1682482
1682522
1682542
1682552
1682562
1682572
1682642
1682932
1682982
1683122
1683482
1683502
1683512
1683622
1683902
1683952
1683972
1684132
1684172
1684592
1684642
1684822
1684832
1684852
1684862
1684932
1685132
1685192
1685202
1685242
1685302
1685702
1687252
1687272
1687282
1687292
1687372
1687542
1687652
1687732
1687812
1688072
1688102
1688112
1688122
1688152
1688172
1688202
1688222
1688252
1688272
1688292
1688302
1688322
1688332
1688342
1688362
1688412
1688422
1688432
1688452
1688472
1688752
1688772
1688802
1688932
1689032
1689042
1689052
1689082
1689112
1689122
1689202
1689222
1689272
1689352
1689372
1689382
1689582
1689622
1689632
1689692
1689722
1689782
1689892
1689932
1689982
1690022
1690052
1690102
1690132
1690142
1690182
1690192
1690232
1690282
1690292
1690302
1690312
1690322
1690332
1690362
1690382
1690412
1690432
1690452
1690462
1690482
1690492
1690512
1690552
1690562
1690592
1690602
1690622
1690632
1690762
1690872
1690882
1690922
1690962
1691022
1691112
1691172
1691212
1691232
1691302
1691342
1691382
1691452
1691512
1691822
1691832
1691852
1691862
1691872
1691882
1691982
1692602
1692692
1692742
1692852
1693222
1693412
1693532
1693612
1693682
1693852
1693862
1693872
1694062
1694082
1694162
1694262
1694362
1694382
1694552
1694712
1695072
1695172
1695312
1695402
1695632
1695802
1695812
1695822
1695922
1696072
1696082
1696342
1696422
1696482
1696552
1696562
1696652
1696802
1696842
1696892
1697012
1697182
1697212
1697392
1697442
1697472
1697722
1697752
1697832
1698102
1698742
1698842
1698862
1698872
1698902
1698922
1698942
1699002
1699012
1699022
1699032
1699112
1699172
1699242
1699282
1699292
1699482
1699642
1699852
1699862
1699962
1700032
1700242
1700312
1700382
1700432
1700552
1700792
1700802
1700862
1701082
1701132
1701152
1701212
1701252
1701272
1701342
1701382
1701402
1701442
1701582
1701722
1701792
1701882
1701892
1701972
1701982
1702002
1702022
1702072
1702162
1702172
1702372
1702432
1702462
1702532
1702552
1702622
1702692
1702762
1702832
1703142
1703162
1703322
1703822
1703852
1704232
1704242
1704272
1704292
1704372
1704382
1704422
1704462
1704902
1705172
1705612
1705632
1705872
1705882
1706192
1706222
1706352
1706532
1706662
1706782
1706842
1707062
1707082
1707122
1707252
1707362
1707552
1707952
1708302
1708772
1708942
1708962
1709022
1709112
1709122
1709152
1709432
1709442
1709492
1709562
1709572
1709822
1709872
1709932
1709952
1710102
1710132
1710162
1710172
1710202
1710262
1710312
1710402
1710502
1710522
1710572
1710942
1710992
1711012
1711032
1711092
1711202
1711242
1711262
1711292
1711302
1711322
1711412
1711492
1711522
1711532
1711582
1711932
1712912
1713462
1713542
1713572
1713582
1713592
1713602
1713622
1713632
1713672
1713962
1713982
1714002
1714022
1714182
1714192
1714222
1714272
1714302
1714322
1714402
1714512
1714802
1714812
1714852
1714902
1714942
1714972
1715012
1715052
1715062
1715242
1715632
1715872
1716032
1716062
1716102
1716112
1716422
1716442
1716462
1716532
1716562
1716592
1716622
1716722
1716772
1717042
1717072
1717322
1717682
1717712
1717802
1717842
1717932
1718072
1718152
1718182
1718502
1718522
1718532
1718772
1718782
1718792
1718822
1718832
1718872
1718922
1718972
1718992
1719002
1719032
1719082
1719232
1719272
1719302
1719462
1719502
1719532
1719542
1719652
1720162
1720252
1720342
1720402
1720412
1720422
1720442
1720472
1720532
1720572
1720622
1720632
1720852
1720932
1721012
1721052
1721082
1721102
1721112
1721162
1721172
1721182
1721202
1721222
1721242
1721282
1721342
1721462
1721482
1721512
1721932
1722132
1722392
1723052
1723122
1723172
1723232
1723402
1723442
1723902
1724332
1724422
1724452
1724592
1724682
1724882
1725012
1725062
1725082
1725242
1725372
1725452
1725462
1725472
1726052
1726082
1726122
1726142
1726212
1726252
1726292
1726452
1726582
1726612
1726642
1726672
1726722
1726762
1726892
1727002
1727032
1727262
1727342
1727382
1727392
1727422
1727462
1727502
1727532
1727542
1727572
1727622
1727642
1727672
1727692
1727712
1727732
1727852
1727882
1727892
1727902
1727922
1727942
1727962
1727972
1727982
1727992
1728002
1728032
1728042
1728052
1728062
1728082
1728092
1728132
1728142
1728152
1728182
1728212
1728222
1728332
1728362
1728442
1728452
1728532
1728572
1728632
1728642
1728702
1728722
1728742
1728752
1728762
1728792
1728892
1729032
1729082
1729412
1729732
1729792
1729982
1730032
1730052
1730162
1730222
1730252
1730302
1730362
1730382
1730392
1730412
1730432
1730452
1730472
1730492
1730532
1730582
1730662
1730682
1730702
1730712
1730872
1730912
1730932
1730982
1730992
1731002
1731022
1731042
1731062
1731072
1731082
1731092
1731132
1731152
1731192
1731212
1731252
1731262
1731272
1731312
1731322
1731442
1731852
1731872
1732022
1732092
1732102
1732252
1732382
1732392
1732402
1732412
1732422
1732442
1732452
1732462
1732532
1732552
1732562
1732602
1732612
1732622
1732632
1732642
1732682
1732702
1732712
1732752
1732772
1732782
1732802
1732812
1732822
1732832
1732852
1732962
1732972
1733112
1733122
1733352
1733482
1733492
1733622
1733662
1733762
1733782
1733812
1734052
1734122
1734202
1734252
1734292
1734372
1734802
1734822
1734882
1734902
1735012
1735072
1735262
1735342
1735522
1735652
1735722
1735812
1735822
1736182
1736222
1736232
1736242
1736282
1736722
1737142
1737152
1737392
1737492
1737562
1737582
1737612
1737712
1737722
1737832
1737862
1737922
1737982
1738012
1738032
1738072
1738082
1738152
1738202
1738262
1738482
1738492
1738592
1738722
1738752
1738792
1738812
1738822
1738852
1738882
1738892
1738912
1738922
1738952
1739012
1739032
1739052
1739072
1739082
1739092
1739142
1739162
1739212
1739242
1739292
1739302
1739332
1739342
1739362
1739682
1739792
1739802
1739862
1739972
1740052
1740062
1740122
1740272
1740512
1740652
1740772
1740812
1740822
1740872
1740882
1740892
1740942
1741362
1741412
1741422
1741432
1741442
1741612
1742062
1742192
1742202
1742502
1742592
1742602
1742712
1742732
1742882
1743082
1743132
1743282
1743322
1743342
1743472
1743512
1743562
1743692
1743702
1743802
1743862
1743892
1743952
1744802
1744992
1745012
1745222
1745332
1745522
1745682
1745702
1745762
1745832
1745882
1745962
1746022
1746072
1746142
1746192
1746232
1746262
1746352
1746382
1746402
1746542
1746632
1746782
1746822
1747232
1747312
1747332
1747362
1747472
1747512
1747532
1747542
1747582
1747782
1747932
1748012
1748032
1748072
1748082
1748132
1748432
1748762
1748842
1749172
1749192
1749482
1749612
1750052
1750382
1750442
1750582
1750862
1751262
1751412
1751972
1753502
1753592
1753842
1753872
1754122
1754182
1754212
1754322
1754722
1754762
1754782
1754792
1755032
1755182
1755282
1755332
1755352
1755382
1755552
1755662
1755702
1755712
1755752
1755762
1755782
1755792
1755862
1755952
1755972
1756012
1756042
1756052
1756112
1756132
1756212
1756362
1756472
1756632
1756682
1756692
1756762
1756782
1756802
1756832
1756842
1756992
1757002
1757052
1757342
1757482
1757642
1757662
1757782
1758132
1758152
1758172
1758202
1758252
1758352
1758462
1758582
1758592
1758622
1759072
1759642
1759902
1759922
1759972
1760172
1760572
1760702
1760712
1760772
1760802
1761002
1761012
1761032
1761332
1761382
1761512
1761662
1761672
1761702
1761802
1761822
1761832
1761842
1761872
1761922
1761962
1762072
1762132
1762192
1762352
1762472
1762682
1762692
1762702
1762882
1763172
1763242
1763272
1763442
1763452
1763462
1763472
1763532
1763542
1763592
1763642
1764012
1764022
1764492
1764692
1764912
1765092
1765122
1765282
1765392
1765442
1765452
1765492
1765692
1765902
1766042
1766162
1766212
1766282
1766322
1766402
1766412
1766422
1766582
1766782
1766852
1766942
1766992
1767012
1767142
1767212
1767422
1767512
1767782
1768182
1768242
1768492
1768592
1768642
1768652
1768732
1768762
1768812
1768842
1768852
1768882
1768922
1768972
1769062
1769322
1769412
1769422
1769442
1769522
1770012
1770022
1770162
1770172
1770202
1770212
1770322
1770512
1770632
1771552
1771572
1771702
1772122
1772262
1772282
1772352
1773082
1773212
1773462
1773752
1773762
1774242
1774342
1774452
1774662
1774672
1774702
1774792
1774922
1775162
1775262
1775352
1775362
1775382
1775492
1775552
1775582
1775592
1775652
1775692
1776322
1776352
1776412
1776612
1776692
1776712
1776902
1777082
1777112
1777262
1777282
1777302
1777582
1777862
1777952
1778022
1778062
1778552
1778562
1778762
1778962
1779142
1779372
1779502
1779672
1779902
1779922
1780002
1780062
1780192
1780212
1780302
1780332
1780382
1780402
1780432
1780502
1780602
1780612
1780662
1780702
1780742
1780752
1780852
1780932
1780992
1781062
1781142
1781552
1781802
1781922
1782002
1782072
1782172
1782232
1782242
1782282
1782292
1782502
1782582
1782892
1782942
1782992
1783212
1783242
1783272
1783722
1783732
1783862
1783932
1783952
1783982
1784112
1784232
1784342
1784482
1784712
1784842
1784962
1785112
1785212
1785372
1785382
1785422
1785442
1785512
1785582
1785622
1785632
1785652
1785872
1786022
1786322
1786622
1786662
1786712
1786782
1786802
1786832
1786992
1787042
1787142
1787262
1787492
1787512
1787542
1787572
1787582
1787632
1787722
1787732
1787762
1787812
1787862
1787882
1788122
1788522
1788602
1788632
1788642
1788782
1788892
1788962
1789082
1789112
1789402
1789462
1789682
1789762
1789892
1790062
1790502
1790742
1791062
1791252
1791382
1791432
1791482
1791542
1791752
1791972
1792052
1792082
1792112
1792132
1792192
1792272
1792332
1792512
1792642
1792772
1792942
1793052
1793072
1793202
1793542
1793552
1793592
1793652
1793722
1793802
1793892
1794022
1794182
1794262
1794302
1794342
1794352
1794672
1794732
1794892
1795082
1795472
1795562
1795752
1795782
1795792
1795882
1795892
1795952
1796012
1796172
1796252
1796292
1796372
1796382
1796632
1796782
1797412
1797562
1798172
1798192
1798412
1798522
1798532
1798732
1799112
1799422
1799622
1800222
1800272
1800362
1800372
1800462
1800642
1800842
1800922
1801362
1801442
1801512
1801582
1801702
1801752
1802112
1802322
1802502
1802542
1802732
1803072
1804132
1804322
1804402
1804512
1804532
1804542
1804622
1804812
1806422
1808822
1809072
1809552
1809662
1809682
1809712
1809722
1809732
1809742
1809752
1809802
1810262
1810782
1810822
1810842
1810862
1810882
1810922
1810962
1810982
1811032
1811062
1811182
1811232
1814742
1814772
1814812
1814822
1814832
1814842
1814862
1814872
1814882
1814962
1815012
1815022
1815242
1815252
1815282
1815312
1815322
1815332
1815342
1815402
1815502
1815562
1815612
1815742
1815842
1815952
1816172
1816502
1816542
1816572
1816652
1816732
1816762
1816862
1816892
1817012
1817042
1817272
1817282
1817342
1817402
1817452
1817462
1817612
1817632
1817792
1817802
1818152
1818222
1818252
1818292
1818302
1818352
1818452
1818512
1818582
1818662
1819072
1819132
1819382
1819542
1819642
1819712
1819742
1819922
1820012
1820032
1820112
1820132
1820142
1820212
1820282
1820402
1820552
1820592
1820612
1820642
1820682
1820812
1821032
1821062
1821082
1821182
1821292
1821382
1821422
1821432
1821442
1821462
1821552
1821632
1821802
1821822
1822432
1822442
1822462
1822482
1822502
1822752
1823162
1823442
1823512
1823642
1823692
1823702
1823782
1823812
1823862
1823892
1823942
1824072
1824182
1824232
1824392
1824452
1824652
1824662
1824862
1824892
1824912
1824952
1825072
1825082
1825102
1825152
1825442
1825532
1825752
1825792
1825812
1825902
1826032
1826082
1826232
1826432
1826532
1826552
1826612
1826702
1826772
1826822
1826872
1827122
1827332
1827472
1827482
1827622
1827642
1827682
1827722
1827932
1828002
1828142
1828152
1828222
1828272
1828292
1828432
1828562
1828612
1828682
1828742
1828762
1828912
1828942
1828972
1829002
1829022
1829062
1829162
1829232
1829252
1829282
1829322
1829392
1829432
1829452
1829592
1829642
1829692
1829732
1829742
1829762
1829822
1829872
1829892
1829942
1829972
1829982
1830042
1830122
1830242
1830262
1830312
1830332
1830372
1830422
1830522
1830862
1830942
1831022
1831032
1831082
1831152
1831202
1831242
1831282
1831292
1831312
1831392
1831482
1831532
1831602
1831662
1831702
1831712
1831742
1831792
1831822
1831842
1831942
1832012
1832112
1832132
1832252
1832352
1832362
1832422
1832742
1832752
1833142
1833222
1833272
1833542
1833562
1833732
1833912
1834102
1834172
1834372
1834442
1834532
1834822
1834862
1835022
1835212
1835222
1835402
1835592
1835852
1836012
1836352
1836402
1836432
1836482
1836582
1836632
1836692
1836712
1836802
1837052
1837072
1837082
1837092
1837122
1837132
1838012
1838752
1838972
1839022
1839262
1839292
1839482
1839512
1839542
1839552
1839582
1839592
1839622
1839652
1839842
1840382
1840402
1840442
1840622
1840702
1840742
1840862
1840952
1840962
1840992
1841042
1841152
1841352
1841932
1841942
1841982
1842082
1842212
1842232
1842252
1842282
1842342
1842382
1842692
1842922
1843232
1843242
1843272
1843462
1843772
1843812
1844032
1844042
1844122
1844202
1844342
1844532
1844572
1845062
1845902
1846532
1846862
1847112
1847352
1847492
1847552
1847652
1847822
1847852
1848032
1848122
1848172
1848222
1848252
1848262
1848352
1848472
1848562
1848722
1848742
1848772
1848822
1848872
1848882
1849022
1849032
1849042
1849102
1849182
1849402
1849512
1849652
1849692
1849762
1849792
1849822
1849902
1849942
1849972
1850142
1850302
1850412
1850512
1850742
1850992
1851462
1851532
1851742
1851752
1851922
1851932
1852212
1852242
1852532
1852752
1853062
1853172
1853252
1853372
1853892
1854122
1854152
1854572
1854612
1854772
1854842
1854952
1855282
1855442
1855472
1855832
1856302
1856352
1856442
1856462
1856672
1857332
1857732
1857852
1857912
1858032
1858162
1858322
1858342
1858392
1858422
1858452
1858522
1858562
1858572
1858582
1858602
1858682
1858712
1858852
1858892
1858902
1858942
1859122
1859172
1859222
1859292
1859312
1859322
1859372
1859402
1859412
1859592
1859692
1859852
1859972
1860092
1860232
1860312
1860592
1860672
1860752
1860782
1860792
1860872
1861132
1861182
1861212
1861292
1861322
1861412
1861562
1861682
1861862
1861932
1862012
1862062
1862082
1862132
1862142
1862402
1862712
1862762
1862922
1862952
1863012
1863062
1863112
1863172
1863232
1863432
1863632
1863662
1863832
1863912
1864252
1864582
1864852
1864932
1864992
1865002
1865372
1865422
1865492
1865512
1865592
1865632
1865872
1865902
1866002
1866102
1866152
1866232
1866242
1866382
1866402
1866482
1866552
1866622
1866692
1866862
1866972
1867262
1867412
1867592
1867742
1868172
1868202
1868512
1868532
1868592
1868652
1868732
1868802
1868822
1868922
1868952
1869012
1869122
1869302
1869812
1869822
1870122
1870282
1870372
1870382
1870462
1870662
1870982
1871302
1871482
1871682
1871772
1872082
1872202
1872452
1872692
1872722
1872842
1873092
1873192
1873292
1873342
1873442
1873572
1873582
1873602
1873632
1873682
1873732
1873762
1873992
1874022
1874072
1874292
1874352
1874372
1874382
1874442
1874502
1874682
1874742
1874782
1874822
1874852
1875692
1875872
1876012
1876042
1876092
1876292
1876352
1876392
1876432
1876472
1876572
1876672
1876872
1876882
1876992
1877002
1877032
1877052
1877122
1877142
1877152
1877162
1877172
1877182
1877202
1877212
1877222
1877242
1877262
1877282
1877332
1877362
1877582
1877822
1877942
1878082
1878262
1878292
1878382
1878412
1879222
1879492
1879642
1879652
1879662
1879672
1879742
1879782
1879812
1879822
1879842
1879852
1879892
1879932
1879962
1880052
1880072
1880212
1880232
1880342
1880552
1880622
1881012
1881052
1881852
1881972
1882042
1882242
1882892
1882982
1882992
1883132
1883252
1883282
1883322
1883502
1883662
1883842
1885962
1886072
1886152
1886172
1886182
1886342
1886402
1886582
1886922
1886962
1887022
1887202
1887532
1887712
1887902
1888042
1888412
1888522
1888882
1889132
1889162
1889192
1889222
1889272
1889302
1889992
1890092
1890142
1890272
1890282
1890292
1890372
1890592
1890722
1890882
1890992
1891042
1891242
1891252
1891392
1891502
1891552
1891812
1892072
1892302
1892452
1892702
1892802
1893052
1893332
1893442
1893592
1893622
1893702
1893812
1894472
1894602
1894672
1894812
1894942
1894962
1895002
1895062
1895282
1895832
1895972
1895992
1896062
1896182
1896292
1896392
1896682
1896872
1896932
1896952
1896992
1897072
1897202
1897222
1897262
1897312
1897362
1897372
1897382
1897682
1898672
1899002
1899072
1899222
1899232
1899552
1899572
1899592
1899742
1899812
1899882
1900042
1900152
1900192
1900222
1900462
1900502
1900622
1900752
1900862
1901102
1901192
1901542
1901802
1901852
1901862
1901882
1902322
1902412
1902522
1902622
1902642
1902732
1902792
1902862
1903072
1903192
1903292
1903492
1903582
1903942
1904072
1904332
1904372
1904512
1904542
1904642
1904722
1904832
1904962
1904992
1905072
1905092
1905202
1905212
1905232
1905402
1905562
1905652
1905882
1906042
1906072
1906642
1907122
1907152
1907162
1907212
1907232
1907352
1907362
1907432
1907582
1907842
1907932
1908002
1908022
1908152
1908272
1908312
1908462
1908952
1909132
1909172
1909252
1909452
1909462
1909572
1909592
1909612
1909622
1909632
1909642
1909792
1909912
1910022
1910112
1910122
1910152
1910172
1910242
1910352
1910832
1910942
1911022
1911152
1911172
1911362
1911592
1911712
1911762
1911922
1911982
1912032
1912422
1912882
1913122
1913592
1914272
1914792
1915092
1915172
1915452
1915512
1915592
1915862
1916082
1916612
1916692
1916752
1916972
1917072
1917192
1917252
1917342
1917682
1917782
1918142
1918262
1918322
1918392
1918442
1918502
1918602
1918612
1919002
1919022
1919622
1919672
1919932
1919952
1920042
1920172
1920292
1920382
1920422
1920622
1920672
1920692
1920722
1920832
1920842
1920922
1921062
1921202
1921272
1921362
1922162
1922592
1922832
1923462
1924302
1924912
1925082
1925112
1925232
1925482
1925522
1925662
1926042
1926262
1926312
1927722
1928352
1929362
1930642
1930942
1931592
1931652
1931772
1931842
1931902
1932022
1932572
1936952
1939712
1939862
1939932
1939942
1940032
1940052
1940092
1940112
1940162
1940202
1940462
1940722
1941112
1941212
1941292
1941352
1941452
1941522
1941612
1941852
1942052
1942072
1942242
1942332
1942412
1942462
1942562
1942652
1942782
1942822
1942872
1942892
1943002
1943052
1943112
1943122
1943252
1943532
1943642
1943832
1943852
1943922
1944202
1944252
1944372
1944582
1945102
1945292
1945362
1945412
1945582
1945612
1945642
1945752
1945872
1945942
1946042
1946242
1946692
1946702
1946752
1946792
1947062
1947102
1947252
1947432
1947482
1947572
1947692
1947742
1947802
1948062
1948372
1948432
1948472
1948482
1948582
1948842
1949052
1949062
1949072
1949142
1949402
1949412
1949492
1949542
1949592
1949892
1950132
1950162
1950452
1950532
1950582
1950722
1950772
1950792
1950802
1950822
1950862
1951372
1951632
1952272
1952302
1952422
1952452
1952492
1952672
1952682
1953142
1953302
1953432
1953482
1953922
1954192
1954452
1954482
1954502
1954512
1954522
1954672
1954712
1954832
1954982
1955102
1955342
1955382
1955972
1956312
1956332
1956492
1956892
1957052
1957352
1957462
1957502
1957652
1957672
1957822
1957852
1958472
1958692
1959182
1959362
1959472
1959522
1959542
1959602
1959612
1959852
1959902
1959912
1960192
1960452
1960512
1960522
1960532
1961042
1961062
1961162
1961242
1961452
1961582
1961592
1961602
1961612
1961632
1961642
1961692
1961702
1961742
1961832
1961882
1961912
1961942
1961952
1961982
1962002
1962052
1962072
1962152
1962182
1962192
1962262
1962292
1962322
1962342
1962532
1962572
1962592
1962752
1962792
1963052
1963132
1963192
1963272
1963392
1963412
1963612
1963622
1963792
1963912
1964242
1964272
1964382
1964522
1964552
1964612
1964802
1964812
1964822
1964882
1964942
1964952
1965132
1965332
1965382
1965562
1965832
1965852
1965882
1965902
1966042
1966432
1966592
1966762
1966872
1967132
1967252
1967292
1967352
1967382
1968212
1968262
1968472
1969072
1969152
1969232
1969372
1969422
1969562
1969712
1969732
1969742
1969752
1969762
1969772
1969782
1969822
1969832
1969902
1969912
1970112
1970182
1970192
1970202
1970462
1970582
1970742
1970752
1970762
1970832
1970852
1971012
1971042
1971062
1971112
1971122
1971142
1971152
1971192
1971202
1971272
1971282
1971632
1971642
1971652
1971782
1971842
1971862
1971902
1971912
1971942
1972042
1972072
1972272
1972282
1972292
1972572
1972592
1972602
1972632
1972652
1972672
1972682
1972932
1973052
1973132
1973332
1973342
1973352
1973472
1973482
1973492
1973502
1973512
1973522
1973532
1973542
1974542
1974552
1974562
1974822
1974832
1975362
1975482
1975632
1975832
1975872
1975932
1976152
1976202
1976312
1976322
1976362
1976382
1976432
1976482
1976582
1976902
1977392
1977402
1977442
1977462
1977802
1978182
1978332
1978372
1978532
1978692
1978832
1978982
1979082
1979152
1979262
1979272
1979352
1979542
1979552
1979692
1980052
1980082
1980132
1980212
1980302
1980332
1980702
1980752
1980782
1980992
1981262
1981292
1981422
1981602
1981702
1981832
1981862
1982022
1982102
1982112
1982472
1982852
1982862
1983072
1983202
1983242
1983272
1983322
1983332
1983392
1983572
1983762
1983782
1983962
1984022
1984152
1984392
1984482
1985082
1985102
1985392
1985462
1985812
1985962
1986102
1986172
1986342
1986352
1986422
1986442
1986462
1986652
1986662
1986672
1986782
1986792
1986842
1986852
1986862
1987042
1987112
1987762
1987792
1987972
1988002
1988092
1988112
1988132
1988152
1988202
1988212
1988222
1988252
1988272
1988302
1988312
1988352
1988382
1988392
1988412
1988452
1988492
1988512
1988522
1988532
1988542
1988552
1988632
1988642
1988662
1988702
1988722
1988732
1988752
1988782
1988822
1988842
1988852
1988862
1988902
1989032
1989112
1989162
1989362
1989412
1989492
1989502
1989512
1989542
1989582
1989632
1989692
1989812
1990112
1990122
1990132
1990142
1990182
1990202
1990212
1990222
1990242
1990262
1990332
1990362
1990702
1990962
1991712
1991812
1991832
1992082
1992212
1993242
1993392
1995102
1995112
1995142
1995172
1995192
1995202
1995222
1995232
1995242
1995252
1995262
1995272
1995282
1995292
1995302
1995312
1995322
1995332
1995342
1995352
1995372
1995382
1995392
1995402
1995902
1995952
1995982
1995992
1996002
1996202
1996212
1996222
1996292
1996302
1996352
1996662
1996672
1998302
1999972
1999982
1999992
2000012
2000062
2000122
2000162
2000252
2000422
2000482
2000602
2000762
2000912
2000942
2000992
2001182
2001282
2001442
2001782
2001832
2001942
2002012
2002022
2002052
2002072
2002182
2002192
2002222
2002242
2002252
2002272
2002292
2002302
2002312
2002342
2002362
2002512
2002532
2002602
2002632
2002652
2002692
2002702
2002712
2002732
2002742
2002772
2002792
2002802
2002842
2003022
2003032
2003062
2003082
2003112
2003432
2003522
2003542
2003562
2003582
2003732
2003742
2003782
2003792
2003842
2003892
2003912
2003952
2003962
2003982
2003992
2004002
2004012
2004322
2004372
2004512
2005432
2005442
2005652
2005792
2006462
2006622
2006942
2007572
2007662
2007702
2007762
2007872
2007982
2008012
2009142
2009282
2009392
2009432
2009442
2009662
2010052
2010102
2010112
2010122
2010172
2010362
2010422
2010652
2010672
2010892
2011232
2011252
2011702
2011752
2012152
2012792
2012912
2012952
2013012
2013032
2013042
2013082
2013142
2013162
2013172
2013202
2013212
2013242
2013422
2013542
2013902
2014222
2014252
2015042
2015162
2015432
2015782
2016362
2024352
2026202
2026222
2026382
2026422
2026452
2026472
2026512
2026542
2026572
2026592
2026612
2026642
2026682
2026772
2026792
2026812
2026862
2026872
2026882
2026892
2026902
2026912
2026932
2027122
2027162
2027512
2027862
2027922
2028022
2028212
2028412
2028432
2028442
2028532
2028642
2028662
2028782
2028832
2029142
2029292
2029362
2029622
2029772
2029932
2030032
2030042
2030152
2030162
2030462
2030492
2030652
2030742
2030762
2030852
2030862
2030912
2030962
2031022
2031042
2031082
2031102
2031132
2031202
2031212
2031352
2031572
2031602
2031612
2031632
2031752
2031852
2031912
2031942
2032182
2032322
2032362
2032382
2034092
2034572
2034902
2035212
2035362
2035482
2035522
2035582
2035602
2035722
2036092
2036802
2037682
2037762
2037892
2038072
2038362
2038462
2038502
2038722
2038822
2039242
2039462
2039532
2039552
2039582
2039782
2039982
2040132
2040222
2040422
2040512
2040522
2040612
2040912
2041212
2041262
2041592
2042272
2042402
2042452
2042482
2042542
2042572
2042852
2043412
2043502
2044102
2044342
2044492
2044652
2045032
2045132
2045812
2045982
2046082
2046232
2046452
2046622
2046782
2046882
2047072
2047122
2047332
2047362
2047662
2047692
2047752
2048152
2048192
2048212
2048332
2048562
2048922
2049812
2050492
2050542
2050552
2050572
2050592
2050602
2050622
2050632
2050652
2051312
2051332
2051372
2051392
2051432
2051482
2051502
2051512
2051522
2051542
2051782
2052262
2052422
2052632
2053332
2053472
2053812
2053972
2054022
2054042
2054132
2054152
2054172
2054182
2054242
2054402
2054502
2054642
2054692
2054922
2055112
2055222
2055342
2055452
2055812
2055992
2056072
2056152
2056222
2056252
2056292
2056472
2056522
2056532
2056612
2056622
2056632
2056662
2056692
2056772
2056892
2056972
2057002
2057022
2057122
2057512
2057642
2057662
2057672
2057832
2058062
2058342
2058752
2058802
2058812
2058882
2058972
2059392
2059412
2059422
2059512
2059682
2059692
2059732
2059772
2059822
2059862
2060082
2060172
2060292
2060332
2060362
2060452
2060472
2060532
2060572
2060642
2060662
2060742
2060772
2060952
2061062
2061122
2061132
2061222
2061232
2061292
2061322
2061362
2061422
2061452
2061582
2061742
2061882
2061952
2062022
2062432
2062802
2062822
2062892
2062912
2062922
2062972
2063052
2063242
2063662
2063852
2063872
2064082
2064102
2064132
2064152
2064172
2064182
2064572
2064622
2064762
2064942
2064972
2065152
2065182
2065202
2065382
2065502
2065582
2065682
2065812
2065822
2066102
2066402
2066592
2066612
2066662
2066682
2067732
2067742
2067832
2068102
2068142
2068242
2068512
2068902
2068992
2069092
2069102
2069132
2069152
2069162
2069172
2069312
2069512
2069522
2069842
2070032
2070112
2070272
2070632
2070872
2071002
2071092
2071262
2071472
2071512
2071692
2071722
2071742
2071752
2071842
2071862
2071922
2071932
2071952
2071972
2071982
2071992
2072212
2072242
2072432
2072652
2072872
2073072
2073112
2073122
2073192
2073242
2073252
2073262
2073292
2073322
2073372
2073462
2073482
2073492
2073602
2073622
2074062
2074272
2074372
2074412
2074552
2074682
2074692
2074702
2074722
2074882
2075192
2075312
2075492
2075962
2075992
2076092
2076242
2076252
2076292
2076492
2076532
2076552
2076582
2076612
2076662
2076712
2076722
2076782
2076812
2076872
2076932
2077202
2077252
2077302
2077342
2077442
2077452
2077502
2077512
2077532
2077562
2077572
2077612
2077642
2077652
2077692
2077722
2077732
2077792
2077832
2077842
2077852
2077932
2078002
2078092
2078112
2078282
2078482
2078542
2078562
2078572
2078602
2078692
2078982
2079072
2079262
2079422
2079842
2079972
2080052
2080182
2080372
2080392
2080682
2080852
2080902
2081142
2081162
2081242
2081362
2081382
2081402
2081482
2081492
2081512
2081642
2081682
2081692
2081722
2081762
2081772
2081862
2081912
2081942
2081992
2082052
2082072
2082152
2082262
2082302
2082382
2082392
2082432
2082492
2082502
2082512
2082532
2082582
2082602
2082622
2082672
2082752
2082802
2082862
2082882
2082952
2082962
2082972
2083012
2083042
2083062
2083102
2083132
2083152
2083172
2083202
2083222
2083232
2083332
2083452
2083582
2083792
2083852
2083962
2084062
2084432
2084452
2084462
2084472
2084482
2084492
2084522
2084532
2084882
2084892
2084972
2085032
2085042
2085052
2085142
2086802
2086922
2086942
2086972
2087012
2087022
2087032
2087042
2087082
2087112
2087132
2087702
2087762
2088302
2088422
2088462
2088472
2088922
2089422
2089532
2089542
2089612
2089622
2089962
2089972
2090192
2090292
2090562
2090592
2090602
2091012
2091062
2091312
2091332
2091872
2091952
2092052
2092392
2092592
2093152
2093332
2093362
2094222
2094322
2094362
2094462
2094472
2094572
2094592
2094622
2094632
2094652
2095092
2095162
2095272
2095522
2095702
2095732
2095992
2096052
2096312
2096372
2096382
2096472
2096522
2096562
2096582
2096832
2096912
2097312
2097442
2097642
2097762
2097912
2098102
2098182
2098262
2098372
2098512
2098522
2098552
2098612
2098632
2098702
2098762
2099092
2099122
2099602
2100032
2100082
2100132
2100252
2100272
2100472
2100892
2101162
2101442
2102162
2102212
2102242
2102402
2102552
2102652
2102822
2103302
2103432
2104142
2104202
2104302
2104312
2104392
2104402
2104472
2104522
2104542
2104582
2104592
2104622
2104652
2104662
2104812
2105062
2105152
2105232
2105852
2105912
2106512
2106522
2106592
2106882
2106892
2106932
2106972
2106992
2107002
2107182
2107292
2107302
2107512
2107522
2107542
2107572
2107602
2107612
2107622
2107632
2107652
2107662
2107672
2107682
2107692
2107712
2107722
2107732
2107742
2107752
2107762
2107772
2107782
2107802
2107812
2107822
2107832
2107852
2107872
2107882
2107892
2107922
2107932
2107942
2107952
2108602
2108652
2108672
2108702
2108752
2108762
2108772
2109232
2109582
2109592
2109602
2109622
2109632
2109642
2109662
2109672
2109682
2109692
2109702
2109712
2109722
2109742
2109752
2109762
2109782
2109792
2109802
2109832
2109842
2109852
2109862
2109872
2109892
2109902
2109912
2109922
2109942
2109952
2109962
2109972
2109982
2109992
2110012
2110022
2110032
2110052
2110062
2110082
2110092
2110102
2110112
2110122
2110132
2110142
2110152
2110162
2110172
2110182
2110192
2110202
2110222
2110232
2110242
2110252
2110262
2110272
2110282
2110292
2110302
2110312
2110322
2110332
2110342
2110352
2110372
2110382
2110392
2110402
2110412
2110422
2110432
2110442
2110452
2110462
2110472
2110482
2110492
2110502
2110512
2110522
2110532
2110542
2110552
2110562
2110572
2110582
2110592
2110602
2110612
2110622
2110642
2110662
2110682
2110692
2110702
2110712
2110722
2110732
2110742
2110752
2110762
2110772
2110782
2110792
2110802
2110822
2110832
2110842
2110862
2110872
2110882
2110892
2110902
2110912
2110922
2110932
2110942
2110952
2110962
2110972
2111022
2111032
2111042
2111052
2111062
2111072
2111082
2111092
2111102
2111112
2111122
2111132
2111142
2111152
2111162
2111172
2111182
2111192
2111202
2111212
2111222
2111232
2111242
2111252
2111262
2111272
2111282
2111302
2111312
2111322
2111332
2111342
2111352
2111362
2111372
2111382
2111422
2111432
2111452
2111462
2111472
2111482
2111492
2111502
2111522
2111532
2111552
2111562
2111572
2111582
2111592
2111602
2111612
2111622
2111632
2111662
2111672
2111682
2111702
2111722
2111732
2111772
2111782
2111792
2111812
2111822
2111832
2111842
2111852
2111862
2111872
2111882
2111892
2111902
2112232
2112252
2112282
2112312
2112332
2112362
2112382
2112412
2112432
2112452
2112472
2112482
2112502
2112512
2112532
2112942
2113002
2114042
2114682
2119692
2119702
2119922
2119932
2119962
2119982
2119992
2120002
2120012
2120022
2120032
2120042
2120052
2120062
2120082
2120092
2120102
2120122
2120132
2120142
2120152
2120162
2120172
2120182
2120192
2120202
2120212
2120222
2120232
2120242
2120252
2120262
2120272
2120282
2120302
2120312
2120322
2120332
2120342
2120352
2120362
2120372
2120382
2120392
2120402
2120412
2120422
2120432
2120442
2120452
2120462
2120472
2120482
2120502
2120512
2120522
2120532
2120542
2120552
2120562
2120572
2120582
2120592
2120602
2120612
2120622
2120632
2120642
2120652
2120662
2120672
2120692
2120702
2120722
2120732
2120742
2120752
2120762
2120772
2120782
2120792
2120802
2120812
2120822
2120832
2120842
2120852
2120862
2120872
2120882
2120892
2120902
2120912
2120922
2120932
2120942
2120952
2120962
2120972
2120982
2120992
2121002
2121012
2121022
2121032
2121042
2121062
2121072
2121082
2121092
2121102
2121112
2121132
2121142
2121152
2121162
2121172
2121182
2121192
2121202
2121222
2121232
2121242
2121252
2121262
2121272
2121282
2121292
2121312
2121322
2121332
2121342
2121352
2121362
2121372
2121382
2121392
2121402
2121412
2121422
2121432
2121442
2121452
2121472
2121482
2121502
2121532
2121552
2121572
2121592
2121612
2121662
2121692
2121702
2121712
2121722
2121732
2121742
2121752
2121762
2121782
2121792
2121802
2121812
2121832
2121842
2121862
2121872
2121882
2121892
2121902
2121912
2121922
2121942
2121952
2121962
2121972
2121982
2121992
2122002
2122012
2122022
2122032
2122042
2122052
2122062
2122072
2122082
2122092
2122102
2122112
2122122
2122132
2122142
2122152
2122162
2122172
2122182
2122192
2122202
2122212
2122222
2122242
2122262
2122272
2122282
2122292
2122302
2122312
2122322
2122332
2122342
2122352
2122362
2122372
2122382
2122392
2122402
2122412
2122422
2122442
2122462
2122482
2122492
2122502
2122512
2122522
2122532
2122542
2122552
2122562
2122572
2122582
2122592
2122622
2122632
2122642
2122652
2122672
2122682
2122692
2122702
2122712
2122732
2122752
2122772
2122782
2122802
2122812
2122832
2122842
2122852
2122872
2122882
2122902
2122922
2122932
2122942
2122952
2122962
2122972
2122982
2122992
2123022
2123032
2123042
2123072
2123092
2123112
2123122
2123132
2123152
2123172
2123192
2123202
2123242
2123252
2123262
2123272
2123292
2123312
2123342
2123352
2123362
2123372
2123382
2123392
2123402
2123422
2123432
2123442
2123452
2123462
2123472
2123482
2123492
2123502
2123512
2123562
2123592
2123612
2123622
2123652
2123672
2123692
2123732
2123752
2123782
2123792
2123802
2123812
2123822
2123832
2123842
2123852
2123862
2123872
2123882
2123892
2123902
2123912
2123932
2123942
2123952
2123962
2123972
2123982
2124002
2124012
2124022
2124032
2124042
2124052
2124072
2124082
2124092
2124102
2124112
2124122
2124132
2124142
2124152
2124162
2124172
2124182
2124192
2124202
2124372
2124382
2124392
2124402
2124412
2124422
2124432
2124442
2124452
2124462
2124472
2124482
2124492
2124502
2124512
2124532
2124542
2124552
2124562
2124572
2124582
2124592
2124602
2124612
2124622
2124632
2124642
2124652
2124662
2124672
2124682
2124692
2124702
2124712
2124722
2124732
2124742
2124752
2124762
2124772
2124782
2124792
2124802
2124812
2124822
2124832
2124842
2124852
2124862
2124872
2124882
2124892
2124902
2124922
2124932
2124942
2124952
2124962
2124972
2124982
2124992
2125002
2125012
2125022
2125032
2125042
2125052
2125062
2125072
2125082
2125092
2125102
2125112
2125122
2125132
2125142
2125152
2125162
2125172
2125182
2125192
2125202
2125222
2125232
2125262
2125272
2125282
2125292
2125302
2125312
2125322
2125332
2125342
2125352
2125362
2125372
2125382
2125392
2125402
2125412
2125422
2125432
2125442
2125452
2125462
2125482
2125492
2125502
2125512
2125522
2125532
2125542
2125552
2125562
2125572
2125582
2125592
2125602
2125612
2125622
2125632
2125642
2125652
2125662
2125672
2125682
2125692
2125702
2125712
2125722
2125732
2125742
2125752
2125762
2125772
2125782
2125792
2125802
2125812
2125822
2125832
2125842
2125852
2125862
2125872
2125882
2125892
2125902
2125912
2125922
2125932
2125942
2125952
2125962
2125972
2125982
2125992
2126002
2126012
2126022
2126032
2126042
2126052
2126062
2126072
2126082
2126092
2126102
2126112
2126122
2126132
2126142
2126152
2126162
2126172
2126182
2126192
2126202
2126212
2126222
2126232
2126242
2126252
2126262
2126272
2126282
2126292
2126302
2126312
2126322
2126332
2126342
2126352
2126362
2126372
2126382
2126392
2126402
2126412
2126422
2126432
2126442
2126452
2126462
2126472
2126482
2126492
2126502
2126512
2126522
2126532
2126542
2126552
2126562
2126572
2126582
2126592
2126602
2126612
2126622
2126632
2126642
2126652
2126662
2126672
2126682
2126692
2126702
2126712
2126722
2126732
2126742
2126752
2126762
2126772
2126782
2126792
2126802
2126812
2126822
2126832
2126842
2126852
2126862
2126872
2126882
2126892
2126902
2126912
2126922
2126932
2126942
2126952
2126962
2126972
2126982
2126992
2127002
2127012
2127022
2127032
2127042
2127052
2127062
2127072
2127082
2127092
2127102
2127112
2127122
2127132
2127142
2127152
2127162
2127172
2127182
2127192
2127202
2127212
2127222
2127232
2127242
2127252
2127262
2127272
2127282
2127292
2127302
2127312
2127322
2127332
2127342
2127352
2127362
2127372
2127382
2127392
2127402
2127412
2127422
2127432
2127442
2127452
2127462
2127472
2127482
2127502
2127512
2127522
2127532
2127542
2127552
2127562
2127572
2127582
2127592
2127602
2127612
2127622
2127632
2127642
2127652
2127662
2127672
2127682
2127692
2127702
2127712
2127722
2127732
2127742
2127752
2127762
2127772
2127782
2127792
2127802
2127812
2127822
2127832
2127842
2127852
2127862
2127872
2127882
2127892
2127902
2127912
2127922
2127932
2127942
2127952
2127962
2127972
2127982
2127992
2128002
2128012
2128022
2128032
2128042
2128052
2128062
2128072
2128082
2128092
2128102
2128112
2128122
2128132
2128142
2128152
2128162
2128172
2128182
2128192
2128202
2128212
2128222
2128232
2128242
2128252
2128262
2128272
2128282
2128292
2128302
2128312
2128322
2128332
2128342
2128352
2128362
2128372
2128382
2128392
2128402
2128412
2128422
2128432
2128442
2128452
2128462
2128472
2128482
2128492
2128502
2128512
2128522
2128532
2128542
2128552
2128562
2128572
2128582
2128592
2128602
2128612
2128622
2128632
2128642
2128652
2128662
2128672
2128682
2128692
2128702
2128712
2128722
2128732
2128742
2128752
2128762
2128772
2128782
2128792
2128802
2128812
2128822
2128832
2128842
2128852
2128862
2128872
2128882
2128892
2128902
2128912
2128922
2128932
2128942
2128952
2128962
2128972
2128982
2128992
2129002
2129012
2129732
2129942
2130052
2130112
2130162
2130182
2130202
2130562
2130772
2130882
2130902
2130912
2130982
2131012
2131052
2131062
2131112
2131132
2131182
2131192
2131462
2131502
2131522
2131572
2131582
2131632
2131662
2131692
2131722
2131792
2131822
2131832
2131942
2131982
2132002
2132062
2132162
2132182
2132212
2132282
2132432
2132532
2132542
2132562
2132602
2132622
2132682
2132862
2132872
2133012
2133052
2133102
2133112
2133252
2133272
2133322
2133362
2133382
2133442
2133472
2133512
2133552
2133932
2133962
2134022
2134422
2134452
2134462
2135022
2135032
2135472
2135492
2135532
2135562
2135572
2135692
2135712
2135842
2135872
2136282
2136602
2136902
2137012
2137022
2137042
2137072
2137082
2137132
2137142
2137162
2137212
2137222
2137242
2137282
2137322
2137402
2137472
2137542
2137572
2137582
2137592
2137622
2137672
2137682
2137772
2137782
2137812
2137902
2137932
2138052
2138092
2138442
2138482
2138512
2138682
2138702
2138812
2138882
2139112
2139142
2139202
2139382
2139392
2139412
2139572
2139662
2139682
2139872
2140132
2140152
2140162
2140242
2140262
2140272
2140332
2140362
2140432
2140652
2140732
2140792
2140882
2140892
2140972
2140992
2141042
2141072
2141102
2141122
2141152
2141162
2141202
2141282
2141352
2141422
2141442
2141462
2141512
2141562
2141582
2141622
2141632
2141642
2141662
2141682
2141732
2141752
2141762
2141782
2141822
2141872
2142142
2142242
2142372
2142462
2142782
2142862
2142932
2143012
2143222
2143232
2143262
2143272
2143282
2143362
2143562
2143712
2143832
2143882
2144042
2144062
2144192
2144212
2144342
2144392
2144492
2144512
2144632
2144662
2144712
2145102
2145242
2145292
2145382
2145832
2145992
2146292
2146302
2146332
2146342
2146372
2146392
2146412
2146432
2146632
2146772
2147002
2147222
2147242
2147282
2147292
2147412
2147442
2147552
2147562
2147572
2147582
2147592
2147602
2147612
2147632
2147642
2147652
2147662
2147672
2147682
2147692
2147702
2147712
2147722
2147732
2147742
2147752
2147762
2147772
2147782
2147792
2147822
2147832
2147842
2147852
2147862
2147872
2147882
2147892
2147902
2147912
2147922
2147942
2147952
2147962
2147972
2147982
2148002
2148012
2148022
2148042
2148052
2148062
2148082
2148092
2148102
2148112
2148122
2148132
2148162
2148172
2148182
2148192
2148202
2148212
2148242
2148252
2148262
2148282
2148302
2148322
2148332
2148342
2148352
2148362
2148372
2148382
2148392
2148402
2148412
2148422
2148432
2148442
2148452
2148462
2148472
2148482
2148492
2148502
2148522
2148532
2148542
2148552
2148562
2148572
2148592
2148602
2148612
2148622
2148642
2148652
2148662
2148672
2148682
2148702
2148712
2148722
2148732
2148742
2148752
2148762
2148772
2148782
2148792
2148802
2148812
2148822
2148842
2148862
2148872
2148882
2148892
2148902
2148912
2148922
2148942
2148952
2148972
2148982
2148992
2149002
2149012
2149022
2149032
2149072
2149082
2149092
2149112
2149122
2149142
2149172
2149182
2149192
2149202
2149212
2149222
2149232
2149242
2149252
2149262
2149272
2149282
2149292
2149302
2149312
2149332
2149342
2149352
2149362
2149372
2149382
2149392
2149402
2149412
2149422
2149432
2149442
2149452
2149462
2149472
2149482
2149492
2149502
2149512
2149522
2149542
2149552
2149562
2149572
2149582
2149602
2149612
2149632
2149642
2149652
2149662
2149672
2149682
2149692
2149702
2149712
2149722
2149732
2149742
2149752
2149762
2149772
2149782
2149802
2149812
2149822
2149832
2149842
2149862
2149882
2149892
2149902
2149912
2149922
2149932
2149942
2149952
2149962
2149972
2149982
2149992
2150002
2150012
2150022
2150032
2150042
2150052
2150062
2150072
2150082
2150092
2150102
2150112
2150122
2150132
2150142
2150152
2150162
2150172
2150182
2150192
2150202
2150212
2150222
2150232
2150242
2150262
2150272
2150282
2150292
2150302
2150312
2150322
2150342
2150352
2150362
2150372
2150382
2150402
2150412
2150422
2150432
2150442
2150452
2150462
2150472
2150482
2150492
2150502
2150512
2150522
2150532
2150542
2150552
2150562
2150572
2150582
2150592
2150602
2150612
2150622
2150632
2150642
2150652
2150662
2150672
2150682
2150692
2150702
2150712
2150722
2150732
2150742
2150752
2150762
2150772
2150782
2150792
2150802
2150812
2150822
2150832
2150842
2150852
2150862
2150872
2150882
2150892
2150902
2150912
2150922
2150932
2150942
2150952
2150962
2150972
2150982
2150992
2151002
2151012
2151022
2151032
2151042
2151052
2151062
2151072
2151082
2151092
2151102
2151112
2151122
2151132
2151142
2151152
2151162
2151172
2151182
2151192
2151202
2151212
2151222
2151232
2151242
2151252
2151262
2151272
2151282
2151292
2151302
2151312
2151322
2151332
2151342
2151352
2151362
2151372
2151382
2151392
2151402
2151412
2151422
2151432
2151442
2151452
2151462
2151472
2151482
2151492
2151502
2151512
2151522
2151532
2151542
2151552
2151562
2151572
2151582
2151592
2151602
2151612
2151622
2151632
2151642
2151652
2151662
2151672
2151682
2151692
2151702
2151712
2151722
2151732
2151742
2151752
2151762
2151772
2151782
2151792
2151802
2151812
2151822
2151832
2151842
2151852
2151862
2151872
2151882
2151892
2151902
2151912
2151922
2151932
2151942
2151952
2151962
2151972
2151982
2151992
2152002
2152012
2152022
2152032
2152042
2152052
2152062
2152072
2152082
2152092
2152102
2152112
2152122
2152132
2152142
2152152
2152162
2152172
2152182
2152192
2152202
2152212
2152222
2152232
2152242
2152252
2152262
2152272
2152282
2152292
2152302
2152312
2152322
2152332
2152342
2152352
2152362
2152372
2152382
2152392
2152402
2152412
2152422
2152432
2152442
2152452
2152462
2152472
2152482
2152492
2152502
2152512
2152522
2152532
2152542
2152552
2152562
2152572
2152582
2152592
2152602
2152612
2152622
2152632
2152642
2152652
2152662
2152672
2152682
2152692
2152702
2152712
2152722
2152732
2152742
2152752
2152762
2152772
2152782
2152792
2152802
2152812
2152822
2152832
2152842
2152852
2152862
2152872
2152882
2152892
2152902
2152912
2152922
2152932
2152942
2152952
2152962
2152972
2152982
2152992
2153002
2153012
2153022
2153032
2153042
2153052
2153062
2153072
2153082
2153092
2153102
2153112
2153122
2153132
2153142
2153152
2153172
2153342
2153472
2153592
2153612
2153632
2153652
2153662
2153732
2153922
2154012
2154172
2154422
2154672
2154812
2154992
2155082
2155102
2155112
2155122
2155182
2155192
2155212
2155232
2155262
2155312
2155342
2155372
2155662
2156012
2156022
2156102
2156332
2156342
2156362
2156392
2156432
2156492
2156522
2156602
2156612
2156652
2156672
2156692
2156732
2156822
2156872
2156892
2156912
2156922
2156982
2157002
2157102
2157162
2157212
2157252
2157312
2157362
2157412
2157452
2157492
2157572
2157622
2157672
2157692
2157732
2157782
2157812
2157832
2157872
2157892
2158052
2158132
2158232
2158422
2158812
2158872
2158952
2159092
2159152
2159232
2159522
2159742
2159812
2159882
2159912
2159952
2159982
2160012
2160232
2160372
2160522
2160572
2160622
2160752
2161122
2161182
2161232
2161342
2161632
2161672
2161802
2161832
2161882
2162242
2162252
2162402
2162482
2162762
2163282
2163642
2163682
2163922
2163962
2164102
2164422
2164482
2164862
2164992
2165142
2165312
2165462
2165542
2165672
2165792
2165912
2165932
2165962
2166072
2166532
2166542
2166832
2166892
2167052
2167082
2167362
2167562
2167842
2168392
2168602
2168632
2168922
2169232
2169352
2169462
2169572
2169622
2169632
2169802
2170112
2171182
2171472
2171712
2172322
2172332
2172362
2172492
2172572
2172592
2172662
2172682
2172712
2172732
2173132
2173162
2173292
2173352
2173502
2173752
2173842
2174012
2174042
2174102
2175112
2175242
2176222
2176312
2176332
2176342
2176362
2176382
2176392
2176422
2176432
2176442
2176472
2176482
2176492
2176512
2176522
2176532
2176552
2176572
2176582
2176592
2176602
2176612
2176622
2176632
2176642
2176652
2176672
2176682
2176692
2176702
2176712
2176722
2176732
2176742
2176762
2176772
2176782
2176792
2176822
2176842
2176862
2176882
2176892
2176902
2176922
2176932
2176942
2176952
2176972
2176992
2177002
2177042
2177052
2177072
2177082
2177092
2177102
2177122
2177132
2177142
2177152
2177162
2177172
2177182
2177192
2177202
2177212
2177222
2177232
2177242
2177252
2177262
2177272
2177282
2177292
2177302
2177312
2177322
2177332
2177342
2177352
2177362
2177372
2177382
2177392
2177402
2177412
2177422
2177432
2177442
2177452
2177462
2177472
2177482
2177492
2177502
2177512
2177522
2177532
2177542
2177552
2177562
2177572
2177592
2177602
2177612
2177622
2177632
2177642
2177662
2177692
2177842
2177872
2178182
2178202
2178212
2178282
2178302
2178352
2178372
2178472
2178492
2178502
2178512
2178732
2178912
2178952
2179222
2179262
2179332
2179382
2179512
2179522
2179562
2179722
2179732
2179742
2179772
2179832
2179982
2179992
2180222
2180232
2180372
2180392
2180412
2180432
2180522
2180822
2180862
2181382
2181412
2181492
2181562
2181602
2181632
2181722
2181872
2182092
2182242
2182312
2182402
2182562
2182622
2182662
2182742
2182832
2183002
2183082
2183202
2183222
2183262
2183302
2183312
2183332
2183352
2183402
2184002
2184062
2184122
2184232
2184312
2184442
2184742
2184962
2185532
2185762
2186602
2187392
2187422
2187432
2187442
2187452
2187482
2187522
2187542
2187652
2188012
2188192
2188352
2188482
2188542
2189022
2189382
2189512
2189572
2189702
2189972
2190072
2190122
2190172
2190572
2190602
2190702
2190722
2190812
2191172
2191232
2191462
2191682
2191702
2191802
2191852
2191942
2191972
2191992
2192192
2192292
2192442
2192972
2192992
2193162
2193402
2193662
2193922
2193952
2194062
2195122
2195242
2196052
2197232
2197342
2197362
2197612
2198062
2198222
2198262
2198352
2198862
2199272
2199442
2200072
2200492
2200512
2200842
2201152
2201842
2202692
2202812
2202922
2203042
2203422
2203592
2203702
2203732
2203782
2204032
2204262
2204322
2204452
2204612
2204752
2204802
2204842
2205142
2205202
2205242
2205272
2205542
2205672
2205882
2205932
2205982
2206132
2206172
2206212
2206232
2206532
2206612
2206632
2206762
2206962
2207202
2207412
2207692
2207732
2207832
2207882
2207892
2207962
2207982
2208202
2208332
2208802
2209412
2209802
2209822
2209892
2209962
2210142
2210232
2210242
2210302
2210312
2210322
2210372
2210382
2210422
2210522
2210552
2210612
2210722
2210862
2210972
2211102
2211462
2211702
2211932
2212012
2212052
2212082
2212112
2212322
2212352
2212502
2212612
2212672
2212852
2213512
2213582
2213652
2213732
2213842
2214002
2214022
2214382
2214582
2214722
2215082
2215102
2215112
2215132
2215142
2215182
2215192
2215232
2215242
2215252
2215272
2215292
2215382
2215402
2215462
2215492
2215532
2215612
2215802
2215882
2215892
2215952
2216092
2216102
2216112
2216152
2216202
2216242
2216252
2216272
2216322
2216332
2216362
2216372
2216432
2216552
2216562
2216582
2216972
2217032
2217152
2217162
2217282
2217292
2217482
2217572
2217682
2217742
2217752
2217802
2217912
2218102
2218272
2218562
2218692
2218792
2219002
2219082
2219112
2219122
2219192
2219272
2219342
2219432
2219472
2219542
2219572
2219622
2219732
2219972
2220022
2220122
2220152
2220342
2220382
2220422
2220462
2220562
2220832
2220882
2220962
2220992
2221052
2221062
2221122
2221242
2221302
2221312
2221322
2221402
2221442
2221592
2221702
2221912
2222302
2222552
2222562
2222582
2222612
2222632
2222652
2222792
2222842
2222882
2222902
2222912
2222942
2222952
2222972
2223062
2223082
2223092
2223102
2223122
2223232
2223422
2223482
2223492
2223652
2223722
2224052
2224102
2224272
2224362
2224372
2224442
2224462
2224472
2224542
2224582
2224642
2224732
2224792
2224812
2224822
2224862
2224892
2225002
2225022
2225112
2225142
2225172
2225202
2225222
2225272
2225792
2225802
2226002
2226032
2226142
2226172
2226652
2226872
2227212
2227382
2227682
2228172
2228232
2228292
2228332
2228352
2228382
2228402
2228432
2228632
2228762
2229012
2229302
2229512
2229582
2229592
2229612
2229712
2229812
2230022
2230322
2230362
2230472
2230482
2230502
2230552
2230602
2230812
2230892
2231022
2231272
2231292
2231442
2231602
2231622
2231692
2231782
2231812
2231832
2231852
2231922
2232202
2232242
2232292
2232502
2232612
2232622
2232732
2232942
2233012
2233212
2233232
2233242
2233252
2233262
2233312
2233522
2233582
2233882
2233932
2233962
2233982
2234022
2234032
2234072
2234082
2234092
2234122
2234132
2234142
2234152
2234162
2234372
2234412
2234642
2234722
2235102
2235492
2235592
2235702
2235832
2235842
2235972
2236032
2236082
2236182
2236202
2236232
2236242
2236252
2236262
2236582
2236642
2236742
2236752
2236802
2236832
2236942
2236982
2236992
2237072
2237162
2237262
2237302
2237342
2237372
2237992
2238842
2239252
2240022
2240522
2240632
2240672
2241022
2241032
2241322
2241552
2241562
2241612
2241742
2241822
2242022
2242062
2242382
2243202
2243242
2243352
2243512
2243722
2243892
2243912
2243992
2244092
2244102
2244232
2244352
2244532
2244742
2244882
2245012
2245232
2245402
2245422
2245482
2245492
2245502
2245572
2245692
2245862
2246072
2246202
2246322
2246422
2246592
2246602
2246792
2246942
2247182
2247692
2247802
2247872
2247882
2247952
2248742
2249042
2249102
2249142
2249182
2249252
2250002
2250402
2251032
2251812
2252132
2252442
2252562
2252772
2253232
2253252
2253272
2253752
2253782
2253822
2253832
2253852
2253872
2253982
2254062
2254072
2254102
2254372
2254432
2254462
2254502
2254532
2254692
2254902
2254982
2255092
2255272
2255392
2255452
2255472
2255672
2255822
2255872
2256012
2256262
2256312
2256452
2256492
2256572
2256722
2256802
2256812
2256832
2256872
2257062
2257082
2257092
2257212
2257242
2257482
2257492
2257642
2257662
2257792
2257832
2257992
2258002
2258072
2258112
2258212
2258322
2258362
2258422
2258432
2258822
2258912
2258992
2259152
2259292
2259392
2259462
2259542
2259592
2259662
2259902
2259972
2260012
2260092
2260282
2260472
2260772
2260842
2260982
2261052
2261192
2261762
2261772
2261862
2261982
2262172
2262592
2262642
2262732
2262922
2263122
2263332
2263372
2263412
2263532
2263832
2263872
2264102
2264532
2264832
2264852
2264862
2264872
2264902
2264922
2264942
2264962
2264972
2264992
2265002
2265012
2265032
2265432
2265532
2265622
2265702
2266392
2266432
2266612
2266752
2267152
2267272
2267642
2267712
2267832
2267972
2268102
2268162
2268232
2268632
2268732
2268822
2269152
2269562
2269632
2269772
2269782
2269962
2270002
2270332
2270512
2270522
2270602
2270752
2270942
2271432
2271492
2271512
2271572
2271632
2271662
2271712
2271852
2272062
2272292
2272652
2272672
2272702
2272732
2272752
2272772
2272842
2272852
2272932
2273042
2273192
2273252
2273652
2273762
2273832
2273842
2273872
2273962
2274152
2274222
2274302
2274612
2274732
2274822
2274872
2274962
2275182
2275342
2275602
2275732
2275802
2275822
2275862
2275972
2276172
2276242
2276522
2276582
2276592
2276612
2276662
2276732
2276862
2277042
2277632
2277702
2277832
2278042
2278432
2278442
2278482
2278512
2278552
2278562
2278612
2278672
2278772
2278882
2279082
2279182
2279492
2279512
2279682
2279722
2279792
2279882
2280012
2280272
2280682
2280702
2280742
2280792
2280962
2280972
2281052
2281172
2281382
2281832
2281882
2282012
2282082
2282222
2282462
2283042
2283062
2283082
2283102
2283152
2283232
2283362
2283382
2283552
2283612
2284162
2284212
2284482
2284552
2284682
2284732
2284782
2284822
2284912
2285092
2285182
2285292
2285312
2285352
2285462
2285502
2285532
2285602
2285622
2286042
2286322
2286352
2286562
2286882
2287022
2287212
2287392
2287582
2288072
2288132
2288172
2288202
2288272
2288322
2288372
2288412
2288452
2288492
2288512
2288532
2288572
2288602
2288632
2288662
2288682
2288722
2288772
2288812
2288862
2288982
2289022
2289052
2289082
2289132
2289162
2289192
2289282
2289322
2289412
2289762
2290052
2290122
2290132
2290302
2290462
2290632
2290802
2290832
2290882
2291002
2291022
2291062
2291112
2291212
2291232
2291272
2291392
2291452
2291472
2291532
2291582
2291632
2291662
2292292
2292392
2292512
2292602
2292742
2292772
2293532
2293552
2293612
2293752
2293812
2293992
2294172
2294242
2294252
2294342
2294372
2294462
2294472
2294592
2294882
2295042
2295102
2295232
2295352
2295482
2295582
2295632
2295642
2295742
2295882
2296002
2296092
2296112
2296212
2296372
2296462
2296642
2297002
2297192
2297242
2297252
2297302
2297472
2297502
2297522
2297542
2297612
2297642
2297692
2297722
2297762
2297862
2298022
2298072
2298092
2298122
2298172
2298202
2298222
2298462
2298582
2298722
2298742
2298852
2298882
2299002
2299162
2299282
2299312
2299392
2299492
2299552
2299612
2299652
2299672
2299712
2299762
2299782
2299942
2299962
2299982
2299992
2300002
2300052
2300072
2300082
2300092
2300102
2300112
2300132
2300142
2300152
2300162
2300172
2300192
2300232
2300242
2300252
2300262
2300272
2300282
2300292
2300302
2300312
2300522
2300562
2301112
2301192
2301662
2301682
2301982
2302052
2302072
2302092
2302132
2302172
2302612
2302642
2303002
2303022
2303242
2303702
2304392
2304422
2304692
2304782
2304832
2304902
2305162
2305182
2305192
2305372
2305612
2305632
2305712
2305862
2305962
2306102
2306282
2306342
2306352
2306652
2306812
2306992
2307132
2307662
2307692
2307822
2307902
2307992
2308122
2308282
2308352
2308392
2308672
2309362
2309492
2309562
2309692
2309902
2310132
2310272
2310322
2310592
2310602
2310612
2310782
2310852
2310932
2310952
2310972
2310982
2311092
2311292
2311352
2311482
2311532
2311622
2311742
2311882
2312062
2312102
2312172
2312192
2312282
2312292
2312422
2312612
2312752
2312862
2313052
2313172
2313222
2313332
2313342
2313352
2313532
2313572
2313652
2313872
2313952
2314012
2314022
2314132
2314392
2314772
2315172
2315262
2316052
2316072
2316212
2316572
2316592
2316662
2316672
2316682
2316842
2316852
2317002
2317182
2317192
2317212
2317242
2317252
2317332
2317402
2317432
2317452
2317462
2317522
2317552
2317592
2317602
2317612
2317622
2317672
2317712
2317922
2318002
2318382
2318402
2318452
2318472
2318492
2318512
2318982
2319152
2319262
2319392
2319542
2319552
2319852
2319992
2320042
2320142
2320232
2320412
2320552
2320562
2321072
2321292
2321412
2321732
2321872
2321882
2321912
2321942
2322122
2322422
2322482
2322792
2322882
2322972
2323132
2323322
2323552
2323622
2323702
2323942
2324852
2324932
2324942
2325042
2325052
2325152
2325272
2325322
2325852
2326062
2326642
2326722
2326892
2326902
2327552
2327612
2327652
2327792
2328062
2328112
2328252
2328302
2329192
2329712
2329912
2330622
2330722
2330752
2330872
2331012
2331092
2331412
2331452
2331692
2331732
2331852
2332012
2332032
2332242
2332312
2332362
2332422
2332442
2332752
2332782
2332832
2332882
2332912
2332932
2333072
2333182
2333202
2333262
2333312
2333332
2333362
2333382
2333422
2333452
2333512
2333522
2333592
2333672
2334032
2334052
2334172
2334342
2334482
2334592
2334632
2334652
2334662
2334702
2334832
2334992
2335002
2335012
2335022
2335032
2335062
2335132
2335252
2335292
2335302
2335332
2335342
2335612
2335692
2335782
2335812
2335892
2335942
2336052
2336092
2336112
2336232
2336292
2336372
2336422
2336442
2336452
2336502
2336512
2336592
2336632
2336722
2336772
2336812
2336862
2336982
2337032
2337062
2337092
2337172
2337212
2337262
2337272
2337292
2337332
2337342
2337392
2337462
2337542
2337592
2337712
2337772
2337812
2337862
2337872
2337902
2337952
2337972
2338042
2338132
2338292
2338462
2338532
2338602
2339062
2339072
2339092
2339222
2339322
2339362
2339692
2339762
2339802
2340382
2340492
2341072
2341092
2341102
2341122
2341132
2341142
2341182
2341192
2341202
2341222
2341232
2341242
2341252
2341262
2341272
2341282
2341292
2341302
2341312
2341322
2341332
2341342
2341492
2341502
2341512
2341522
2341532
2341542
2341562
2341682
2341732
2341802
2341852
2341882
2341892
2341902
2341912
2341932
2341942
2341952
2341962
2341972
2341982
2341992
2342002
2342012
2342032
2342152
2342182
2342212
2342232
2342242
2342362
2342652
2342672
2342702
2342742
2343132
2343172
2343782
2343822
2343862
2344032
2344222
2344332
2344512
2344562
2344802
2344942
2345542
2345722
2345782
2345882
2345972
2346032
2346122
2346132
2346202
2346482
2346672
2346782
2346822
2347002
2347022
2347152
2347202
2347222
2347362
2347402
2347572
2347612
2347802
2347872
2347962
2348002
2348302
2348392
2348632
2348682
2348782
2348832
2348902
2349012
2349102
2349182
2349192
2349222
2349322
2349772
2349892
2349952
2350042
2350202
2350222
2350252
2350262
2350332
2350522
2350582
2350632
2350682
2350772
2350782
2350802
2350832
2350902
2351372
2351672
2351682
2351872
2352212
2353092
2354002
2354032
2354112
2354142
2354292
2354342
2354382
2354922
2355552
2356422
2356512
2356702
2356712
2356722
2356762
2356772
2356822
2356992
2357232
2357292
2357422
2357692
2357922
2358152
2358202
2358242
2358342
2358442
2358462
2358512
2358632
2358882
2359232
2359252
2359262
2359382
2359942
2360052
2360122
2360212
2360302
2360422
2361052
2361072
2361592
2361752
2361802
2361822
2361952
2361982
2361992
2362002
2362042
2362052
2362352
2362482
2362512
2362892
2362962
2363022
2363102
2363172
2363302
2363342
2363352
2363372
2363392
2363502
2363512
2363572
2363632
2363972
2364162
2364392
2364462
2364472
2364662
2364882
2364952
2365012
2365582
2365682
2365732
2366222
2366362
2366532
2366692
2366842
2366952
2367002
2367052
2367342
2367372
2367602
2367682
2367892
2367932
2368202
2368252
2368772
2368852
2369192
2369752
2369772
2370062
2370432
2370582
2370922
2370952
2370972
2371012
2371022
2371042
2371112
2371122
2371162
2371172
2371192
2371242
2371292
2371312
2371362
2371402
2371452
2371482
2371522
2371662
2371722
2371782
2371862
2371882
2371922
2371962
2372042
2372142
2372182
2372192
2372312
2372792
2372802
2372902
2372912
2372932
2372972
2373072
2373472
2373642
2373732
2373842
2374102
2374352
2374902
2374972
2375132
2375152
2375212
2375412
2375632
2375782
2375812
2375862
2375902
2375922
2375952
2375972
2375992
2376162
2376272
2376392
2376412
2376432
2376462
2376492
2376722
2376872
2377012
2377032
2377052
2377072
2377102
2377182
2377222
2377252
2377322
2377342
2377402
2377622
2377762
2377822
2377952
2377982
2378022
2378082
2378112
2378152
2378192
2378222
2378272
2378492
2378512
2378742
2378772
2379002
2379042
2379092
2379192
2379512
2379702
2380162
2380552
2380602
2380922
2380962
2381102
2381152
2381222
2381272
2381292
2381342
2381352
2381412
2381442
2381492
2381812
2382022
2382192
2383062
2383162
2383192
2383272
2383392
2383522
2383882
2383892
2383932
2384502
2384872
2386032
2386622
2386802
2386982
2387052
2387322
2387762
2387862
2389082
2389132
2389472
2389972
2390092
2390562
2390952
2391152
2391412
2391512
2391562
2391632
2391642
2391812
2391852
2391922
2392212
2392452
2392472
2392672
2393082
2393112
2393202
2393782
2393842
2394112
2394132
2394202
2394492
2394542
2394562
2394782
2394812
2394832
2394922
2394972
2394982
2395032
2395252
2395462
2395592
2395722
2395802
2395822
2396052
2396592
2396622
2396642
2396672
2396682
2396772
2397022
2397152
2397232
2397272
2397382
2397422
2397442
2397492
2397522
2397592
2397772
2397962
2398172
2398452
2398462
2398782
2398852
2398942
2399502
2399692
2399732
2399822
2400012
2400022
2400062
2400872
2400912
2400992
2401322
2401362
2401792
2401902
2401912
2401942
2401972
2401992
2402262
2402312
2402372
2402432
2402592
2402742
2402752
2402802
2402922
2402952
2402982
2403712
2403872
2404242
2404302
2404352
2404362
2404372
2404412
2404682
2404962
2405202
2405812
2406492
2406822
2407122
2407372
2408062
2408182
2408252
2408282
2408312
2408352
2408362
2408422
2408452
2408502
2408582
2408672
2408752
2409072
2409142
2409232
2409302
2409392
2409472
2409542
2409582
2409662
2409922
2409942
2409962
2409982
2410002
2410022
2410052
2410082
2410102
2410122
2410152
2410162
2410172
2410182
2410192
2410202
2410222
2410232
2410282
2410302
2410322
2410332
2410352
2410502
2410572
2410612
2410622
2410632
2410692
2412082
2412282
2412502
2412772
2413612
2413712
2414522
2417702
2417742
2418482
2418772
2419022
2419292
2419472
2419532
2419762
2421002
2422482
2422512
2423092
2438422
2438822
2438892
2438962
2439732
2439782
2439822
2439922
2439942
2439952
2440012
2440032
2440062
2440082
2440122
2440142
2440172
2440212
2440252
2440262
2440302
2440322
2440352
2440392
2440412
2440422
2440432
2440452
2440482
2440492
2440502
2440532
2440542
2440552
2440562
2440572
2440602
2440662
2440702
2440732
2440792
2440812
2440842
2440902
2440972
2440982
2441002
2441052
2441062
2441102
2441112
2441192
2441212
2441302
2441402
2441432
2441482
2441522
2441602
2441752
2441962
2441972
2442002
2442132
2442162
2442282
2442362
2442432
2442482
2442512
2442562
2442622
2442652
2442892
2442902
2443152
2443232
2443242
2443252
2443302
2443362
2443382
2443422
2443432
2443502
2443572
2443792
2443822
2443852
2443952
2443962
2443982
2444022
2444122
2444182
2444212
2444232
2444292
2444322
2444382
2444392
2444402
2444552
2444592
2444612
2444652
2444662
2444672
2444762
2444782
2444852
2444882
2445172
2445182
2445192
2445252
2445282
2445302
2445372
2445632
2445852
2446072
2446242
2446432
2446522
2446572
2446592
2446722
2446832
2447032
2447052
2447182
2447202
2447392
2447512
2447742
2447852
2447922
2447942
2447972
2447982
2448002
2448022
2448062
2448232
2448322
2448462
2448492
2448502
2448582
2448622
2448692
2449102
2449212
2449262
2449542
2449702
2449732
2449772
2449892
2450002
2450022
2450042
2450052
2450122
2450252
2450352
2450362
2450472
2450562
2450612
2450692
2450702
2450762
2451002
2451092
2451142
2451282
2451292
2451472
2451602
2451672
2451702
2451712
2451832
2452022
2452212
2452222
2452232
2452292
2452462
2452662
2452812
2452882
2453002
2453032
2453162
2453192
2453212
2453272
2453402
2453562
2453732
2453742
2453822
2453882
2453892
2453992
2454002
2454102
2454182
2454202
2454212
2454392
2454442
2454562
2454602
2454652
2454772
2454792
2454892
2454922
2455022
2455102
2455272
2455322
2455392
2455692
2455892
2455972
2456002
2456022
2456082
2456112
2456142
2456172
2456202
2456222
2456242
2456272
2456322
2456472
2456502
2456552
2456562
2456642
2456652
2456692
2456712
2456762
2456782
2456882
2456992
2457032
2457042
2457062
2457082
2457132
2457232
2457302
2457442
2457472
2457482
2457492
2457682
2457752
2457782
2457822
2457832
2457842
2457952
2458022
2458042
2458112
2458212
2458272
2458322
2458352
2458382
2458422
2458462
2458492
2458532
2458572
2458612
2458632
2458652
2458692
2458752
2458872
2458882
2458912
2458962
2458972
2459002
2459022
2459052
2459082
2459102
2459132
2459242
2459292
2459312
2459342
2459422
2459452
2459482
2459512
2459532
2459552
2459562
2459602
2459612
2459692
2459702
2459742
2459752
2459792
2459802
2459872
2459982
2460012
2460022
2460052
2460082
2460092
2460132
2460192
2460542
2460562
2460572
2460722
2460762
2460822
2460902
2460912
2460932
2460942
2460952
2460972
2461002
2461022
2461062
2461092
2461122
2461192
2461312
2461322
2461332
2461442
2461492
2461502
2461562
2461592
2461662
2461722
2461792
2461842
2461882
2461912
2462002
2462032
2462092
2462192
2462272
2462312
2462322
2462332
2462562
2462602
2462622
2463082
2463222
2463232
2463292
2463362
2463402
2463412
2463442
2463712
2463752
2463782
2463792
2463802
2463922
2463972
2464042
2464292
2464302
2464322
2464342
2464512
2464642
2464752
2464762
2464792
2464812
2464822
2464852
2464932
2464942
2464952
2465172
2465182
2465192
2465202
2465212
2465232
2465262
2465272
2465282
2465772
2465852
2465992
2466062
2466082
2466152
2466192
2466202
2466402
2466452
2466592
2466642
2466702
2466902
2466962
2466982
2467282
2467352
2467462
2467562
2467602
2467652
2467702
2467732
2467792
2467842
2467872
2467942
2467982
2468472
2468482
2468562
2468942
2468972
2469442
2469602
2469632
2469692
2469772
2469882
2469952
2470222
2470912
2471122
2471372
2471422
2471672
2471682
2471702
2471802
2471942
2471952
2472022
2472112
2472132
2472212
2472252
2472342
2472482
2472732
2473012
2473372
2473402
2473452
2473462
2473692
2473722
2473732
2473752
2473772
2473802
2473862
2473872
2473882
2473912
2473932
2474062
2474112
2474142
2474152
2474192
2474222
2474302
2474502
2474592
2474692
2474782
2474912
2475072
2475082
2475182
2475282
2475302
2475432
2475922
2476082
2476182
2476512
2476742
2476842
2477142
2477662
2477752
2478042
2478102
2478132
2478862
2478872
2478912
2479072
2479092
2479102
2479212
2479222
2479652
2479672
2479692
2479712
2479732
2480002
2480092
2480222
2480432
2480762
2480772
2480792
2480832
2481132
2481172
2481212
2481262
2481302
2481362
2481382
2481502
2481562
2481662
2481682
2481992
2482032
2482082
2482162
2482342
2482402
2482502
2482752
2482782
2482842
2482902
2482992
2483062
2483142
2483212
2483242
2483322
2483372
2483452
2483572
2483822
2483862
2483892
2483912
2483922
2483992
2484012
2484052
2484082
2484102
2484122
2484152
2484172
2484192
2484212
2484272
2484302
2484342
2484412
2484422
2484442
2484452
2484462
2484512
2484572
2484632
2484762
2484802
2484842
2484902
2484982
2485072
2485082
2485442
2485552
2485652
2485662
2485722
2485792
2485842
2486052
2486112
2486252
2486362
2486402
2486462
2486612
2486702
2487012
2487062
2487112
2487152
2487172
2487202
2487242
2487272
2487302
2487412
2487462
2487472
2487492
2487502
2487542
2487572
2487592
2487622
2487672
2487712
2487802
2487832
2487882
2487892
2487902
2487992
2488032
2488132
2488142
2488232
2488522
2488652
2488662
2488692
2488712
2488742
2488782
2488802
2488832
2488862
2488982
2488992
2489022
2489062
2489092
2489122
2489152
2489332
2489362
2489442
2489922
2490012
2490192
2490222
2490312
2490322
2490442
2490452
2490542
2490582
2490632
2490642
2490662
2490682
2490852
2490892
2490942
2491022
2491052
2491082
2491112
2491162
2491192
2491222
2491242
2491252
2491262
2491322
2491412
2491422
2491462
2491472
2491482
2491512
2491552
2491582
2491592
2491632
2491652
2491662
2491692
2491942
2492042
2492102
2492312
2492602
2492632
2492792
2492832
2493112
2493232
2493282
2494292
2494372
2494552
2494562
2494692
2494932
2495232
2495312
2495352
2495382
2495562
2495572
2495662
2495762
2495862
2495932
2495992
2496022
2496072
2496122
2496132
2496272
2496282
2496312
2496392
2496462
2496482
2496502
2496512
2496522
2496572
2496642
2496652
2496702
2496752
2496772
2497162
2497552
2497692
2498242
2498282
2498302
2498312
2498412
2498482
2498492
2498522
2498532
2498562
2498582
2498682
2498912
2499262
2499352
2499442
2499502
2499612
2499742
2499762
2500022
2500062
2500122
2500222
2500282
2500392
2500582
2500822
2500862
2501112
2501322
2501402
2501422
2501602
2501772
2501792
2501912
2502022
2502042
2502112
2502202
2502352
2502402
2502592
2502662
2502672
2502752
2503042
2503332
2503342
2503372
2503642
2504102
2504432
2504602
2504882
2505072
2505132
2505142
2505382
2505892
2506382
2506482
2506592
2506612
2506632
2506642
2506662
2506742
2506782
2506792
2506812
2506882
2506892
2506912
2506922
2507242
2507262
2507472
2507482
2507502
2507552
2507602
2507652
2507682
2507742
2508122
2508222
2508542
2508612
2508772
2509042
2509182
2509412
2509452
2509502
2509592
2509612
2509672
2509732
2509842
2509872
2509962
2510052
2510322
2510592
2510642
2510732
2510752
2510772
2510792
2510832
2510902
2510962
2510982
2511032
2511082
2511102
2511122
2511212
2511242
2511282
2511312
2511342
2511352
2511382
2511392
2511412
2511442
2511492
2511522
2511552
2511642
2511662
2511692
2511792
2511852
2511912
2511932
2512002
2512032
2512072
2512082
2512102
2512242
2512262
2512302
2512342
2512382
2512462
2512482
2512632
2512642
2512702
2512712
2512732
2512782
2512852
2512882
2512912
2512922
2512932
2512952
2513012
2513062
2513092
2513282
2513742
2513752
2513852
2513892
2513932
2513942
2514012
2514072
2514112
2514302
2514332
2514372
2514422
2514492
2514612
2514812
2514932
2515262
2515312
2515582
2515792
2516492
2516632
2516852
2516902
2516962
2517082
2517292
2517522
2517552
2517622
2517662
2517692
2517742
2517752
2517812
2518142
2518162
2518322
2518352
2518362
2518442
2518472
2518542
2518562
2518942
2518992
2519072
2519382
2519432
2519502
2519562
2519582
2519752
2520342
2520502
2520522
2520552
2520562
2520602
2520612
2520682
2520712
2520752
2521052
2521062
2521132
2521152
2521202
2521242
2521292
2521542
2521562
2521602
2521662
2521702
2522002
2522012
2522222
2522582
2523082
2523132
2523192
2523222
2523252
2523332
2523362
2523392
2523542
2523752
2523892
2523982
2524012
2524172
2524272
2524412
2524472
2524532
2524542
2524622
2524922
2525022
2525852
2526052
2526192
2526252
2526492
2526622
2526802
2526822
2526832
2526952
2527022
2527032
2527042
2527052
2527112
2527162
2527262
2527342
2527382
2527402
2527442
2527532
2527592
2527642
2527762
2527792
2528022
2528062
2528132
2528202
2528422
2528982
2529032
2529062
2529082
2529102
2529132
2529182
2529202
2529282
2529322
2529572
2529642
2529662
2529712
2529722
2529792
2529802
2529832
2529872
2529912
2529932
2529952
2529972
2529992
2530032
2530072
2530182
2530192
2530212
2530222
2530242
2530262
2530272
2530322
2530342
2530352
2530402
2530412
2530622
2530632
2530832
2531192
2532632
2532672
2532702
2532742
2532812
2532832
2532842
2532852
2532862
2532982
2533112
2533552
2534092
2534182
2534542
2534582
2534642
2534702
2535202
2535212
2535292
2535412
2535492
2535642
2535712
2535732
2535752
2535912
2535952
2536202
2536552
2536592
2536862
2537122
2537342
2537542
2537612
2537652
2537892
2538142
2538292
2538302
2538372
2538412
2538922
2539192
2539272
2539402
2539572
2539872
2539902
2540072
2540112
2540602
2540742
2540882
2541022
2541092
2541132
2541392
2541492
2541512
2541582
2541602
2541822
2541882
2541942
2542192
2542262
2542272
2542382
2542602
2542622
2542872
2543722
2543822
2543912
2544042
2544172
2544612
2544652
2544812
2544922
2544962
2545002
2545042
2545152
2545212
2545252
2545282
2545312
2545382
2545462
2545522
2545662
2545672
2545682
2545722
2545772
2545782
2545802
2545902
2545932
2545952
2545972
2546012
2546082
2546102
2546412
2546752
2547832
2547852
2548012
2548022
2548122
2548672
2548892
2549012
2549062
2549082
2549192
2549412
2549462
2549522
2549642
2549822
2550002
2550432
2550602
2550862
2551502
2551732
2551772
2551932
2551962
2551982
2552052
2552282
2552502
2552992
2554002
2554072
2554102
2554152
2554232
2554972
2555062
2555182
2555712
2555772
2555862
2555942
2556002
2556712
2557952
2558032
2558112
2558962
2559002
2559452
2559542
2559612
2560122
2560812
2560942
2561072
2561172
2561332
2561372
2561872
2562512
2562602
2563052
2563102
2563112
2563442
2563792
2563912
2564112
2564202
2564662
2564792
2565062
2565152
2565882
2565932
2566012
2566232
2566612
2566722
2566982
2567162
2567592
2567612
2567962
2568342
2568832
2568842
2568902
2568932
2569172
2569832
2569942
2570282
2570642
2570762
2570902
2571122
2571272
2572402
2572822
2573202
2573822
2575142
2575232
2575282
2575342
2575412
2575592
2575732
2576072
2576282
2576292
2576322
2576352
2576362
2576392
2576412
2576442
2576462
2576542
2576572
2576582
2577002
2577212
2577422
2578032
2578652
2578682
2578872
2579042
2579272
2579422
2579522
2580522
2580882
2581262
2581272
2581292
2581322
2581362
2581402
2581432
2581462
2581502
2581542
2581562
2581572
2581772
2581812
2582122
2582472
2582612
2582892
2583132
2583142
2583202
2583232
2583252
2583262
2583282
2583312
2583352
2583382
2583512
2583972
2584172
2584342
2584392
2584562
2584852
2584992
2585052
2585122
2585142
2585242
2585332
2585372
2585452
2585632
2585652
2585742
2585802
2585892
2585922
2585962
2586002
2586062
2586082
2586112
2586262
2586312
2586412
2586422
2586492
2586502
2586552
2586722
2586792
2586912
2586942
2587062
2587122
2587182
2587452
2587492
2587592
2587602
2587902
2587992
2588042
2588122
2588222
2588322
2588372
2588382
2588672
2588752
2588812
2588882
2589162
2589282
2589462
2589502
2589512
2589622
2589812
2589982
2590022
2590042
2590192
2590342
2590452
2590502
2590532
2590682
2590832
2590882
2591092
2591312
2591352
2591402
2591432
2591582
2591662
2591672
2591892
2591902
2591992
2592132
2592612
2592822
2593002
2593472
2593612
2593632
2593802
2593902
2594152
2594212
2594252
2594272
2594302
2594462
2594522
2594782
2595062
2595642
2595902
2596002
2596172
2596262
2596632
2596652
2596762
2596852
2596882
2597322
2597422
2597702
2597742
2597882
2598222
2598632
2598862
2598932
2598992
2599202
2599272
2599402
2599412
2600042
2600672
2601822
2601882
2602952
2603322
2603632
2604062
2604312
2604582
2604982
2605262
2605372
2605672
2605812
2605962
2606112
2606602
2607382
2608032
2608072
2608152
2608172
2608522
2608532
2608572
2608722
2608772
2609232
2609272
2609732
2609742
2609772
2609892
2609982
2610012
2610102
2610852
2611152
2611582
2611932
2612622
2612692
2612712
2612762
2614282
2615912
2615992
2616182
2616322
2616552
2616582
2617262
2617772
2617912
2618172
2618592
2618692
2619102
2619762
2620822
2621242
2621362
2622392
2622732
2623702
2623712
2624562
2624882
2625352
2625592
2625672
2625842
2626262
2626282
2626412
2626722
2627022
2627042
2628352
2628982
2630542
2632792
2635002
2636062
2636152
2636842
2636982
2637302
2638612
2639082
2639572
2639802
2640602
2640692
2640862
2641072
2641222
2642892
2642972
2643082
2643202
2643732
2643942
2644942
2645192
2645792
2646212
2646322
2646432
2646492
2646512
2646782
2647742
2647792
2647862
2648032
2648062
2650212
2650892
2651652
2651812
2651822
2651872
2651952
2651972
2652002
2652262
2652682
2652812
2652982
2653082
2653342
2653352
2653382
2653422
2654052
2654092
2654292
2654332
2654462
2654472
2654502
2654642
2654712
2654792
2654852
2655132
2656072
2656192
2656302
2656332
2656352
2656732
2656832
2656902
2657002
2657062
2657092
2657372
2657732
2658812
2659082
2659302
2659452
2659652
2659672
2659712
2659742
2659782
2659862
2659872
2660062
2660182
2660332
2660492
2660562
2660632
2660642
2660662
2660682
2660702
2660732
2660742
2660772
2660812
2660962
2661022
2661212
2661422
2661492
2661732
2661812
2661892
2661992
2662082
2662152
2662242
2662272
2662382
2662532
2662642
2662962
2663002
2663012
2664062
2665082
2665392
2665552
2665712
2665812
2667092
2667262
2667722
2667992
2668242
2668332
2668362
2668412
2668552
2669542
2669592
2669702
2669812
2669962
2670482
2670652
2670732
2670922
2671092
2671252
2671492
2671542
2671792
2671942
2672162
2672892
2672932
2672952
2673182
2673882
2673982
2674062
2674092
2674192
2674272
2674362
2674462
2674512
2674522
2675212
2675422
2675462
2675502
2675572
2675592
2675602
2675612
2675632
2675642
2675652
2675662
2675672
2675682
2675712
2675722
2675742
2675752
2675772
2675792
2677112
2677592
2677972
2678242
2678252
2678352
2678482
2678672
2678792
2678922
2679142
2679392
2679732
2679822
2680462
2680872
2680922
2681362
2681552
2681662
2681682
2681702
2681752
2681812
2681832
2681952
2682022
2682032
2682052
2682112
2682152
2682172
2682262
2682312
2682392
2682462
2682552
2682712
2683042
2683672
2683872
2683992
2684052
2684082
2684112
2684172
2684472
2685072
2685152
2685262
2685382
2685632
2686072
2686412
2686512
2686582
2686622
2687482
2687812
2689102
2689152
2689342
2691242
2692352
2692462
2692702
2692852
2692922
2692992
2693002
2693152
2693182
2693192
2693222
2693312
2693342
2693382
2693442
2693462
2693542
2693632
2693682
2693742
2693752
2693812
2693902
2694122
2694142
2694202
2694262
2694472
2694512
2694632
2694742
2694762
2694822
2694842
2694922
2694962
2695032
2695472
2695762
2695772
2695802
2695822
2696582
2696692
2696722
2696902
2697432
2697462
2697512
2697642
2698012
2698202
2698342
2698612
2698682
2699022
2699202
2699742
2699962
2700212
2700232
2700722
2700732
2700942
2701102
2701252
2701262
2701322
2701352
2701422
2701512
2701552
2701612
2701672
2701752
2701822
2701892
2701942
2702012
2702212
2702452
2702762
2702802
2703062
2703092
2703122
2703152
2703272
2703292
2703472
2703492
2703582
2703702
2703912
2703942
2704962
2706522
2706672
2706692
2707672
2707712
2707742
2707922
2707942
2707982
2708002
2708022
2708182
2708252
2708292
2708612
2710172
2710182
2710232
2710242
2710532
2710602
2710622
2710652
2710752
2710982
2711002
2711502
2712042
2712092
2712102
2712432
2712692
2712772
2712872
2712952
2713332
2713392
2714172
2714402
2714882
2714972
2715002
2715122
2716082
2716142
2716582
2716722
2717352
2717532
2719172
2719242
2719452
2719952
2722142
2723102
2723122
2723142
2724712
2724852
2724882
2726052
2727122
2727282
2727412
2727502
2727522
2727552
2727652
2727702
2727842
2727902
2728052
2728092
2728222
2728462
2728602
2729272
2729902
2730322
2731742
2731772
2731792
2733032
2733212
2733282
2734432
2734772
2735132
2735382
2736272
2737162
2737352
2737442
2737532
2737662
2738892
2740552
2740622
2740662
2740732
2741352
2741472
2741712
2741792
2741972
2742292
2742522
2742742
2742762
2742802
2743652
2743832
2743872
2744322
2744792
2745692
2746052
2746342
2747952
2748172
2751512
2751552
2751752
2752152
2752372
2752722
2752892
2753682
2753992
2754052
2754182
2754602
2755462
2755592
2755752
2757072
2757102
2757152
2758192
2758272
2758372
2758942
2760772
2761092
2761912
2761942
2761992
2762282
2762502
2762552
2763262
2763572
2763682
2763812
2764172
2764662
2764802
2764922
2764952
2765012
2765032
2765072
2765092
2765132
2765162
2765202
2765452
2765892
2765932
2766032
2766072
2766122
2766162
2766182
2766222
2766232
2766272
2766312
2766562
2766752
2767662
2767852
2767912
2768032
2768922
2769092
2769172
2769322
2769602
2769642
2769682
2769722
2769742
2769762
2770002
2770052
2770112
2770132
2770152
2770332
2770382
2770422
2770542
2770572
2770892
2770982
2771012
2771052
2771282
2771322
2771802
2771952
2772292
2772542
2772882
2773062
2773752
2774452
2774662
2774672
2775032
2775112
2775182
2775232
2775302
2775382
2775422
2775462
2775492
2775522
2775552
2775572
2775592
2775672
2775742
2775792
2775832
2775842
2775862
2775902
2775912
2776022
2776052
2776292
2776832
2776932
2776972
2777032
2777052
2777092
2777102
2777162
2777242
2777272
2777352
2777432
2777472
2777492
2778052
2778432
2778462
2778712
2779672
2779722
2779732
2779802
2779882
2779942
2779982
2780002
2780082
2780132
2780212
2780302
2780412
2780782
2781322
2783202
2783572
2784032
2784052
2784862
2785192
2785232
2785252
2785282
2785412
2785432
2785582
2785652
2785782
2785792
2785912
2786022
2786062
2786212
2786252
2786302
2786722
2786742
2787022
2787532
2787782
2787922
2788032
2788112
2788182
2788262
2788352
2788382
2788412
2788472
2788552
2788632
2788702
2788782
2788962
2788992
2789022
2789102
2789112
2789172
2789202
2789262
2789282
2789322
2789352
2789392
2789482
2789522
2789762
2789902
2789952
2790232
2790312
2790822
2791042
2791352
2791452
2791522
2791772
2791932
2792002
2792112
2792242
2792492
2792542
2792772
2793432
2793852
2793982
2794132
2794222
2794472
2794572
2794692
2794712
2794972
2795022
2795042
2795082
2795112
2795162
2795192
2795292
2795332
2795372
2795382
2795422
2795462
2795742
2796022
2796132
2796162
2796582
2796782
2796992
2797192
2797682
2798772
2798892
2799052
2799482
2800002
2800392
2801892
2801952
2802192
2802832
2804732
2808102
2808112
2808122
2808152
2810102
2812342
2812582
2812632
2813132
2816782
2816902
2818092
2819212
2819872
2822122
2822142
2822582
2823242
2823472
2824482
2825482
2825852
2826162
2826382
2826612
2827262
2827282
2829102
2829152
2829362
2830062
2831562
2832222
2832822
2832962
2832992
2833272
2833372
2833562
2833882
2833962
2834192
2834332
2834462
2834622
2834692
2834892
2835272
2835402
2835432
2835562
2835702
2835802
2836712
2836862
2837012
2837032
2837052
2837062
2837092
2837432
2837552
2843592
2844722
2846292
2846382
2846802
2846882
2847542
2848882
2849292
2852362
2852902
2853272
2853312
2854292
2855022
2855492
2855532
2855602
2856422
2856502
2856542
2856662
2856762
2856792
2857162
2857442
2859102
2859712
2859882
2859892
2859952
2860102
2860192
2860282
2860322
2860402
2860532
2860712
2860772
2861532
2861692
2861782
2862142
2863282
2863362
2863452
2863592
2864032
2866632
2867382
2867592
2867642
2867712
2868242
2868292
2868342
2868382
2868422
2868432
2868462
2868502
2868552
2868592
2868662
2868702
2868742
2868812
2869032
2869142
2869322
2869802
2869982
2870242
2870662
2870962
2870992
2871022
2871052
2871112
2871182
2871212
2871242
2871332
2871352
2871382
2871402
2871422
2871452
2871492
2871552
2871572
2871622
2871632
2871652
2871742
2871782
2871912
2871922
2871972
2872012
2872042
2872082
2872142
2872192
2872242
2872362
2872472
2872502
2872522
2872552
2872632
2872642
2872682
2872712
2872742
2872782
2872802
2872822
2872842
2872852
2872862
2872882
2872902
2872932
2872952
2872992
2873002
2873022
2873062
2873092
2873132
2873172
2873192
2873232
2873302
2873322
2873352
2873442
2873502
2873552
2873622
2873692
2873722
2873792
2873882
2873952
2874032
2874072
2874172
2874222
2874252
2874302
2874322
2874402
2874452
2874592
2874652
2874682
2874762
2874832
2874842
2874862
2874902
2874912
2874992
2875002
2875062
2875072
2875102
2875122
2875162
2875202
2875242
2875252
2875272
2875292
2875302
2875352
2875362
2875462
2875472
2875532
2875542
2875562
2875582
2875652
2875662
2875682
2875702
2875732
2875792
2875842
2875882
2875942
2876072
2876082
2876142
2876192
2876222
2876292
2876332
2876352
2876392
2876412
2876432
2876462
2876502
2876522
2876542
2876552
2876562
2876572
2876582
2876592
2876612
2876622
2876642
2876652
2876662
2876682
2876692
2876702
2876722
2876752
2876772
2876782
2876812
2876832
2876852
2876862
2876872
2876892
2876902
2876912
2876922
2876932
2876952
2876992
2877012
2877042
2877052
2877062
2877082
2877112
2877122
2877142
2877162
2877192
2877212
2877232
2877342
2877612
2877642
2877662
2877682
2877702
2877712
2877732
2877762
2877782
2877792
2877842
2877862
2877872
2877882
2877892
2877902
2877912
2877942
2877972
2878002
2878012
2878292
2878442
2878482
2878512
2878552
2878562
2878592
2878612
2878652
2878672
2878702
2878742
2878772
2878782
2879122
2879602
2879612
2879622
2879682
2879702
2879732
2879782
2880272
2880282
2880292
2880332
2880362
2880392
2880412
2880432
2880452
2880492
2880502
2880532
2880542
2880572
2880602
2880642
2880672
2880692
2880712
2880722
2880732
2880762
2880772
2880782
2880792
2880812
2880922
2880952
2880982
2881012
2881032
2881052
2881082
2881092
2881112
2881162
2881182
2881192
2881222
2881242
2881252
2881292
2881322
2881342
2881352
2881382
2881402
2881412
2881432
2881462
2881502
2881542
2881572
2881632
2881682
2881712
2881742
2881762
2881802
2881822
2881842
2881872
2881892
2881922
2881942
2881962
2882082
2882122
2882162
2882202
2882222
2882252
2882282
2882332
2882352
2882382
2882412
2882492
2882572
2882612
2882632
2882652
2882682
2882722
2882752
2882782
2882832
2882892
2882922
2882932
2882962
2883002
2883022
2883042
2883062
2883102
2883132
2883152
2883192
2883232
2883252
2883272
2883322
2883342
2883362
2883372
2883382
2883432
2883472
2883492
2883522
2883622
2883652
2883672
2883692
2883702
2883722
2883742
2883762
2883772
2883792
2883822
2883842
2883852
2883872
2883912
2883942
2883962
2883982
2884002
2884042
2884062
2884082
2884122
2884152
2884162
2884182
2884202
2884232
2884242
2884272
2884302
2884342
2884372
2884422
2884442
2884472
2884492
2884522
2884562
2884592
2884612
2884622
2884652
2884722
2884732
2884742
2884782
2884792
2884802
2884812
2884832
2884842
2884882
2884892
2884922
2884952
2884982
2885022
2885052
2885062
2885082
2885102
2885132
2885162
2885172
2885192
2885232
2885242
2885272
2885282
2885302
2885342
2885432
2885462
2885512
2885562
2885602
2885642
2885662
2885692
2885722
2885742
2885772
2885792
2885812
2885832
2885952
2885972
2885992
2886012
2886042
2886052
2886062
2886072
2886122
2886162
2886182
2886192
2886202
2886232
2886242
2886252
2886272
2886302
2886332
2886342
2886362
2886372
2886382
2886392
2886402
2886432
2886442
2886452
2886462
2886472
2886482
2886502
2886512
2886532
2886572
2886602
2886632
2886652
2886762
2886792
2886802
2886822
2886842
2886852
2886872
2886902
2886922
2886942
2886962
2886972
2886992
2887002
2887102
2887112
2887132
2887172
2887192
2887202
2887242
2887262
2887282
2887292
2887322
2887362
2887372
2887382
2887422
2887452
2887462
2887472
2887512
2887542
2887782
2887792
2887802
2887832
2887842
2887862
2887872
2887892
2887902
2887922
2887942
2887952
2887982
2887992
2888022
2888042
2888062
2888072
2888092
2888132
2888162
2888192
2888222
2888262
2888272
2888282
2888312
2888352
2888362
2888372
2888392
2888412
2888432
2888462
2888562
2888602
2888632
2888652
2888672
2888692
2888702
2888742
2888762
2888772
2888792
2888802
2888832
2888842
2888862
2888872
2888912
2888932
2888942
2888952
2888962
2888982
2889002
2889012
2889022
2889052
2889082
2889102
2889152
2889162
2889172
2889182
2889232
2889272
2889322
2889362
2889402
2889422
2889612
2889642
2889652
2889672
2889702
2889732
2889742
2889752
2889772
2889782
2889802
2889832
2889852
2889872
2889902
2889912
2889932
2889942
2889952
2889962
2890002
2890022
2890032
2890052
2890072
2890082
2890122
2890142
2890202
2890252
2890282
2890302
2890322
2890342
2890362
2890382
2890402
2890412
2890432
2890482
2890492
2890502
2890512
2890552
2890562
2890582
2890602
2890622
2890632
2890642
2890652
2890692
2890802
2890822
2890832
2890882
2890922
2890932
2890952
2890962
2890972
2890982
2891002
2891012
2891052
2891062
2891072
2891082
2891112
2891132
2891162
2891192
2891202
2891212
2891222
2891252
2891292
2891312
2891352
2891382
2891412
2892152
2892752
2896272
2896282
2896292
2896302
2896752
2897092
2897532
2903112
2907642
2908452
2908472
2911482
2911642
2912112
2913012
2913532
2914042
2914322
2914332
2914362
2914382
2914452
2914472
2914492
2914522
2914562
2914592
2914982
2915002
2915272
2915322
2915352
2915392
2915412
2915472
2915502
2915542
2915602
2915842
2915922
2915962
2915992
2916012
2916072
2916082
2916132
2916172
2916552
2916592
2916612
2916632
2916642
2916672
2916702
2916722
2916762
2916822
2916952
2917142
2917702
2919352
2920442
2920992
2921112
2921962
2922382
2922592
2922922
2923272
2923302
2924422
2924682
2924932
2926212
2926242
2926432
2926452
2926602
2927412
2928382
2928402
2928772
2929002
2929772
2930082
2930162
2930202
2930222
2930292
2930302
2930362
2930422
2930462
2930502
2930562
2930862
2931012
2931062
2931692
2932502
2933202
2934102
2934432
2935252
2935762
2936072
2937182
2937582
2938132
2938622
2939552
2939812
2940312
2940442
2940482
2940652
2941532
2942482
2943652
2943692
2943912
2944202
2944312
2944472
2944592
2944622
2945212
2945232
2945252
2945532
2945872
2946392
2946772
2947592
2948422
2949592
2949622
2949632
2949912
2949922
2949942
2949952
2949962
2949982
2950002
2950012
2950042
2950072
2950092
2950102
2950122
2950132
2950152
2950672
2950902
2950932
2951002
2951132
2953772
2954102
2954132
2954902
2955172
2955342
2955372
2955392
2955442
2955482
2955552
2955642
2955682
2955752
2955792
2955822
2955912
2955952
2955982
2956012
2956032
2956042
2956082
2956102
2956142
2956152
2956172
2956192
2956222
2956232
2956252
2956312
2956322
2956372
2956392
2956452
2956482
2956552
2956562
2956612
2956692
2956712
2956762
2956822
2956832
2956892
2956902
2956942
2956982
2957002
2957032
2957042
2957102
2957112
2957142
2957162
2957182
2957202
2957272
2957312
2957332
2957342
2957372
2957392
2957422
2957452
2957522
2957542
2957572
2957612
2957632
2957662
2957742
2957772
2957812
2958032
2958092
2958132
2958152
2958172
2958222
2958272
2958362
2958432
2958472
2958502
2958572
2958592
2958622
2958672
2958702
2958722
2958762
2958802
2958822
2958852
2959142
2959152
2959182
2959192
2959232
2959282
2959372
2959382
2959442
2959462
2959522
2959582
2959722
2959872
2959892
2959902
2959922
2959932
2959942
2959992
2960012
2960032
2960072
2960082
2960112
2960122
2960162
2960212
2960252
2960322
2960362
2960392
2960462
2960502
2960542
2960552
2960582
2960622
2960652
2960662
2960692
2960722
2960732
2960762
2960812
2960862
2960882
2960902
2960912
2960952
2960972
2961062
2961092
2961162
2961202
2961262
2961292
2961342
2961402
2961452
2961492
2961572
2961582
2961632
2961642
2961702
2961712
2961752
2961782
2961792
2961852
2961862
2961912
2961922
2961972
2961992
2962012
2962022
2962052
2962062
2962082
2962102
2962122
2962132
2962412
2962462
2962542
2962612
2962652
2962702
2962762
2962792
2962862
2962912
2962922
2962942
2962972
2962992
2963002
2963062
2963272
2963442
2963532
2963602
2963692
2963802
2963932
2963982
2964092
2964132
2964222
2964272
2964322
2964372
2964422
2964502
2964562
2965242
2965742
2966722
2966872
2967222
2967532
2967732
2968472
2968512
2968942
2969682
2970042
2970182
2970612
2971012
2971232
2971492
2971532
2972072
2972302
2972832
2972942
2972952
2972972
2972992
2973002
2973022
2973042
2973092
2973122
2973152
2973162
2973192
2973232
2973262
2973302
2973332
2973342
2973362
2973412
2973442
2973472
2973552
2973572
2973622
2973662
2973702
2973742
2973772
2973812
2973882
2973902
2973912
2973922
2974012
2974072
2974102
2974122
2974172
2974282
2974322
2974382
2974452
2974492
2974552
2974582
2974662
2974712
2974732
2974762
2974812
2974822
2974902
2974932
2975022
2975072
2975142
2975222
2975312
2975662
2975802
2975902
2976522
2977992
2978112
2978162
2978202
2978792
2978952
2979032
2979052
2979142
2979152
2979212
2979272
2979302
2979382
2979442
2979522
2979562
2979602
2979622
2979682
2979722
2979772
2979842
2979882
2979892
2979942
2979982
2980002
2980192
2980492
2980692
2981142
2981662
2981922
2982302
2982402
2982432
2982562
2982582
2982612
2982662
2982722
2982762
2982832
2982942
2982982
2983002
2983902
2984012
2984292
2984492
2984642
2985082
2985482
2985632
2985772
2985832
2985852
2985872
2985882
2985922
2985952
2985972
2985982
2985992
2986042
2986052
2986072
2986092
2986122
2986142
2986162
2986172
2986202
2986232
2986332
2986362
2986372
2986412
2986442
2986492
2986532
2986562
2986602
2986652
2986672
2986712
2986722
2986752
2986792
2986812
2986832
2986862
2986872
2986892
2986912
2986932
2986962
2986982
2986992
2987482
2987842
2988252
2988272
2988632
2988692
2989242
2989492
2989662
2989902
2990012
2990412
2990942
2991072
2991192
2991402
2991442
2991462
2991712
2991822
2991962
2991992
2992012
2992052
2992082
2992112
2992122
2992132
2992192
2992322
2992362
2992652
2992722
2992882
2993252
2993882
2994392
2994402
2994412
2994422
2994432
2994532
2994962
2995512
2995522
2995642
2995912
2997692
2997882
2997942
2998212
2998712
2998852
2998892
2998982
2999192
2999482
3000132
3000702
3000782
3000902
3000922
3001582
3001702
3001752
3001782
3002252
3002482
3002732
3002952
3003842
3003982
3004112
3004212
3005182
3005372
3005582
3005742
3005762
3005782
3006282
3006822
3006902
3006942
3007072
3007132
3007472
3007482
3007952
3008362
3008402
3008852
3009192
3009462
3009562
3009652
3009662
3009672
3009682
3009782
3009962
3010122
3010512
3010522
3011232
3013272
3013782
3014202
3014452
3014652
3015202
3015222
3015372
3015402
3015822
3016092
3016162
3016212
3016462
3016772
3017082
3017182
3017752
3018172
3018232
3018622
3018672
3019362
3019572
3019792
3020542
3020722
3020852
3020862
3020872
3021092
3021152
3021632
3021712
3021962
3021982
3022342
3022462
3023062
3023132
3023292
3023402
3024282
3024492
3024732
3024892
3026112
3026312
3026332
3026402
3026582
3026782
3026922
3027172
3027252
3027312
3027352
3027392
3027732
3028172
3029022
3029282
3029352
3029442
3029522
3029892
3030852
3031422
3031552
3031662
3031732
3031802
3032622
3032752
3032762
3032902
3032982
3033212
3033322
3033662
3033782
3034442
3034522
3034852
3035342
3035472
3036142
3036332
3036882
3037542
3037832
3038932
3039812
3040382
3042502
3042752
3044272
3044502
3045382
3045682
3045962
3046232
3046312
3046452
3047242
3047712
3048082
3048162
3049252
3049852
3050012
3050182
3050382
3050962
3051592
3052422
3052562
3052882
3052922
3052942
3053292
3053592
3053682
3053842
3054112
3054122
3054132
3054262
3054932
3055102
3055272
3055592
3055602
3055772
3055982
3056062
3056112
3056232
3056602
3056832
3057032
3057812
3058372
3059092
3059102
3059342
3059442
3059642
3059952
3060102
3060142
3060532
3060802
3060972
3060982
3061522
3061672
3061822
3061882
3061952
3062012
3062632
3062642
3062752
3063062
3064122
3064162
3064202
3064422
3064682
3065042
3065332
3065542
3065632
3065832
3065862
3066012
3066102
3066212
3066262
3066342
3066392
3066522
3066542
3066592
3066632
3066652
3066662
3066712
3066742
3067072
3067112
3067252
3067392
3067452
3067462
3067712
3067732
3067812
3067862
3067902
3067952
3067992
3068102
3068152
3068242
3068332
3068532
3068582
3068932
3069182
3069382
3069862
3070262
3070292
3070832
3070982
3071052
3072122
3072292
3072342
3072502
3072632
3072752
3073492
3073522
3073762
3074292
3074632
3075932
3076262
3076832
3078512
3078972
3079312
3079642
3080162
3080312
3080342
3080422
3080432
3080652
3080702
3080742
3080762
3081772
3081812
3081822
3082192
3082252
3082262
3082292
3082522
3082832
3083162
3083582
3083952
3084512
3084652
3084742
3084862
3084882
3085002
3085372
3087162
3088172
3089332
3089742
3090492
3090952
3091202
3091242
3091392
3091562
3091592
3091712
3091772
3091942
3091982
3092212
3092282
3092412
3092442
3094742
3095282
3095392
3095552
3096572
3096582
3096592
3096622
3098592
3100422
3100472
3100912
3101102
3101222
3101652
3102032
3102452
3103262
3104992
3105092
3105222
3105982
3106012
3106252
3107082
3107092
3107202
3107422
3107822
3108032
3108132
3108162
3108292
3109502
3109572
3109842
3110002
3110202
3110222
3110252
3110332
3110462
3110722
3111022
3111052
3111702
3111812
3112562
3112902
3113232
3114102
3114612
3114652
3115312
3117702
3117862
3117922
3118302
3118752
3119602
3119762
3120132
3120222
3120252
3120942
3121812
3122052
3122342
3122692
3124292
3126062
3126642
3127052
3127112
3127742
3128262
3129152
3129822
3130032
3130552
3130752
3131692
3131832
3131952
3132462
3132492
3132732
3132762
3132782
3133032
3133062
3133252
3133372
3133482
3133552
3133622
3133852
3134262
3134672
3135082
3135292
3136082
3136762
3136852
3136922
3137232
3137342
3137502
3137612
3138092
3138172
3138552
3138642
3138882
3139052
3139232
3139572
3139752
3140362
3140542
3141432
3141792
3142672
3142912
3143622
3146172
3146492
3147212
3147332
3147382
3147432
3147822
3149542
3150142
3154672
3154722
3155132
3158602
3162192
3162862
3162982
3163782
3163882
3164132
3164142
3164172
3164262
3164452
3164522
3164592
3164602
3164742
3164822
3164892
3164902
3164982
3165042
3165062
3165192
3165292
3165332
3165452
3165492
3165512
3165522
3165542
3165552
3165572
3165592
3165602
3165642
3165672
3165722
3165762
3165792
3165822
3165872
3165882
3165892
3165952
3165972
3166012
3166032
3166062
3166072
3166102
3166112
3166122
3166142
3166182
3166192
3166202
3166252
3166272
3166302
3166322
3166332
3166372
3166382
3166402
3166452
3166482
3166522
3166532
3166542
3166552
3166592
3166602
3166612
3166622
3166642
3166662
3166682
3166702
3166712
3166722
3166732
3167372
3167442
3167502
3167672
3167692
3167802
3167952
3167982
3168022
3168062
3168072
3168092
3168102
3168132
3168192
3168232
3168282
3168322
3168372
3168402
3168462
3168502
3168532
3168552
3168582
3168602
3168622
3168632
3168652
3168672
3168692
3168702
3168742
3168772
3168792
3168822
3169042
3169102
3169112
3169132
3169162
3169202
3169362
3169382
3169412
3169442
3169482
3169502
3169522
3169542
3169552
3169592
3169632
3169672
3169692
3169702
3169722
3169742
3169762
3169772
3169792
3169812
3169852
3169862
3169882
3169892
3169922
3170162
3171402
3171582
3171692
3172292
3172342
3172392
3172412
3172472
3172512
3172532
3172552
3172792
3172802
3172822
3172852
3172882
3172962
3173002
3173012
3173052
3173072
3173092
3173112
3173122
3173152
3173172
3173222
3173252
3173272
3173282
3173292
3173322
3173752
3173872
3173962
3174102
3174272
3174332
3174392
3174402
3174602
3174882
3174902
3175092
3175242
3175452
3176192
3176862
3177012
3177552
3177612
3177642
3177812
3179752
3180222
3180762
3180942
3181352
3181442
3181582
3181662
3181952
3182102
3182482
3182492
3182672
3182692
3182712
3183122
3183342
3183872
3184272
3184282
3184802
3184902
3184952
3185132
3185552
3186282
3186292
3186492
3186582
3186742
3186812
3186972
3187422
3188542
3189352
3189482
3189552
3189772
3189982
3190472
3190632
3190642
3191272
3191622
3191682
3191842
3191852
3192152
3192582
3192602
3192652
3192682
3192762
3192782
3192922
3193002
3193182
3193222
3193432
3193452
3193462
3193562
3193612
3193662
3194142
3194312
3194352
3194372
3194842
3195262
3195602
3196202
3196642
3196892
3196942
3197012
3197042
3197102
3197392
3197552
3197882
3198002
3198082
3198132
3198202
3198262
3198442
3198552
3198642
3199402
3199412
3199502
3199762
3199772
3199792
3199802
3199952
3201132
3202622
3203032
3203642
3204372
3204702
3204872
3205132
3205262
3205412
3206052
3206102
3207722
3207972
3208112
3208202
3209092
3209102
3209162
3209442
3209562
3210812
3211392
3212542
3212762
3212782
3212842
3212852
3212982
3213062
3213342
3213492
3213672
3213802
3213992
3214112
3214392
3214492
3214532
3214642
3214662
3214702
3214862
3215322
3215602
3216902
3217062
3218502
3220802
3221122
3221572
3222352
3223282
3223432
3223502
3225002
3225392
3225472
3225572
3226592
3226882
3227162
3227312
3227602
3227832
3227932
3228172
3230012
3231622
3232042
3232762
3233342
3233422
3233832
3234302
3234332
3234672
3234722
3234782
3234922
3235162
3235812
3237252
3237262
3237362
3237382
3237442
3237502
3237622
3237812
3237872
3237962
3238222
3238322
3238652
3238732
3238982
3239022
3239112
3239182
3239282
3239352
3239382
3239482
3239812
3240012
3240132
3240492
3240552
3241052
3241142
3241162
3241202
3241232
3241542
3241742
3241872
3241962
3242042
3242102
3242162
3242372
3243082
3243742
3245812
3246392
3247972
3248052
3248082
3248202
3248572
3248682
3248782
3249072
3249242
3249432
3249572
3249692
3249862
3250032
3250152
3250782
3250972
3251162
3251212
3251292
3251342
3251392
3251422
3251452
3251742
3251782
3251982
3252372
3252392
3252432
3252442
3252472
3252482
3252492
3253282
3253582
3253632
3253692
3253712
3253762
3253812
3253822
3253982
3254462
3254542
3254622
3254722
3254862
3254932
3255472
3255512
3255542
3255672
3255832
3255862
3255902
3255982
3256022
3256142
3256212
3256772
3256832
3257402
3257572
3257992
3258022
3258052
3258122
3258162
3258192
3258292
3259172
3259202
3259262
3259332
3259362
3259402
3259412
3259422
3259492
3259662
3259742
3259922
3260922
3262142
3262522
3262652
3262962
3263052
3263072
3263602
3263632
3263682
3263692
3263762
3263802
3263812
3263942
3264812
3265292
3265552
3265962
3266722
3266752
3266872
3267262
3267542
3267662
3267712
3267762
3267782
3267872
3267942
3267982
3268012
3268052
3268082
3268162
3268192
3268232
3268242
3268332
3268352
3269132
3269192
3269222
3269292
3269412
3269462
3269562
3269652
3269762
3269802
3269852
3269962
3270072
3270092
3270232
3270512
3270602
3270622
3270712
3270772
3270782
3270832
3270962
3271042
3271242
3271302
3271462
3271612
3271692
3271772
3271802
3271882
3271922
3272442
3272552
3272752
3272882
3272942
3273552
3273902
3274552
3274622
3274732
3274912
3275102
3275152
3275302
3275412
3275572
3275722
3275842
3277052
3277172
3277332
3277772
3277862
3278042
3278212
3278712
3278962
3279002
3279122
3279492
3279692
3279702
3279712
3279722
3279732
3279752
3279762
3279772
3279992
3280012
3280052
3280082
3280822
3281452
3281482
3281532
3281592
3281612
3281652
3281662
3281732
3281812
3282122
3282242
3282322
3282452
3282552
3284262
3284682
3284952
3285042
3285112
3285182
3285302
3285432
3285572
3286192
3286582
3287612
3288032
3289112
3289222
3289272
3289322
3289412
3289492
3289572
3289772
3289822
3289892
3290032
3290122
3290572
3290612
3292302
3293002
3293082
3293502
3293542
3294252
3294292
3294332
3294392
3294442
3294482
3295242
3295442
3296012
3296142
3296352
3296552
3296772
3296992
3297032
3297102
3297252
3297392
3297912
3297962
3298272
3298312
3298992
3299052
3299552
3299592
3299732
3300202
3300222
3300392
3301122
3301142
3301292
3301482
3301722
3301862
3302162
3302222
3303012
3303442
3303512
3303542
3303622
3303872
3304302
3304582
3304642
3304862
3304952
3305122
3305682
3305692
3305802
3305832
3305922
3309602
3314742
3316782
3317312
3318562
3319062
3319232
3319892
3320082
3320742
3321022
3321322
3321642
3321992
3322312
3323132
3323952
3324102
3324152
3324262
3324382
3325742
3326202
3326282
3326622
3326912
3327092
3327262
3327942
3328402
3328822
3329432
3332132
3332442
3333322
3333482
3334052
3334462
3334502
3334522
3334642
3334902
3335042
3335132
3335452
3335512
3335552
3335592
3335622
3335652
3335682
3335722
3335772
3335812
3336152
3336602
3337782
3337822
3337842
3337882
3338662
3338752
3338802
3338952
3340072
3340092
3340102
3340122
3340152
3340192
3340212
3340242
3340252
3340312
3340342
3340382
3340412
3340432
3340532
3340552
3340582
3340612
3340632
3340652
3340672
3340682
3340712
3340732
3340762
3340772
3340792
3340822
3341072
3341602
3342342
3342442
3343612
3343962
3344202
3344272
3344362
3344492
3344972
3345372
3345462
3345552
3345592
3345682
3345792
3346162
3346532
3346732
3346752
3346762
3346782
3346802
3346822
3346862
3346882
3346922
3346932
3346982
3347012
3347072
3347432
3347722
3347802
3348212
3349472
3349502
3349532
3349562
3349592
3349612
3349642
3349662
3349692
3349702
3349732
3349742
3349762
3349792
3349832
3349862
3350602
3350632
3350662
3350672
3350692
3350702
3350732
3350762
3350782
3350792
3350832
3350852
3350872
3350882
3350902
3350922
3350952
3350992
3351022
3351082
3351152
3351232
3352412
3352482
3352572
3352652
3352722
3352762
3352942
3353042
3353172
3353392
3353592
3353872
3353902
3354012
3354082
3354592
3355472
3355672
3355712
3355952
3356062
3356152
3356192
3356402
3356492
3356592
3356712
3356942
3357192
3357442
3357472
3357482
3357492
3357502
3357512
3357542
3357552
3357562
3357582
3357602
3357612
3357622
3357632
3357642
3357662
3357682
3357702
3357732
3357752
3357772
3357792
3357812
3357822
3357832
3357842
3357952
3357962
3357972
3357982
3358012
3358032
3358042
3358052
3358062
3358082
3358092
3358112
3358122
3358132
3358642
3358662
3358672
3358692
3358702
3358712
3358762
3358792
3358802
3358842
3358852
3358872
3358882
3358902
3358932
3358942
3358962
3358972
3358992
3359002
3359022
3359032
3359042
3359052
3359062
3359142
3359152
3359162
3359182
3359202
3359222
3359232
3359242
3359252
3359272
3359282
3359292
3359312
3359322
3359482
3359542
3361072
3361082
3361092
3361142
3363052
3363062
3363142
3363212
3363252
3363292
3363322
3363572
3363622
3363642
3363782
3363902
3363962
3364022
3364302
3364322
3364862
3365102
3365122
3365132
3365742
3366922
3366962
3367072
3367412
3367902
3368052
3368192
3368732
3369142
3369182
3369222
3369292
3369372
3369422
3369432
3369932
3369952
3370182
3370332
3371552
3371582
3371662
3371782
3371852
3372062
3372092
3372182
3372242
3372272
3372302
3372362
3372552
3372582
3372912
3373352
3373752
3374432
3374542
3374902
3374952
3374982
3375042
3375072
3375172
3375182
3375222
3375442
3377352
3377482
3377592
3378052
3379022
3379572
3379922
3380032
3380472
3380802
3381312
3381452
3381552
3381622
3381712
3381802
3381902
3382192
3382452
3382812
3383442
3384022
3384182
3385052
3385262
3385562
3386262
3386512
3386722
3386872
3387402
3388132
3388882
3389302
3389562
3389922
3390892
3391282
3391622
3391682
3391932
3392292
3392352
3392912
3393112
3393142
3393512
3393672
3393692
3394102
3394122
3394222
3394442
3394632
3394812
3394852
3394872
3394892
3394912
3394922
3394942
3394952
3394982
3394992
3395012
3395032
3395072
3395112
3395142
3395462
3395512
3395602
3395702
3395792
3395802
3395822
3395832
3395852
3395862
3395882
3395892
3395912
3395922
3395952
3395962
3395972
3395992
3396022
3396032
3396052
3396072
3396152
3396202
3396212
3396322
3396352
3396382
3396442
3396472
3396492
3397082
3397192
3397532
3397602
3397732
3397792
3397812
3397852
3397862
3397882
3397892
3397942
3397962
3398002
3398022
3398072
3398092
3398122
3398142
3398182
3398212
3398322
3398412
3398552
3398602
3398642
3398672
3398792
3398832
3398852
3399222
3399232
3399542
3399592
3399672
3399762
3399822
3399892
3399972
3400062
3400072
3400102
3400112
3400132
3400152
3400162
3400182
3400212
3400232
3400262
3400292
3400302
3400332
3400342
3400372
3400402
3400422
3400432
3400462
3400492
3400512
3400522
3400532
3400562
3400622
3400632
3400702
3400712
3400722
3400752
3400782
3400912
3400922
3400952
3400972
3401002
3401012
3401022
3401032
3401062
3401082
3401102
3401122
3401172
3401182
3401202
3401212
3401232
3401262
3401272
3401312
3401322
3401332
3401402
3401412
3401462
3401472
3401492
3401512
3401522
3401552
3401562
3401592
3401612
3401632
3401642
3401652
3401672
3401682
3401712
3401742
3401762
3401772
3401792
3401802
3401812
3401832
3401842
3401852
3401862
3401892
3401902
3401912
3401942
3401952
3401962
3401992
3402002
3402022
3402032
3402042
3402062
3402082
3402092
3402112
3402122
3402182
3402192
3402222
3402282
3402342
3402392
3402492
3402542
3402562
3402722
3402842
3402972
3403082
3403412
3403462
3403482
3403542
3403562
3403602
3403622
3403682
3403732
3403762
3403792
3403832
3403862
3403872
3403892
3403932
3403952
3403972
3404002
3404012
3404022
3404052
3404062
3404092
3404112
3404152
3404172
3404402
3404602
3404672
3404752
3404762
3404792
3404812
3404892
3404932
3404962
3404992
3405012
3405092
3405102
3405112
3405172
3405302
3405352
3405362
3405392
3405412
3405422
3405432
3405442
3405462
3405482
3405512
3405532
3405602
3405612
3405632
3405652
3405662
3405712
3405722
3405732
3405742
3405782
3405792
3405832
3405852
3405862
3405872
3405892
3405902
3405912
3405952
3405962
3405982
3406002
3406042
3406082
3406102
3406122
3406192
3406222
3406262
3406302
3406322
3406342
3406372
3406392
3406412
3406442
3406502
3406542
3406562
3406592
3406602
3406632
3406642
3406652
3406682
3406712
3406722
3406762
3406772
3407662
3408102
3408182
3409182
3409262
3409432
3409482
3409532
3409652
3409752
3409862
3410132
3410402
3410632
3410642
3411992
3414402
3414562
3414872
3414932
3414992
3415002
3415012
3415022
3415032
3415122
3415132
3415142
3415162
3415172
3415192
3415242
3415252
3415262
3415272
3415282
3415292
3415312
3415322
3415332
3415342
3415352
3415362
3415392
3415402
3415412
3415422
3415432
3415452
3415462
3415472
3415492
3415512
3415522
3415562
3415572
3415602
3415622
3415632
3415642
3415662
3415672
3415682
3415692
3415702
3415722
3415762
3415772
3415782
3415792
3416052
3416082
3416112
3416152
3416172
3416202
3416242
3416272
3416332
3416382
3416432
3416452
3416462
3416492
3416512
3416532
3416562
3416572
3416592
3416612
3416652
3416662
3416692
3416702
3416712
3416732
3416742
3416762
3417482
3417492
3417502
3417522
3417532
3417542
3417572
3417582
3417592
3417612
3417632
3417642
3417652
3417662
3417682
3417692
3417702
3417712
3417722
3417752
3417762
3417772
3417782
3417792
3417802
3417812
3417822
3417832
3417842
3417852
3417862
3417872
3417882
3417892
3417902
3417912
3417922
3417932
3417942
3417972
3417982
3417992
3418002
3418012
3418022
3418032
3418052
3418072
3418082
3418092
3418102
3418112
3418122
3418132
3418142
3418152
3418162
3418172
3418182
3418202
3418212
3418222
3418232
3418242
3418262
3418272
3418282
3418292
3418302
3418312
3418322
3418332
3418342
3418352
3418362
3418372
3418382
3418392
3418402
3418412
3418432
3418452
3418752
3418792
3418962
3420712
3420772
3420782
3421802
3421812
3421822
3421842
3421852
3421862
3422012
3422122
3422252
3422262
3422272
3422342
3422352
3422362
3422372
3422402
3422412
3422422
3422432
3422442
3422452
3422462
3422602
3422742
3422752
3423362
3423722
3423772
3423782
3423852
3423862
3423882
3423912
3423922
3423952
3423972
3424182
3424332
3424372
3424582
3424612
3424982
3425072
3425452
3425522
3425552
3425772
3425992
3426272
3426882
3426942
3426982
3427372
3427462
3427692
3427822
3427842
3427862
3427892
3428022
3428432
3428772
3428912
3428962
3429042
3429222
3429242
3429262
3429362
3429372
3429472
3429652
3429902
3429942
3430002
3430042
3430092
3430202
3430212
3430242
3430262
3430332
3430422
3430462
3430532
3430832
3430992
3431072
3431152
3431172
3431192
3431202
3431472
3431532
3431552
3431602
3431632
3431662
3431752
3431842
3431952
3432552
3432582
3432612
3432862
3433002
3433012
3433042
3433052
3433062
3433082
3433102
3433142
3433172
3433202
3433412
3433812
3433832
3434502
3434652
3434702
3434752
3434812
3434872
3434922
3434982
3435012
3435902
3436072
3436102
3436262
3436282
3436342
3436612
3436792
3436872
3437052
3437182
3437882
3438202
3438242
3438402
3438442
3438532
3438722
3438832
3438882
3439062
3439072
3439262
3439292
3439342
3439592
3439602
3439772
3439782
3439872
3439892
3440322
3440412
3440532
3440572
3440602
3440662
3440782
3440862
3440912
3440932
3440962
3441022
3441062
3441092
3441132
3441172
3441302
3441442
3441472
3441522
3441782
3441902
3441912
3442052
3442132
3442152
3442232
3442242
3442282
3442652
3442712
3442732
3442762
3442772
3442832
3443142
3443182
3443222
3443252
3443312
3443342
3443462
3443492
3443692
3443912
3444032
3444102
3444212
3444402
3444492
3444592
3444632
3444762
3444822
3444942
3444972
3445112
3445132
3445302
3445322
3445462
3445582
3445702
3445762
3445772
3445812
3445942
3445962
3446252
3446952
3446972
3447012
3447142
3447182
3447242
3447302
3447502
3447552
3447622
3447672
3447712
3447752
3447932
3447942
3448002
3448042
3448082
3448102
3448162
3448312
3448462
3448692
3448722
3448752
3448842
3448872
3448922
3448962
3448992
3449862
3450092
3450122
3450282
3452322
3452382
3452652
3452662
3453122
3453162
3453622
3453782
3454122
3454142
3454342
3454472
3454492
3454532
3454592
3454632
3454662
3454672
3454682
3454722
3454772
3454832
3454852
3455092
3455112
3455382
3455542
3455592
3455682
3455702
3455732
3455982
3456302
3456952
3457102
3457182
3457532
3457542
3457682
3457742
3457772
3457782
3457792
3457812
3457932
3458052
3458122
3458192
3458232
3458252
3458272
3458332
3458372
3458402
3458442
3458462
3458472
3458492
3458502
3458542
3458592
3458602
3458632
3458652
3458692
3458722
3458732
3458772
3458792
3459502
3459792
3459912
3460112
3460292
3461212
3461282
3461352
3461732
3462002
3462032
3462072
3462142
3462202
3462262
3462632
3462752
3463512
3463552
3463582
3463642
3464022
3464062
3464072
3464102
3464122
3464142
3464152
3464162
3464182
3464482
3464562
3464632
3464942
3465442
3466272
3466352
3466522
3466872
3467432
3468062
3468092
3468852
3468972
3469052
3469542
3469972
3470332
3470572
3471372
3471852
3472192
3472942
3473022
3473382
3473812
3474352
3475132
3475552
3477072
3477392
3477412
3477672
3478132
3479912
3481062
3482422
3482692
3482942
3483062
3483582
3483622
3483672
3483702
3483722
3483752
3483762
3483772
3483782
3483792
3483802
3483812
3483832
3483842
3483862
3483872
3483882
3483912
3483922
3483942
3483952
3483982
3483992
3484012
3484022
3484032
3484062
3484092
3484112
3484122
3484132
3484162
3484172
3484182
3484202
3484212
3484222
3484232
3484262
3484272
3484292
3484302
3484352
3484392
3484402
3484442
3484452
3484482
3484492
3484502
3484522
3484532
3484572
3484582
3484592
3484612
3484632
3484642
3484652
3484662
3484682
3484692
3484712
3484722
3484742
3484772
3484812
3484852
3484922
3484942
3484962
3484972
3485002
3485022
3485032
3485042
3485062
3485072
3485092
3485102
3485122
3485172
3485232
3485292
3485312
3485322
3485332
3485342
3485362
3485382
3485392
3485412
3485422
3485442
3485492
3485502
3485512
3485522
3485532
3485542
3485552
3485562
3485572
3485582
3485592
3485622
3485642
3485652
3485672
3485682
3485692
3485702
3485712
3485722
3485732
3485742
3485762
3485782
3485792
3485802
3485812
3485822
3485832
3485842
3485852
3485862
3485872
3485892
3485902
3485912
3485922
3485932
3485942
3485952
3485962
3485972
3485982
3485992
3486002
3486012
3486022
3486082
3486122
3486162
3486192
3486232
3486262
3486282
3486292
3486312
3486332
3486342
3486362
3486382
3486412
3486422
3486442
3486612
3486952
3487022
3487042
3487382
3487422
3487742
3488242
3488512
3488522
3488552
3488682
3488692
3488772
3488782
3488802
3488822
3488882
3488902
3489432
3489472
3489642
3489682
3489832
3490432
3490482
3490512
3490532
3490562
3490582
3490632
3490652
3490682
3490702
3490722
3490762
3491322
3491472
3491502
3491552
3491632
3491692
3491792
3491812
3491882
3491982
3492102
3492112
3492152
3492182
3492462
3492502
3492552
3492652
3492742
3492822
3493432
3493812
3493942
3494892
3495072
3495142
3495632
3495722
3495792
3495932
3495982
3496012
3496072
3496082
3496132
3496722
3496912
3497232
3497552
3497712
3497912
3498022
3498062
3498092
3498102
3498202
3498332
3498522
3498942
3499012
3499062
3499132
3499172
3499182
3499222
3499302
3499332
3499672
3499692
3500202
3500382
3500992
3501212
3501602
3501682
3501752
3502222
3502512
3503002
3503072
3503292
3503362
3503432
3503782
3504282
3504322
3504332
3504352
3504532
3504602
3504672
3504752
3504852
3504922
3504992
3505002
3505192
3505762
3505902
3505982
3506242
3506262
3506332
3506462
3506602
3506652
3506662
3506952
3506962
3507012
3507052
3507182
3507222
3507302
3507332
3507352
3507392
3507482
3507992
3509292
3509362
3509412
3509492
3509502
3509562
3509582
3509622
3509672
3509702
3509742
3509772
3509812
3509892
3509912
3510852
3511442
3511512
3511562
3511572
3511582
3512232
3513292
3513422
3514062
3514552
3514632
3516242
3516732
3517152
3517512
3518012
3518242
3519292
3520102
3521172
3521272
3521302
3521332
3521472
3521522
3521592
3522792
3522852
3522902
3522962
3523022
3523072
3523112
3523282
3524082
3524382
3524402
3524422
3524432
3524472
3524502
3524542
3524652
3524672
3524692
3524732
3524742
3524772
3524782
3524802
3524812
3524822
3524832
3524862
3524872
3524892
3524902
3524912
3524922
3524932
3524942
3524952
3524972
3524982
3524992
3525012
3525032
3525042
3525052
3525072
3525082
3525092
3525102
3525122
3525142
3525162
3525172
3525182
3525192
3525202
3525212
3525222
3525232
3525242
3525252
3525262
3525282
3525292
3525302
3525312
3525322
3525342
3525362
3525382
3525392
3525402
3525412
3525432
3525442
3525462
3525472
3525492
3525512
3525532
3525542
3525552
3525562
3525572
3525582
3525602
3525642
3525682
3525722
3525742
3525752
3525762
3525802
3525812
3525832
3525842
3525852
3525862
3525872
3525882
3525892
3525902
3525912
3525942
3525952
3525972
3525982
3525992
3526012
3526022
3526032
3526042
3526052
3526092
3526122
3526152
3526172
3526212
3526222
3526242
3526272
3526282
3526292
3526322
3526332
3526342
3526362
3526392
3526402
3526422
3526462
3526472
3526492
3526502
3526522
3526532
3526542
3526552
3526562
3526582
3526612
3526622
3526632
3526652
3526662
3526672
3526692
3526702
3526712
3526722
3526742
3526752
3526772
3526792
3526802
3526812
3526822
3526832
3526842
3526852
3526862
3526872
3526882
3526892
3526902
3526912
3526922
3526932
3526942
3526952
3526962
3526972
3526982
3526992
3527002
3527022
3527032
3527042
3527052
3527062
3527072
3527082
3527092
3527112
3527122
3527132
3527142
3527162
3527172
3527192
3527202
3527222
3527232
3527262
3527282
3527292
3527302
3527322
3527352
3527492
3527822
3527852
3527882
3527932
3527952
3528422
3528542
3528612
3528632
3528652
3528662
3528682
3528692
3528702
3528722
3528732
3528742
3528772
3528792
3528802
3528812
3528832
3528842
3528852
3528862
3528872
3528882
3528892
3528902
3528912
3529552
3529562
3529692
3529712
3529732
3529772
3529792
3529802
3530072
3530502
3531412
3531442
3531702
3531882
3532242
3532722
3532802
3532852
3532902
3533022
3533122
3533152
3533272
3533422
3533452
3533522
3533552
3533612
3533672
3533722
3533782
3533812
3533852
3534002
3534112
3534132
3534172
3534202
3534252
3534282
3534302
3534322
3534342
3534362
3534372
3534462
3534472
3534492
3534512
3534542
3534562
3534572
3534582
3534602
3534612
3534632
3534642
3534692
3534732
3534762
3535242
3535272
3535592
3535622
3535652
3535682
3535692
3535762
3535802
3535842
3535892
3535932
3535952
3536002
3536112
3536162
3536192
3536212
3536222
3536232
3536252
3536282
3536302
3536352
3536362
3536392
3536422
3536432
3536452
3536482
3536492
3536502
3536512
3536532
3536572
3536592
3536642
3536672
3536682
3536712
3536732
3536762
3536772
3536862
3536902
3536922
3536982
3537012
3537082
3537162
3537222
3537302
3537332
3537362
3537402
3537412
3537462
3537542
3537622
3537692
3537762
3537882
3537922
3537942
3537982
3538062
3538182
3538612
3538902
3538922
3538992
3539002
3539042
3539152
3539262
3539832
3539952
3540022
3540042
3540082
3540122
3540242
3540272
3540292
3540312
3540422
3540482
3540552
3540632
3540682
3540742
3541042
3541252
3541312
3542492
3542812
3542902
3543002
3543162
3543222
3543352
3543472
3543502
3543572
3543642
3543672
3544032
3544072
3544352
3544412
3544452
3544492
3544542
3545102
3545702
3545922
3546092
3546592
3547072
3547502
3547512
3547522
3547882
3548512
3548522
3548532
3548832
3549432
3549552
3549562
3549592
3549792
3549832
3549852
3549882
3549892
3549932
3549962
3550122
3550152
3550182
3550252
3550842
3551152
3551192
3551302
3551622
3551642
3551662
3551702
3552002
3552022
3552172
3552222
3552262
3552362
3552422
3553092
3553312
3553562
3553612
3553662
3553692
3553702
3553842
3553892
3553962
3554302
3554502
3554562
3554712
3555092
3555182
3555472
3555512
3555572
3555692
3555922
3556142
3556222
3556352
3556482
3556492
3556512
3556532
3556902
3556922
3556952
3556992
3557002
3557012
3557122
3557792
3557842
3557872
3558382
3558422
3558472
3558482
3559302
3559642
3559652
3559712
3559862
3559982
3559992
3560002
3560072
3560122
3560282
3560292
3560382
3560402
3560522
3560652
3560732
3560742
3561562
3562782
3563382
3563822
3564012
3565242
3565312
3565452
3565752
3566492
3566532
3566852
3567052
3567352
3568162
3568622
3568762
3569122
3569492
3569502
3569562
3569622
3569742
3569782
3569922
3570032
3570262
3570282
3570402
3570442
3570612
3570652
3570812
3570912
3570962
3571042
3571352
3571392
3572172
3573352
3573422
3574322
3574512
3575092
3575292
3575372
3576092
3576362
3576712
3576962
3578402
3578892
3579382
3579812
3579852
3580762
3581592
3582802
3584772
3587192
3587232
3587462
3587822
3587962
3588202
3588512
3589362
3589462
3589912
3590802
3590862
3591752
3591812
3592012
3592292
3592392
3592732
3592802
3592832
3592842
3592972
3593162
3594182
3594542
3594942
3595482
3595532
3595852
3595922
3596092
3596222
3596302
3596472
3596822
3596842
3596852
3596872
3596882
3596892
3596902
3596932
3596942
3596952
3596972
3596982
3597022
3597032
3597062
3597082
3597102
3597122
3597132
3597142
3597182
3597202
3597212
3597222
3597242
3597252
3597262
3597272
3597282
3597292
3597312
3597322
3597342
3597352
3597392
3597402
3597422
3597432
3597442
3597452
3597462
3597472
3597482
3597492
3597502
3597512
3597542
3597562
3597712
3597722
3597742
3597752
3597762
3597782
3597802
3597822
3597832
3597842
3597852
3597862
3597872
3597882
3597892
3597902
3597912
3597932
3597952
3597982
3598002
3598012
3598122
3598142
3598162
3598192
3598242
3598302
3598402
3598492
3598652
3598662
3598672
3598712
3598732
3598772
3598792
3598802
3598822
3598832
3598842
3599122
3599232
3599312
3599452
3599462
3599492
3599502
3599512
3599522
3599532
3599542
3599562
3599572
3599602
3599612
3599632
3599642
3599652
3599672
3599692
3599702
3599782
3599792
3599802
3599812
3599842
3599862
3599872
3599882
3599892
3599902
3599942
3599952
3599992
3600002
3600022
3600032
3600062
3600072
3600082
3600092
3600102
3600112
3600132
3600142
3600152
3600162
3600172
3600192
3600202
3600222
3600242
3600262
3600292
3600302
3600312
3600322
3600342
3600362
3600382
3600392
3600402
3600412
3600422
3600462
3600482
3600492
3600502
3600512
3600532
3600562
3600582
3600612
3600632
3600642
3600662
3600672
3600682
3600942
3601002
3601032
3601052
3601232
3601352
3601412
3601952
3602042
3602202
3602292
3602352
3602842
3603872
3605392
3605562
3605772
3605922
3606182
3606202
3606212
3606232
3606252
3607442
3607472
3607482
3607502
3607792
3608472
3608502
3609002
3609022
3609032
3609052
3610242
3610722
3611022
3611032
3611042
3611062
3611072
3611562
3611622
3611632
3611682
3611702
3611712
3611722
3611752
3611922
3611952
3611982
3611992
3612012
3612022
3612032
3612042
3612352
3612432
3612452
3612472
3612482
3612492
3612502
3612532
3613322
3613332
3613342
3613582
3613602
3613612
3613622
3613632
3613642
3613652
3613682
3613692
3613702
3613712
3613722
3613732
3613742
3613762
3613772
3613782
3613802
3613822
3613832
3613842
3614022
3614032
3614072
3614082
3614382
3614402
3614442
3614612
3614672
3615122
3615412
3615472
3615532
3615632
3615742
3615892
3615932
3616072
3616212
3616322
3616752
3616802
3617272
3617982
3618002
3618112
3618182
3618222
3618252
3618322
3618422
3618472
3618482
3618582
3619142
3619182
3619752
3620232
3621162
3621182
3621412
3621522
3622002
3622052
3622142
3622352
3622452
3622942
3623072
3623082
3623342
3625162
3625342
3625892
3627172
3627912
3628582
3628622
3628722
3629162
3629322
3629412
3629852
3630112
3630362
3630632
3630642
3632252
3632532
3633032
3633252
3633692
3634002
3635712
3635842
3636512
3636862
3637202
3637572
3637662
3637902
3637932
3638012
3638042
3638072
3638202
3638342
3638462
3638502
3638522
3638532
3638552
3638562
3638572
3638592
3638602
3638622
3638642
3638672
3638682
3638712
3638732
3638752
3638762
3638782
3638792
3638812
3638822
3638832
3638852
3638862
3638872
3638882
3638902
3638912
3639022
3639032
3639042
3639062
3639072
3639082
3639102
3639122
3639142
3639152
3639172
3639182
3639192
3639222
3639382
3639422
3639502
3639582
3639612
3639692
3639832
3639942
3640062
3640092
3640142
3640242
3640252
3640262
3640282
3640302
3640312
3640322
3640332
3640382
3640402
3640412
3640432
3640442
3640452
3640462
3640472
3640482
3640492
3640522
3640532
3640542
3640552
3640562
3640592
3640602
3640612
3640642
3640652
3640662
3640752
3640782
3640792
3640802
3640822
3640832
3640842
3640862
3640872
3640892
3640902
3640922
3640942
3640952
3640972
3641102
3641292
3641482
3641502
3641632
3641732
3641832
3642052
3642062
3642082
3642102
3642142
3642152
3642182
3642192
3642202
3642232
3642262
3642272
3642292
3642312
3642322
3642332
3642352
3642372
3642392
3642412
3642422
3642512
3642702
3642712
3642822
3643012
3643162
3643182
3643512
3643602
3643672
3643812
3643902
3643992
3644102
3644172
3644402
3645022
3645032
3645292
3646112
3646792
3647062
3647082
3647102
3647122
3647142
3647152
3647162
3647172
3647192
3647212
3647252
3647262
3647272
3647282
3647292
3647302
3647312
3647322
3647332
3647412
3647422
3647432
3647582
3647612
3648422
3648562
3648582
3648602
3648612
3648852
3648862
3648882
3648902
3648922
3648952
3648992
3649012
3649052
3649062
3649082
3649102
3649112
3649132
3649142
3649152
3649172
3649182
3649202
3649212
3649222
3649232
3649252
3649262
3649272
3649282
3649292
3649302
3649322
3649332
3649352
3649362
3649372
3649382
3649392
3649412
3649422
3649432
3649442
3649452
3649472
3649482
3649492
3649502
3649512
3649522
3649532
3649542
3649552
3649562
3649572
3649582
3649592
3649602
3649622
3649642
3649652
3649662
3649672
3649682
3649692
3649702
3649712
3649722
3649732
3649742
3649752
3649762
3649772
3649782
3649792
3649822
3649852
3649862
3649872
3649892
3649902
3649912
3649922
3649932
3649942
3649952
3649972
3650002
3650022
3650032
3650052
3650062
3650072
3650082
3650112
3650132
3650142
3650152
3650172
3650182
3650332
3650392
3650422
3650452
3650932
3651332
3651402
3651702
3652542
3653012
3653362
3653422
3653872
3654422
3654652
3654822
3654992
3655072
3655282
3655332
3655422
3655482
3656332
3656512
3656722
3656732
3656782
3656822
3656852
3656902
3657022
3657132
3657442
3657482
3657502
3657722
3657852
3657892
3658042
3658102
3658752
3658902
3659072
3659432
3659652
3659842
3659942
3660122
3660272
3660342
3660392
3660552
3660562
3660852
3660932
3661362
3661512
3661532
3661562
3661592
3661722
3661772
3661792
3661802
3661972
3662082
3662152
3662162
3662182
3662312
3662452
3662702
3662722
3662922
3662942
3663022
3663102
3663212
3663332
3663412
3663472
3663782
3663872
3663962
3664152
3664182
3664292
3664302
3664362
3664402
3664502
3664522
3664612
3664622
3664652
3664712
3664822
3664952
3665042
3665152
3665252
3665392
3665402
3665562
3665592
3665622
3665732
3665752
3666012
3666092
3666252
3666262
3666292
3666312
3666352
3666402
3666432
3666482
3666542
3666582
3666702
3666732
3666772
3666792
3670742
3672182
3673132
3673252
3673722
3674262
3674302
3674532
3674742
3675372
3677062
3677102
3677522
3677592
3677802
3677922
3678302
3680052
3680322
3680362
3680822
3681402
3681712
3681742
3681832
3681872
3681962
3682692
3682792
3683222
3683252
3683302
3683352
3683382
3683402
3683432
3683452
3683682
3683712
3683722
3683742
3683772
3683812
3683852
3683912
3683932
3683942
3684092
3684442
3684532
3684642
3684802
3685012
3685182
3685262
3685392
3685692
3685872
3686622
3686732
3686882
3687062
3687112
3687162
3687392
3687562
3687582
3687672
3687922
3687972
3688202
3688522
3688552
3688592
3688712
3688722
3688732
3688772
3688782
3689052
3689242
3689262
3689292
3689352
3689362
3689392
3689402
3689492
3689672
3690172
3690192
3690262
3690382
3690492
3690672
3690702
3690732
3690792
3690922
3691032
3691042
3691092
3691322
3691402
3691412
3691562
3691732
3691772
3692132
3692242
3692272
3692312
3692392
3692402
3692442
3692502
3692622
3692652
3692692
3693222
3693262
3693372
3693382
3693422
3693522
3693662
3693792
3693802
3693812
3693832
3693842
3693862
3693872
3694402
3694712
3694782
3695032
3695132
3695142
3695162
3695212
3695372
3695442
3695452
3695512
3695552
3695562
3695582
3695602
3695642
3695802
3695842
3696742
3696762
3696802
3696812
3696922
3697732
3697742
3697902
3698442
3699172
3699452
3699542
3699712
3699742
3699752
3699762
3699832
3699932
3699952
3699972
3700072
3700182
3700592
3700792
3700862
3701152
3701262
3701332
3701422
3701502
3701632
3701652
3701672
3701682
3701702
3701712
3701732
3701742
3701752
3701762
3701832
3701842
3701852
3701882
3701992
3702012
3702032
3702072
3702122
3702262
3702282
3702302
3702312
3702542
3702602
3702622
3702642
3702672
3702782
3702842
3702942
3702962
3703142
3703282
3703322
3703862
3703902
3704002
3704012
3704022
3704032
3704042
3704072
3704152
3704162
3704172
3704182
3704312
3704362
3704472
3705012
3705142
3705162
3705172
3705182
3705192
3705212
3705222
3705232
3705252
3705262
3705272
3705282
3705292
3705302
3705312
3705352
3705362
3705372
3705392
3705402
3705412
3705432
3705502
3705982
3706002
3706022
3706032
3706042
3706052
3706162
3706182
3706202
3706212
3706262
3706292
3706302
3706352
3706392
3706432
3706452
3706512
3706542
3706562
3706602
3706612
3706632
3706672
3706692
3706712
3706732
3706772
3706792
3706862
3706982
3707012
3707132
3707142
3707202
3707252
3707342
3707482
3707492
3707502
3707512
3707602
3707612
3707662
3707792
3707812
3707982
3707992
3708002
3708072
3708162
3708402
3708422
3708472
3708492
3708542
3708562
3708682
3708842
3708932
3708982
3709122
3709202
3709242
3709252
3709312
3709462
3709532
3709552
3709582
3709612
3709642
3709682
3709832
3709872
3709932
3709962
3709982
3710072
3710132
3710262
3710272
3710282
3710292
3710312
3710322
3710652
3710662
3710672
3710682
3710692
3710702
3710812
3710822
3710832
3710842
3710922
3710952
3711272
3711362
3711392
3711402
3711412
3711452
3711522
3711532
3711622
3711712
3711752
3711882
3711932
3711962
3712062
3712342
3712422
3712482
3712492
3712502
3712692
3712722
3713032
3713052
3713072
3713522
3713772
3713912
3714002
3714022
3714032
3714042
3714052
3714062
3714072
3714272
3714292
3714302
3714312
3714322
3714332
3714352
3714362
3714372
3714522
3714612
3714622
3714632
3714642
3714692
3714712
3714752
3714782
3715002
3715152
3715522
3715712
3715972
3715982
3716002
3716012
3716082
3716092
3716122
3716302
3716322
3716332
3716342
3716352
3716602
3716612
3716762
3716792
3716832
3716932
3717232
3717302
3717332
3717382
3717542
3717702
3718302
3718322
3718872
3718882
3718892
3718912
3718942
3719082
3719102
3719122
3719132
3719172
3719182
3719192
3719212
3719252
3719262
3719282
3719292
3719322
3719342
3719642
3719662
3719872
3720262
3720322
3720912
3721152
3721222
3721332
3721362
3721392
3721492
3721542
3721842
3721962
3722012
3722172
3722182
3722222
3722242
3722302
3722372
3722442
3722542
3722552
3722562
3722572
3722592
3722602
3722612
3722622
3722632
3722652
3724122
3724272
3724542
3724652
3724662
3724702
3724752
3724832
3725102
3725132
3725142
3725272
3725512
3725652
3725672
3725872
3725882
3725942
3725962
3726022
3726042
3726062
3726072
3726082
3726262
3726472
3726492
3726502
3726522
3726532
3726542
3726592
3726632
3726812
3726822
3726912
3726982
3727012
3727062
3727172
3727382
3727412
3727612
3727782
3727962
3727992
3728032
3728142
3728202
3728452
3728542
3728582
3728592
3728602
3728612
3728642
3728652
3728692
3728752
3728772
3728832
3728962
3729052
3729092
3729112
3729132
3729182
3729192
3729202
3729212
3729392
3729492
3729502
3729702
3729892
3729912
3729962
3730152
3730182
3730352
3730492
3730532
3730562
3730702
3730732
3730902
3731002
3731052
3731242
3731252
3731322
3731402
3732012
3732062
3732372
3732382
3732402
3732492
3732532
3732922
3732942
3733062
3733112
3733192
3733202
3733232
3733272
3733372
3733402
3733442
3733512
3733852
3734042
3734462
3734652
3734692
3734712
3734922
3734952
3734972
3734992
3735022
3735042
3735092
3735172
3735272
3735412
3735442
3735622
3735632
3735652
3735662
3735672
3735792
3735842
3735912
3735922
3735942
3735952
3735962
3735972
3735982
3735992
3736002
3736012
3736022
3736032
3736042
3736102
3736192
3736212
3736222
3736232
3736242
3736252
3736262
3736272
3736282
3736292
3736302
3736352
3736462
3736482
3736502
3736652
3736672
3736682
3736692
3736702
3736712
3736722
3736732
3736742
3736762
3736992
3737132
3737322
3737332
3737342
3737352
3737362
3737372
3737382
3737392
3737402
3737412
3737642
3737652
3737712
3737802
3737862
3737872
3737892
3737902
3737912
3737932
3737942
3737972
3737992
3738002
3738032
3738062
3738232
3738512
3738522
3738532
3738542
3738552
3738562
3738572
3738592
3738612
3738622
3738712
3738772
3738842
3738912
3739142
3739162
3739242
3739272
3739632
3740052
3740312
3740342
3740402
3740442
3740472
3740492
3740522
3740562
3740582
3740752
3740912
3741152
3741212
3741222
3741312
3741362
3741842
3742032
3742042
3742312
3742342
3742462
3743032
3743092
3743122
3743142
3743362
3743412
3743792
3743942
3743982
3744032
3744282
3744512
3745012
3745022
3745032
3745042
3745052
3745062
3745082
3745092
3745102
3745112
3745132
3745142
3745152
3745162
3745172
3745182
3745192
3745202
3745212
3745222
3745262
3745272
3745282
3745292
3745302
3745312
3745322
3745332
3745342
3745352
3745372
3745382
3745392
3745402
3745412
3745422
3745432
3745442
3745452
3745462
3745522
3745562
3745612
3745622
3745652
3746092
3746152
3746212
3746242
3746312
3746432
3746452
3746462
3746482
3746642
3746672
3747792
3748022
3748032
3748052
3748062
3748072
3748082
3748092
3748102
3748122
3748142
3748262
3748532
3748572
3748902
3748922
3749092
3749172
3749272
3749292
3749572
3749662
3749672
3749692
3749712
3749732
3749742
3749752
3749762
3749772
3749782
3750222
3750302
3750332
3750342
3750672
3750722
3750772
3750952
3751062
3751112
3751182
3751312
3751322
3751332
3751352
3751382
3751462
3751532
3751622
3751632
3751732
3751842
3752242
3752362
3752372
3752452
3752522
3752672
3752782
3753002
3753052
3753142
3753162
3753192
3753462
3753622
3753682
3753752
3753812
3753822
3753922
3753932
3753952
3754452
3754462
3754492
3754502
3754512
3754702
3754832
3754882
3754932
3755622
3755652
3755732
3755972
3756142
3756292
3756452
3756562
3756692
3756942
3756972
3757152
3757272
3757342
3757602
3757612
3757632
3757732
3757872
3757922
3757942
3758012
3758022
3758112
3758312
3758332
3758452
3758612
3759332
3759342
3759352
3759382
3759632
3759872
3759902
3760562
3760852
3760922
3760972
3760982
3761792
3762402
3762482
3762552
3762592
3763142
3763252
3763442
3763512
3763572
3763592
3763802
3763812
3763822
3764022
3764052
3764292
3764312
3764462
3764552
3765312
3765362
3765412
3765432
3765582
3765592
3765602
3765612
3765622
3765632
3765642
3765652
3765662
3765672
3765682
3765692
3765712
3765722
3765732
3765802
3765982
3766012
3766422
3766482
3766812
3766932
3766952
3767042
3767072
3767592
3767642
3767682
3767822
3768042
3768172
3768212
3768702
3768722
3768772
3768792
3769072
3769442
3769512
3770312
3770362
3770522
3770532
3770542
3770552
3770582
3770682
3770762
3770832
3770882
3770892
3770912
3770992
3771002
3771012
3771032
3771042
3771052
3771062
3771082
3771092
3771132
3771162
3771552
3771702
3771742
3771752
3771792
3771962
3772042
3772092
3772192
3772222
3772242
3772322
3772442
3772582
3772702
3772722
3772732
3772742
3772752
3772762
3772772
3772782
3772832
3772852
3772862
3772922
3772952
3772962
3772972
3772982
3773002
3773112
3773332
3773402
3773422
3773452
3773462
3773522
3773552
3773562
3773572
3773592
3773602
3773612
3773622
3773632
3773652
3773662
3773692
3773812
3773832
3773862
3773982
3774022
3774092
3774112
3774242
3774392
3774402
3774442
3774452
3774472
3774482
3774492
3774522
3774692
3774802
3774902
3775132
3775262
3775522
3775532
3775542
3775552
3775562
3775572
3775582
3775592
3775602
3775612
3775622
3775632
3775682
3775812
3776072
3776102
3776142
3776172
3776202
3776362
3776452
3776582
3776592
3776602
3776612
3776622
3776632
3776652
3776662
3776672
3776682
3776692
3776712
3776722
3776732
3776742
3776752
3776792
3776802
3776812
3776902
3777062
3777072
3777082
3777092
3777102
3777122
3777152
3777162
3777172
3777182
3777192
3777212
3777232
3777242
3777732
3777872
3778152
3778182
3778242
3778322
3778372
3778442
3778642
3778772
3778812
3778842
3778882
3778912
3778922
3778952
3778992
3779002
3779012
3779122
3779232
3779242
3779302
3779312
3779322
3779542
3779682
3780122
3780152
3780262
3780642
3780692
3780702
3780712
3780822
3781022
3781122
3781132
3781322
3781672
3781912
3781922
3781932
3782072
3782082
3782452
3782462
3782512
3782542
3782792
3782892
3782942
3783012
3783152
3783222
3784012
3784062
3784132
3784172
3784262
3784292
3784322
3784342
3784352
3784432
3784502
3784542
3784582
3784682
3784712
3784802
3784852
3784902
3784912
3784922
3784932
3784942
3784972
3785382
3785812
3785842
3785952
3786252
3786452
3786482
3786702
3787202
3787252
3787262
3787392
3787672
3787772
3788042
3788502
3788602
3788762
3789052
3789162
3789302
3789402
3789492
3789902
3790112
3790462
3790712
3790742
3790872
3790922
3791742
3791752
3791792
3792172
3792522
3792702
3793102
3793162
3793172
3793202
3793222
3793392
3793512
3793582
3793592
3793802
3793892
3793972
3794052
3794182
3794232
3794612
3794692
3794972
3795032
3795432
3795442
3795452
3795472
3795482
3795492
3795502
3795512
3795522
3795532
3795542
3795552
3795562
3795582
3795592
3795612
3795642
3795652
3795702
3795742
3795762
3795822
3795872
3795882
3795892
3795902
3795922
3795932
3795942
3795962
3795972
3795982
3796002
3796012
3796032
3796042
3796052
3796062
3796072
3796082
3796102
3796112
3796122
3796132
3796142
3796152
3796182
3796192
3796202
3796212
3796222
3796252
3796262
3796272
3796282
3796292
3796302
3796452
3796462
3796472
3796482
3796492
3796502
3796512
3796522
3796532
3796542
3796552
3796562
3796572
3796582
3796592
3796602
3796632
3796642
3796652
3796662
3796722
3796732
3796842
3796852
3796862
3796872
3796882
3796892
3796902
3796912
3796922
3796932
3796942
3796952
3796962
3796972
3796982
3796992
3797002
3797012
3797022
3797032
3797042
3797052
3797062
3797072
3797082
3797092
3797102
3797122
3797132
3797142
3797152
3797162
3797172
3797182
3797192
3797202
3797212
3797222
3797242
3797252
3797262
3797272
3797282
3797302
3797312
3797322
3797332
3797342
3797392
3797402
3797412
3797422
3797432
3797442
3797452
3797462
3797472
3797482
3797492
3797502
3797512
3797522
3797532
3797542
3797552
3797562
3797572
3797582
3797592
3797602
3797612
3797622
3797632
3797652
3797662
3797672
3797682
3797692
3797702
3797712
3797722
3797732
3797742
3797752
3797762
3797772
3797782
3797792
3797802
3797812
3797822
3797832
3797842
3797852
3797862
3797872
3797882
3797892
3797902
3797952
3798002
3798572
3798612
3798632
3798762
3798982
3799042
3799092
3799142
3799152
3799372
3799832
3800022
3800032
3800052
3800122
3800172
3800222
3800282
3800292
3800302
3800322
3800372
3800472
3800482
3800852
3801152
3801172
3801182
3801202
3801252
3801262
3801292
3801342
3801402
3801442
3801452
3801472
3801512
3801532
3801772
3801992
3802012
3802072
3802232
3802342
3802382
3802412
3802552
3802562
3802672
3802682
3802702
3802712
3802872
3802892
3802902
3802912
3802922
3802932
3802942
3802952
3802962
3802972
3802982
3802992
3803002
3803012
3803022
3803032
3803042
3803052
3803062
3803072
3803082
3803092
3803102
3803112
3803122
3803132
3803142
3803152
3803162
3803172
3803182
3803192
3803202
3803212
3803222
3803322
3803722
3803732
3803762
3803792
3803872
3803892
3803962
3803992
3804402
3804432
3804452
3804462
3804472
3804482
3804532
3804562
3804582
3804592
3804602
3804622
3804632
3804652
3804672
3804692
3804702
3804712
3804722
3804732
3804742
3804752
3804772
3804792
3805012
3805262
3805382
3805432
3805442
3805452
3805522
3805542
3805612
3805672
3805832
3805892
3805932
3805952
3806122
3806132
3806202
3806232
3806442
3806532
3806542
3806582
3806762
3806862
3806892
3807262
3807292
3807342
3807452
3807632
3807682
3807802
3807912
3807932
3807952
3807992
3808022
3808042
3808142
3808222
3808282
3808292
3808302
3808382
3808462
3808492
3808752
3809142
3809312
3809482
3809632
3810012
3810022
3810042
3810052
3810062
3810072
3810092
3810102
3810112
3810122
3810132
3810162
3810172
3810182
3810192
3810202
3810212
3810222
3810232
3810242
3810252
3810262
3810272
3810282
3810292
3810302
3810342
3810352
3810362
3810372
3810382
3810392
3810402
3810412
3810422
3810432
3810442
3810452
3810462
3810472
3810482
3810492
3810502
3810512
3810522
3810532
3810542
3810552
3810562
3810572
3810582
3810612
3810622
3810632
3810642
3810652
3810712
3810732
3810932
3810992
3811122
3811202
3811222
3811272
3811332
3811382
3811422
3811432
3811442
3811452
3811462
3811472
3811482
3811492
3811502
3811512
3811522
3811532
3811542
3811552
3811562
3811572
3811582
3811592
3811612
3811622
3811632
3811642
3811652
3811662
3811672
3811682
3811692
3811702
3811712
3811722
3811732
3811742
3811762
3811772
3811782
3811792
3811802
3811812
3811822
3811832
3811842
3811852
3811862
3811872
3811882
3811892
3811902
3811912
3811922
3811942
3811962
3811972
3811982
3811992
3812002
3812012
3812022
3812032
3812042
3812062
3812072
3812102
3812132
3812142
3812152
3812162
3812172
3812182
3812192
3812202
3812212
3812222
3812232
3812242
3812252
3812262
3812282
3812292
3812302
3812312
3812322
3812332
3812342
3812352
3812362
3812372
3812382
3812392
3812402
3812412
3812422
3812432
3812442
3812452
3812462
3812472
3812482
3812492
3812502
3812512
3812522
3812532
3812542
3812552
3812572
3812582
3812592
3812602
3812612
3812632
3812642
3812652
3812662
3812672
3812682
3812692
3812702
3812712
3812722
3812732
3812902
3812942
3813052
3813072
3813082
3813482
3813502
3813512
3813582
3813632
3813662
3813742
3813842
3813862
3813912
3814062
3814312
3814362
3814382
3814392
3814422
3814452
3814562
3814572
3814582
3814732
3814762
3814852
3814952
3815052
3815182
3815222
3815252
3815272
3815472
3815532
3815542
3815622
3815632
3815642
3815692
3815812
3816062
3816322
3816342
3816472
3816602
3816612
3816622
3816632
3816642
3816662
3816792
3816962
3817002
3817342
3817362
3817392
3817672
3817682
3817872
3817902
3818352
3818382
3818842
3818852
3818912
3819012
3819122
3819302
3819372
3819412
3819532
3819552
3819642
3819672
3819782
3820052
3820202
3820542
3820622
3820642
3820762
3820852
3820892
3820972
3820992
3821032
3821162
3821222
3821252
3821282
3821292
3821312
3821382
3821752
3821932
3822032
3822312
3822322
3822362
3822392
3822412
3822522
3822572
3822742
3822782
3822802
3822832
3822872
3822922
3823022
3823152
3823172
3823192
3823262
3824102
3824122
3824162
3824212
3824242
3824572
3824792
3825712
3825722
3825772
3826032
3826142
3826962
3827642
3827752
3827762
3827792
3827802
3827822
3828092
3828122
3828162
3828232
3828442
3828892
3829072
3829142
3829272
3829282
3829362
3829492
3829592
3829652
3829702
3829892
3830042
3830142
3830182
3830212
3830242
3830272
3830502
3830522
3830622
3830652
3830702
3830712
3830772
3830782
3830802
3830942
3830952
3830992
3831052
3831092
3831162
3831182
3831312
3832072
3832082
3832102
3832122
3832212
3832242
3832252
3832262
3832352
3832402
3832552
3832732
3832872
3832952
3832982
3833092
3833132
3833232
3833282
3833302
3833312
3833322
3833332
3833342
3833352
3833362
3833372
3833382
3833392
3833402
3833412
3833422
3833432
3833442
3833452
3833462
3833472
3833482
3833492
3833502
3833512
3833522
3833532
3833542
3833552
3833562
3833572
3833582
3833592
3833602
3833612
3833622
3833632
3833642
3833652
3833662
3833672
3833682
3833692
3833702
3833712
3833722
3833732
3833742
3833752
3833762
3833772
3833782
3833792
3833802
3833812
3833822
3833832
3833842
3833852
3833862
3833872
3833882
3833892
3833902
3833912
3833922
3833932
3833942
3833952
3833962
3833972
3833982
3833992
3834002
3834012
3834022
3834032
3834042
3834052
3834062
3834092
3834102
3834112
3834122
3834132
3834142
3834152
3834162
3834172
3834182
3834192
3834202
3834212
3834222
3834242
3834252
3834262
3834272
3834282
3834292
3834302
3834312
3834332
3834342
3834522
3834532
3834542
3834552
3834572
3834592
3834602
3834612
3834622
3834632
3834642
3834652
3834662
3834672
3834682
3834692
3834702
3834722
3834732
3834742
3834752
3834772
3834792
3834802
3834812
3834822
3834832
3834842
3834852
3834862
3834872
3834892
3834912
3834922
3834932
3834942
3834952
3834962
3834972
3834982
3834992
3835002
3835012
3835022
3835042
3835062
3835072
3835082
3835092
3835102
3835112
3835122
3835142
3835152
3835162
3835172
3835182
3835192
3835202
3835212
3835222
3835232
3835252
3835262
3835272
3835292
3835302
3835322
3835332
3835342
3835352
3835372
3835382
3835392
3835402
3835412
3835422
3835432
3835442
3835452
3835462
3835472
3835482
3835492
3835502
3835512
3835522
3835532
3835552
3835562
3835572
3835582
3835612
3835622
3835632
3835642
3835682
3835692
3835712
3835722
3835732
3835742
3835752
3835792
3835882
3835902
3835922
3835942
3835992
3836002
3836022
3836102
3836122
3836142
3836192
3836202
3836212
3836222
3836232
3836242
3836262
3836272
3836282
3836292
3836302
3836312
3836322
3836332
3836342
3836352
3836362
3836372
3836382
3836392
3836402
3836412
3836422
3836432
3836442
3836452
3836462
3836472
3836482
3836492
3836502
3836512
3836522
3836532
3836542
3836552
3836572
3836582
3836592
3836602
3836612
3836632
3836642
3836652
3836672
3836682
3836692
3836702
3836712
3836722
3836732
3836742
3836752
3836762
3836772
3836782
3836792
3836802
3836812
3836822
3836832
3836842
3836852
3836862
3836872
3836882
3836892
3836902
3836912
3836922
3836932
3836942
3836952
3836962
3836972
3836982
3836992
3837012
3837022
3837032
3837042
3837052
3837062
3837072
3837082
3837102
3837112
3837122
3837132
3837142
3837152
3837162
3837172
3837182
3837192
3837202
3837212
3837222
3837232
3837242
3837252
3837262
3837272
3837282
3837292
3837322
3837332
3837342
3837352
3837362
3837372
3837382
3837392
3837402
3837412
3837422
3837432
3837442
3837452
3837462
3837482
3837502
3837512
3837522
3837532
3837542
3837552
3837562
3837572
3837582
3837592
3837602
3837612
3837622
3837632
3837642
3837652
3837672
3837682
3837692
3837702
3837712
3837722
3837732
3837842
3838102
3838112
3838122
3838132
3838142
3838152
3838172
3838182
3838192
3838212
3838352
3838412
3838472
3838482
3838522
3838532
3838552
3838562
3838572
3838592
3838742
3838802
3839562
3840092
3840602
3840612
3840852
3841212
3841242
3841392
3841472
3841512
3841562
3841572
3841822
3841882
3842002
3842282
3842322
3842332
3842342
3842352
3842522
3842542
3842612
3842812
3842932
3843052
3843112
3843202
3843252
3843282
3843292
3843332
3843482
3843512
3843532
3843562
3843572
3843602
3843612
3843642
3843652
3843822
3843852
3843892
3843962
3844022
3844072
3844092
3844322
3844342
3844532
3844602
3844682
3844772
3844822
3844852
3844952
3844992
3845092
3845282
3845872
3845902
3845972
3846332
3846412
3846432
3846572
3846642
3846842
3846922
3847032
3847062
3847072
3847292
3847312
3847322
3847332
3847402
3847412
3847422
3847432
3847482
3847542
3847672
3847692
3847732
3847742
3847852
3848452
3848472
3848482
3849082
3849122
3849132
3849172
3849532
3849542
3849572
3849632
3849652
3849842
3850082
3850452
3850682
3850742
3850782
3850792
3851032
3851062
3851102
3851222
3851242
3851252
3851272
3851282
3851312
3851752
3851952
3852312
3852472
3852632
3852642
3852652
3852662
3852672
3852682
3852692
3852702
3852712
3852722
3852732
3852742
3852752
3852762
3852772
3852782
3852792
3852812
3852822
3852832
3852842
3852852
3852862
3852872
3852882
3852892
3852912
3852932
3852942
3852952
3852972
3852982
3852992
3853002
3853012
3853022
3853032
3853042
3853052
3853062
3853072
3853082
3853102
3853112
3853122
3853132
3853152
3853162
3853172
3853182
3853192
3853202
3853222
3853232
3853242
3853252
3853262
3853272
3853292
3853302
3853312
3853322
3853332
3853342
3853352
3853362
3853372
3853382
3853392
3853402
3853412
3853422
3853432
3853442
3853452
3853472
3853482
3853492
3853522
3853532
3853542
3853552
3853562
3853572
3853582
3853592
3853602
3853612
3853632
3853642
3853652
3853662
3853682
3853702
3853712
3853722
3853732
3853752
3853762
3853772
3853782
3853802
3853812
3853832
3853842
3853852
3853862
3853882
3853892
3853902
3853912
3853922
3853942
3853952
3853962
3853972
3853982
3853992
3854002
3854012
3854032
3854052
3854062
3854072
3854082
3854092
3854102
3854112
3854122
3854132
3854142
3854152
3854162
3854172
3854182
3854192
3854202
3854222
3854232
3854252
3854262
3854272
3854282
3854292
3854302
3854312
3854332
3854352
3854362
3854382
3854392
3854402
3854422
3854432
3854442
3854472
3854482
3854492
3854502
3854512
3854532
3854542
3854552
3854562
3854572
3854592
3854602
3854612
3854622
3854632
3854652
3854662
3854672
3854682
3854692
3854702
3854712
3854732
3854742
3854752
3854762
3854772
3854782
3854792
3854812
3854822
3854832
3854842
3854852
3854862
3854872
3854892
3854902
3854912
3854922
3854932
3854942
3854952
3854962
3854972
3854982
3855002
3855012
3855022
3855042
3855072
3855082
3855092
3855102
3855112
3855122
3855132
3855142
3855152
3855562
3856422
3856432
3856572
3856592
3856602
3856612
3856622
3856632
3856642
3856652
3856662
3856672
3856682
3856692
3856702
3856712
3856722
3856732
3856742
3856752
3856762
3856772
3856782
3856792
3856802
3856812
3856822
3856832
3856842
3856852
3856862
3856882
3856892
3856902
3856912
3856922
3856932
3856952
3856962
3856972
3856992
3857002
3857012
3857022
3857032
3857042
3857052
3857062
3857082
3857092
3857102
3857112
3857122
3857132
3857142
3857152
3857162
3857172
3857182
3857192
3857202
3857212
3857222
3857242
3857252
3857262
3857272
3857282
3857292
3857302
3857312
3857322
3857332
3857342
3857352
3857362
3857372
3857382
3857402
3857412
3857422
3857432
3857442
3857452
3857462
3857472
3857482
3857492
3857502
3857512
3857522
3857532
3857542
3857552
3857562
3857572
3857582
3857592
3857612
3857622
3857632
3857642
3857652
3857772
3857782
3857792
3857802
3857812
3857822
3857832
3857842
3857852
3857862
3857872
3857882
3857892
3857902
3857912
3857922
3857932
3857952
3857962
3857972
3857982
3858002
3858012
3858022
3858032
3858042
3858052
3858062
3858072
3858082
3858442
3858852
3858902
3858952
3858982
3859002
3859062
3859082
3859172
3859202
3859212
3859242
3859302
3859332
3859452
3859572
3859592
3859762
3861262
3861282
3861292
3861302
3861312
3861322
3861332
3861342
3861362
3861372
3861392
3861402
3861412
3861452
3861502
3861512
3861522
3861532
3861722
3861732
3861742
3861752
3861782
3861812
3861822
3861832
3861842
3861852
3861862
3861872
3861882
3861892
3861902
3861912
3861932
3861992
3862002
3862132
3862152
3862162
3862372
3862382
3863102
3863122
3863362
3863622
3863682
3863902
3863962
3864032
3864042
3864062
3864072
3864102
3864112
3864122
3864132
3864332
3864372
3864792
3864852
3864862
3864942
3865202
3865322
3865332
3865402
3865522
3865532
3865552
3865562
3865642
3865732
3865752
3865822
3866062
3866122
3866242
3866352
3866382
3866462
3866482
3866512
3866522
3866642
3866652
3866662
3866732
3866862
3866882
3867092
3867112
3867152
3867432
3867502
3867512
3867542
3867552
3867572
3867582
3867762
3867872
3867902
3867942
3868062
3868082
3868242
3868312
3868352
3868402
3868412
3868472
3868502
3868552
3868762
3868772
3868782
3868802
3868812
3868862
3868872
3868892
3868902
3868932
3868942
3868952
3868962
3868972
3868982
3869002
3869022
3869052
3869062
3869142
3869162
3869202
3869212
3869232
3869242
3869252
3869262
3869272
3869292
3869302
3869312
3869332
3869342
3869352
3869362
3869372
3869382
3869392
3869402
3869412
3869422
3869462
3869472
3869482
3869492
3869502
3869612
3869622
3869632
3869642
3869652
3869662
3869672
3869682
3869702
3869712
3869722
3869742
3869752
3869772
3869782
3869792
3869802
3869812
3869822
3869862
3869872
3869882
3869892
3869902
3869912
3869922
3869932
3869942
3869952
3869972
3869992
3870012
3870042
3870062
3870072
3870082
3870092
3870102
3870112
3870152
3870172
3870182
3870192
3870202
3870212
3870232
3870262
3870272
3870292
3870302
3870332
3870372
3870392
3870422
3870432
3870442
3870462
3870492
3870512
3870612
3870872
3870892
3870902
3870932
3870942
3870952
3870962
3870982
3871072
3871112
3871122
3871132
3871152
3871162
3871172
3871202
3871232
3871252
3871262
3871272
3871282
3871292
3871302
3871342
3871392
3871512
3871582
3871612
3871642
3871652
3871662
3871682
3871702
3871712
3871752
3871772
3871882
3871902
3872002
3872032
3872052
3872062
3872082
3872162
3872302
3872342
3872372
3872392
3872402
3872442
3872452
3872492
3872532
3872552
3872622
3872642
3872732
3872962
3873042
3873132
3873182
3873212
3873382
3873392
3873402
3873412
3873422
3873432
3873562
3873692
3873782
3873942
3874032
3874292
3874342
3874582
3874982
3875112
3875342
3875382
3875402
3875492
3875612
3875622
3875792
3875982
3876172
3876182
3876222
3876302
3876502
3876512
3876592
3876622
3876692
3876712
3876732
3876752
3876802
3876842
3876892
3876952
3876972
3877172
3877262
3877272
3877302
3877322
3877392
3877562
3877782
3878082
3878122
3878252
3878292
3878482
3878492
3878522
3878542
3878552
3878572
3878582
3878622
3878662
3878672
3878682
3878692
3878722
3878732
3878742
3878752
3878842
3878862
3878892
3878912
3878922
3878942
3878952
3878972
3878982
3878992
3879022
3879112
3879172
3879232
3879242
3879252
3879312
3879552
3879592
3879612
3879692
3879752
3879762
3879772
3879782
3880032
3880622
3880632
3880672
3880702
3880822
3880852
3880872
3880892
3880912
3880922
3880932
3880952
3880962
3880982
3880992
3881022
3881032
3881052
3881062
3881082
3881122
3881162
3881222
3881232
3881252
3881272
3881302
3881312
3881332
3881342
3881352
3881382
3881392
3881412
3881422
3881442
3881452
3881512
3881532
3881552
3881652
3881752
3882002
3882152
3882642
3882662
3882822
3882892
3882902
3882922
3883292
3883412
3883602
3883652
3883672
3883712
3883802
3883812
3884042
3884052
3884072
3884092
3884132
3884172
3884182
3884192
3884202
3884242
3884252
3884272
3884282
3884292
3884392
3884922
3884982
3886742
3886892
3886992
3887072
3887122
3887162
3887232
3887292
3887342
3887392
3887422
3887472
3887492
3887512
3887582
3887612
3887622
3887772
3887972
3888032
3888092
3888182
3888222
3888242
3888452
3888512
3888532
3888552
3888562
3888572
3888632
3888712
3888782
3888812
3888842
3888872
3888912
3888922
3889352
3889692
3889842
3889982
3890022
3890052
3890072
3890202
3890402
3890442
3890562
3890602
3890652
3890682
3890702
3890712
3891082
3891092
3891112
3891252
3891262
3891272
3891332
3891362
3891392
3891462
3891472
3891692
3891712
3891802
3891822
3891902
3891942
3892002
3892012
3892262
3892322
3892412
3892522
3892622
3892642
3892762
3892792
3892812
3892872
3892892
3892902
3892912
3892922
3892972
3892982
3892992
3893012
3893032
3893042
3893052
3893062
3893072
3893092
3893102
3893142
3893152
3893182
3893242
3893302
3893322
3893342
3893392
3893462
3893502
3893522
3893572
3893582
3893732
3893752
3893762
3893802
3893822
3893902
3893982
3893992
3894032
3894152
3894202
3894232
3894252
3894292
3894432
3894452
3894472
3894482
3894502
3894652
3894662
3894682
3894712
3894722
3894732
3894742
3894782
3894792
3894842
3894932
3894952
3895092
3895212
3895302
3895382
3895392
3895592
3895662
3895672
3895692
3895772
3895842
3895892
3895902
3895942
3895982
3896092
3896102
3896122
3896182
3896192
3896252
3896322
3896332
3896392
3896412
3896432
3896442
3896532
3896542
3896592
3896612
3896712
3896792
3896842
3896892
3897002
3897012
3897242
3897302
3897362
3897412
3897452
3897472
3897712
3897722
3897802
3897822
3897832
3897842
3897852
3897872
3897882
3897892
3897902
3897912
3897942
3897952
3897982
3898012
3898032
3898042
3898052
3898062
3898072
3898122
3898202
3898252
3898492
3898502
3898512
3898522
3898532
3898622
3898662
3898672
3898732
3898802
3898942
3898952
3898962
3898972
3898982
3899042
3899102
3899182
3899192
3899262
3899352
3899412
3899432
3899512
3899692
3899712
3899732
3899742
3899772
3899812
3899822
3899862
3899872
3899902
3899912
3899972
3899982
3900022
3900232
3900292
3900302
3900332
3900342
3900352
3900372
3900402
3900432
3900442
3900462
3900502
3900512
3900572
3900592
3900632
3900642
3900662
3900682
3900722
3900782
3900802
3900822
3900912
3900952
3900982
3901062
3901082
3901092
3901142
3901192
3901202
3901212
3901222
3901232
3901242
3901252
3901302
3901312
3901322
3901342
3901722
3901752
3901762
3901782
3901792
3901842
3901852
3901912
3901942
3902102
3902112
3902212
3902302
3902572
3902892
3902902
3903002
3903182
3903482
3903522
3903632
3903652
3903752
3903762
3903882
3903892
3903922
3903942
3903962
3904002
3904022
3904202
3904352
3904382
3904422
3904562
3904572
3904582
3904592
3904692
3904712
3904722
3904822
3904852
3904932
3905062
3905072
3905122
3905142
3905662
3905692
3905702
3905742
3905822
3905832
3905862
3905892
3905922
3906172
3906182
3906192
3907122
3907152
3907252
3907282
3907302
3907312
3907462
3907502
3907562
3907592
3907612
3907752
3907802
3907892
3907992
3908032
3908042
3908122
3908132
3908182
3908242
3908272
3908292
3908302
3908432
3908452
3908552
3908622
3908672
3908712
3908802
3908852
3908902
3908922
3909052
3909082
3909092
3909102
3909182
3909452
3909502
3909532
3909542
3909592
3909632
3909682
3909712
3909822
3909852
3910002
3910022
3910132
3910162
3910182
3910192
3910232
3910242
3910282
3910402
3910522
3910672
3913082
3913092
3913102
3913192
3913212
3913232
3913402
3913502
3913552
3913672
3913692
3913702
3913842
3913852
3913892
3913912
3914002
3914032
3914062
3914262
3914382
3914402
3914422
3914492
3914572
3914592
3914702
3914762
3914802
3914822
3914902
3914972
3915072
3915542
3915562
3915652
3916072
3916212
3916412
3916652
3916692
3916802
3916822
3916862
3916902
3916922
3916942
3917042
3917062
3917582
3917602
3917642
3917702
3917742
3917962
3918172
3918282
3918442
3918492
3918562
3918682
3918722
3918752
3918782
3918792
3918832
3918902
3918912
3918942
3918972
3919012
3919082
3919092
3919152
3919342
3919372
3919392
3919422
3919462
3919522
3919922
3919932
3919962
3919972
3920142
3920172
3920232
3920252
3920292
3920322
3920462
3920562
3920572
3920612
3920652
3920662
3920672
3920682
3920692
3920802
3920822
3921122
3921162
3921172
3921192
3921222
3921352
3921492
3921512
3921552
3921562
3921732
3921892
3922002
3922142
3922172
3922182
3922192
3922202
3922212
3922272
3922312
3922322
3922352
3922742
3922762
3922772
3922792
3922812
3922832
3922862
3922872
3922942
3922962
3922972
3923012
3923022
3923052
3923062
3923112
3923172
3923272
3923282
3923312
3923362
3923382
3923472
3923482
3923622
3923642
3923662
3923772
3923802
3923972
3924032
3924042
3924052
3924112
3924212
3924312
3924342
3924462
3924492
3924562
3924702
3924712
3924722
3924822
3924862
3924902
3924932
3925042
3925082
3925112
3925132
3925142
3925262
3925282
3925312
3925322
3925342
3925362
3925372
3925392
3925422
3925452
3925472
3925482
3925512
3925522
3925552
3925602
3925882
3925912
3925932
3925982
3926062
3926082
3926102
3926152
3926172
3926272
3926282
3926392
3926412
3926442
3926492
3926542
3926582
3926632
3926652
3926662
3926672
3926682
3926742
3926752
3926912
3926952
3926992
3927022
3927402
3927472
3927742
3927792
3927952
3927972
3928002
3928092
3928132
3928152
3928212
3928262
3928272
3928342
3928352
3928442
3928452
3928542
3928702
3928752
3928882
3929002
3929062
3929132
3929302
3929432
3929442
3929512
3929522
3929652
3929682
3929692
3929712
3929722
3929732
3929772
3929782
3929792
3929822
3929832
3929842
3929852
3929862
3929882
3929892
3929902
3929922
3929942
3929952
3929972
3929982
3929992
3930002
3930242
3930312
3930372
3930392
3930412
3930432
3930442
3930502
3930512
3930532
3930742
3930772
3930782
3930792
3930802
3930912
3930982
3931112
3931192
3931222
3931262
3931352
3931382
3931502
3931512
3931552
3931582
3931602
3931612
3931632
3931652
3931672
3931692
3931712
3931912
3931982
3932292
3932312
3932342
3932362
3932402
3932512
3932532
3932582
3932592
3932722
3932742
3932792
3932892
3932912
3932932
3932962
3933032
3933042
3933052
3933072
3933082
3933102
3933112
3933242
3933272
3933282
3933292
3933322
3933332
3933432
3933442
3933472
3933502
3933532
3933602
3933622
3933632
3933662
3933672
3933682
3933692
3933752
3933772
3933842
3933872
3933902
3933952
3934052
3934172
3934392
3934452
3934472
3934572
3934592
3934632
3934702
3934762
3934792
3934802
3934882
3934912
3934922
3934942
3935002
3935012
3935092
3935172
3935202
3935232
3935312
3935332
3935352
3935372
3935422
3935442
3935452
3935462
3935492
3935502
3935522
3935532
3935592
3935602
3935642
3935672
3935692
3935712
3935722
3935742
3935752
3935762
3935892
3936062
3936092
3936102
3936152
3936192
3936202
3936252
3936262
3936282
3936312
3936322
3936342
3936392
3936412
3936422
3936432
3936482
3936492
3936522
3936532
3936542
3936572
3936622
3936642
3936652
3936662
3936702
3936742
3936802
3936832
3936842
3936852
3936862
3936882
3936922
3936932
3936952
3936972
3936992
3937002
3937012
3937032
3937062
3937082
3937112
3937142
3937152
3937172
3937212
3937252
3937272
3937282
3937292
3937422
3937482
3937662
3937682
3937692
3937722
3937732
3937762
3937772
3937922
3937932
3937942
3937952
3937972
3937982
3937992
3938002
3938012
3938032
3938052
3938082
3938092
3938102
3938112
3938132
3938182
3938212
3938242
3938252
3938302
3938392
3938422
3938442
3938512
3938542
3938552
3938562
3938582
3938592
3938642
3938652
3938662
3938842
3938902
3938942
3939082
3939092
3939182
3939192
3939212
3939222
3939232
3939242
3939262
3939272
3939342
3939362
3939402
3939412
3939442
3939542
3939562
3939582
3939642
3939672
3939742
3939792
3939812
3939822
3939832
3939842
3939852
3939862
3940042
3940072
3940092
3940102
3940132
3940162
3940192
3940202
3940442
3940452
3940462
3940482
3940512
3940562
3940602
3940862
3941032
3941122
3941222
3941242
3941252
3941292
3941362
3941422
3941472
3941552
3941802
3941932
3941962
3941982
3942002
3942222
3942372
3942412
3942472
3942502
3942512
3942702
3942792
3942882
3943132
3943512
3943522
3943652
3943702
3943712
3943802
3943842
3943862
3944512
3944522
3944542
3944552
3944692
3944722
3944762
3944772
3944782
3944792
3944822
3944842
3944882
3944952
3945022
3945072
3945182
3945192
3945392
3945402
3945432
3945472
3945492
3945522
3945622
3945632
3945642
3945652
3945672
3945692
3945702
3945802
3945872
3945902
3945962
3945992
3946012
3946032
3946052
3946092
3946102
3946122
3946152
3946212
3946232
3946272
3946342
3946372
3946432
3946512
3946522
3946532
3946622
3946632
3946642
3946702
3946712
3946722
3946732
3946792
3946802
3946812
3946832
3946882
3946892
3946902
3946942
3946952
3946962
3946982
3946992
3947042
3947052
3947062
3947072
3947092
3947102
3947112
3947132
3947142
3947152
3947162
3947172
3947192
3947202
3947222
3947242
3947282
3947292
3947392
3947412
3947422
3947442
3947472
3947482
3947492
3947512
3947582
3947622
3947632
3947642
3947672
3947682
3947692
3947772
3947852
3947862
3947872
3947902
3947912
3947942
3947982
3948012
3948022
3948132
3948152
3948232
3948252
3948282
3948332
3948472
3948542
3948572
3948582
3948622
3948742
3948942
3948962
3948992
3949002
3949022
3949042
3949052
3949082
3949142
3949162
3949252
3949282
3949322
3949372
3949532
3949602
3949612
3949952
3949962
3949972
3949992
3950012
3950022
3950042
3950122
3950342
3950412
3950442
3950722
3950752
3950772
3950782
3950802
3950812
3950822
3950842
3950862
3950882
3950892
3950902
3950972
3950982
3950992
3951002
3951022
3951032
3951052
3951062
3951082
3951162
3951232
3951252
3951282
3951352
3951362
3951372
3951392
3951402
3951422
3951432
3951442
3951462
3951472
3951502
3951512
3951532
3951562
3952032
3952622
3952632
3952972
3953122
3953132
3953182
3953432
3953442
3953492
3953592
3953602
3953612
3953622
3953752
3954062
3954072
3954162
3954232
3954922
3954972
3955002
3955012
3955042
3955102
3955112
3955132
3955152
3955162
3955172
3955182
3955202
3955222
3955282
3955382
3955442
3955452
3955502
3955512
3955652
3955672
3955762
3955772
3955782
3955852
3955862
3955892
3955902
3956142
3956172
3956182
3956202
3956252
3956282
3956302
3956342
3956352
3956372
3956452
3956472
3956492
3956512
3956522
3956542
3956632
3956702
3956712
3956732
3956742
3956782
3956842
3956962
3957012
3957042
3957132
3957192
3957232
3957252
3957262
3957282
3957292
3957312
3957352
3957402
3957432
3957502
3957552
3957572
3957582
3957592
3957612
3957622
3957642
3957672
3957682
3957762
3957772
3957832
3957902
3957992
3958002
3958022
3958142
3958152
3958172
3958192
3958232
3958262
3958312
3958332
3958362
3958462
3958532
3958542
3958552
3958582
3958592
3958632
3958662
3958682
3958702
3958752
3958772
3958792
3958832
3958842
3958852
3958872
3958902
3958932
3959002
3959162
3959202
3959212
3959252
3959282
3959342
3959422
3959452
3959552
3959662
3959682
3959752
3959792
3959832
3959842
3959852
3959952
3960072
3960092
3960112
3960122
3960132
3960152
3960182
3960202
3960222
3960242
3960252
3960262
3960282
3960292
3960302
3960312
3960322
3960332
3960352
3960362
3960372
3960382
3960732
3960832
3961092
3961192
3961262
3961312
3961352
3961362
3961382
3961402
3961422
3961432
3961472
3961832
3961972
3962122
3962322
3962432
3962452
3962512
3962532
3962552
3962572
3962652
3962782
3962792
3962862
3962982
3963182
3963312
3963412
3963472
3963562
3963792
3963802
3963812
3963842
3963852
3964152
3964382
3964532
3964542
3964612
3964792
3964842
3964882
3964892
3964942
3964952
3964982
3964992
3965012
3965112
3965252
3965282
3965312
3965382
3965422
3965432
3965442
3965452
3965532
3965682
3965692
3965792
3965822
3965882
3965912
3965972
3966092
3966102
3966252
3966672
3967052
3967152
3967332
3967632
3967672
3967762
3967782
3967792
3967802
3967812
3967832
3967842
3967952
3968012
3968032
3968042
3968062
3968092
3968112
3968182
3968242
3968542
3968562
3968592
3968602
3968622
3968632
3968662
3968692
3968952
3969482
3969502
3969772
3969852
3969902
3969932
3970092
3970102
3970122
3970252
3970282
3970802
3970812
3970872
3970892
3970902
3970922
3970942
3971042
3971062
3971122
3971132
3971142
3971152
3971272
3971282
3971312
3971632
3971662
3971812
3971872
3971882
3971912
3971932
3972012
3972042
3972052
3972092
3972112
3972292
3972342
3972412
3972452
3972462
3972552
3972582
3972642
3972662
3972742
3972922
3972942
3972952
3972972
3972982
3973022
3973122
3973132
3973172
3973222
3973242
3973312
3973322
3973352
3973362
3973372
3973392
3973432
3973482
3973502
3973522
3973532
3973542
3973552
3973562
3973632
3973752
3973782
3973792
3973812
3973862
3973872
3973982
3974092
3974222
3974322
3974492
3974582
3974742
3974752
3974812
3974822
3974842
3974852
3974902
3974952
3975002
3975012
3975022
3975052
3975082
3975092
3975112
3975162
3975172
3975192
3975212
3975222
3975282
3975302
3975322
3975332
3975352
3975362
3975372
3975382
3975412
3975452
3975482
3975522
3975532
3975542
3975652
3975682
3975692
3975702
3975712
3975722
3975732
3975782
3975792
3975802
3975812
3975832
3975842
3975852
3975862
3975972
3976002
3976032
3976072
3976122
3976442
3976452
3976492
3976532
3976552
3976562
3976582
3976592
3976642
3976782
3976802
3976892
3976952
3976982
3977012
3977032
3977112
3977142
3977162
3977172
3977202
3977212
3977272
3977312
3977402
3977442
3977702
3977752
3977782
3977822
3977842
3977852
3977882
3977892
3977902
3978002
3978052
3978102
3978122
3978142
3978152
3978172
3978362
3978372
3978402
3978412
3978462
3978512
3978542
3978642
3978722
3978732
3978782
3978792
3978812
3978872
3978882
3978912
3978932
3979092
3979122
3979152
3979162
3979182
3979192
3979232
3979262
3979292
3979372
3979392
3979482
3979532
3979722
3979782
3979802
3979812
3979822
3979852
3979962
3980062
3980092
3980112
3980122
3980142
3980312
3980382
3980492
3980532
3980702
3980712
3980902
3981032
3981122
3981182
3981252
3981262
3981292
3981312
3981332
3981372
3981422
3981452
3981462
3981492
3981562
3981582
3981612
3981622
3981652
3981712
3981772
3981792
3981952
3982072
3982142
3982252
3982312
3982422
3982442
3982492
3982542
3982562
3982582
3982662
3982682
3982692
3982712
3982722
3982792
3982872
3982902
3982962
3983002
3983102
3983122
3983142
3983232
3983252
3983292
3983312
3983482
3983492
3983592
3983652
3983662
3983682
3983712
3983722
3983732
3983742
3983772
3983792
3983802
3983822
3983832
3983852
3983862
3983872
3984052
3984062
3984072
3984102
3984112
3984132
3984152
3984182
3984252
3984402
3984422
3984502
3984562
3984582
3984592
3984612
3984782
3984802
3984922
3985052
3985092
3985102
3985292
3985402
3985412
3985472
3985492
3985532
3985702
3985712
3985872
3985912
3986072
3986262
3986272
3986282
3986312
3986322
3986432
3986462
3986482
3986502
3986512
3986532
3986562
3986592
3986602
3986612
3986622
3986672
3986712
3986742
3986762
3986842
3987072
3987092
3987152
3987182
3987202
3987212
3987242
3987332
3987392
3987402
3987652
3987682
3988012
3988022
3988112
3988132
3988292
3988562
3988642
3988792
3988852
3988892
3988902
3988922
3988952
3988972
3989002
3989022
3989072
3989082
3989182
3989242
3989252
3989262
3989522
3989962
3990042
3990532
3990592
3990602
3990972
3990982
3991142
3991202
3991282
3991392
3991422
3991442
3991472
3991512
3991552
3991572
3991632
3991712
3991722
3991762
3991772
3991792
3991832
3991842
3991902
3991922
3991932
3991982
3991992
3992052
3992062
3992112
3992182
3992242
3992582
3992672
3992702
3992742
3992862
3993062
3993092
3993112
3993152
3993322
3993362
3993412
3993492
3993522
3993552
3993572
3993582
3993902
3993952
3994002
3994032
3994102
3994112
3994272
3994432
3994452
3994472
3994532
3994542
3994622
3994652
3994672
3994682
3994692
3994712
3994722
3994732
3994772
3994782
3994812
3994822
3994832
3994862
3994882
3994912
3994922
3994932
3994952
3994962
3994972
3994992
3995002
3995062
3995122
3995142
3995172
3995302
3995392
3995462
3995552
3995582
3995592
3995762
3995782
3995792
3995832
3995852
3995862
3995892
3995922
3995952
3996132
3996242
3996272
3996752
3996982
3997022
3997052
3997112
3997382
3997412
3997492
3997502
3997532
3997552
3997562
3997632
3997652
3997782
3997812
3998152
3998272
3998292
3998452
3998642
3998702
3998722
3998732
3998752
3998762
3998772
3998852
3998872
3998892
3998922
3998962
3998982
3999002
3999052
3999082
3999122
3999192
3999212
3999242
3999282
3999322
3999332
3999352
3999402
3999522
3999542
3999582
3999612
3999702
3999752
3999942
4000052
4000132
4000412
4000432
4000512
4000582
4000722
4000762
4000862
4001092
4001122
4001182
4001222
4001242
4001262
4001282
4001292
4001322
4001332
4001352
4001362
4001392
4001412
4001442
4001452
4001472
4001482
4001502
4001512
4001532
4001572
4001592
4001662
4001852
4001942
4001962
4001982
4001992
4002022
4002032
4002112
4002142
4002162
4002452
4002512
4002592
4002642
4002652
4002702
4002772
4002802
4002822
4003032
4003092
4003102
4003112
4003172
4003192
4003212
4003252
4003292
4003342
4003362
4003382
4003472
4003512
4003522
4003542
4003632
4003872
4003952
4004132
4004142
4004172
4004392
4004402
4004412
4004442
4004452
4004462
4004482
4004492
4004502
4004542
4004562
4004632
4004682
4004722
4004802
4004882
4004912
4005152
4005162
4005182
4005192
4005212
4005272
4005372
4005392
4005502
4005562
4005772
4005902
4005912
4005942
4006002
4006012
4006022
4006032
4006042
4006052
4006072
4006082
4006092
4006112
4006132
4006142
4006162
4006182
4006192
4006202
4006212
4006272
4006352
4006372
4006382
4006462
4006522
4006562
4006572
4006582
4006622
4006632
4006712
4006782
4006842
4006862
4007042
4007172
4007182
4007212
4007412
4007442
4007452
4007462
4007492
4007602
4007622
4007682
4007702
4007732
4007812
4007852
4007872
4007882
4007912
4007942
4007982
4008002
4008012
4008042
4008052
4008082
4008102
4008152
4008162
4008252
4008312
4008462
4008492
4008502
4008742
4008772
4008852
4008882
4009112
4009132
4009162
4009192
4009212
4009272
4009372
4009442
4009472
4009502
4009512
4009542
4009672
4009692
4009702
4009752
4009772
4009792
4009832
4009842
4009852
4009872
4009882
4009902
4009922
4009952
4009962
4009972
4009982
4010012
4010022
4010042
4010062
4010082
4010142
4010172
4010192
4010212
4010352
4010382
4010392
4010402
4010452
4010462
4010492
4010502
4010552
4010612
4010662
4010672
4010702
4010732
4010762
4010792
4010802
4010852
4010882
4010972
4011052
4011092
4011122
4011162
4011202
4011242
4011312
4011322
4011352
4011382
4011392
4011402
4011412
4011422
4011442
4011652
4011702
4011902
4011912
4011952
4011982
4012022
4012032
4012072
4012232
4012262
4012322
4012402
4012442
4012482
4012512
4012742
4012842
4012852
4012862
4012892
4012922
4012932
4013002
4013032
4013082
4013102
4013112
4013122
4013242
4013292
4013382
4013392
4013422
4013492
4013532
4013552
4013622
4013632
4013682
4013702
4013712
4013822
4013842
4013922
4014052
4014172
4014282
4014322
4014342
4014392
4014412
4014562
4014612
4014622
4014662
4014752
4014782
4014812
4014842
4014902
4014932
4014942
4014982
4015002
4015022
4015032
4015042
4015122
4015142
4015232
4015382
4015522
4015732
4015742
4015772
4015782
4016052
4016112
4016172
4016402
4016422
4016512
4016522
4016562
4016592
4016622
4016692
4016712
4016842
4016882
4016912
4017122
4017132
4017162
4017222
4017232
4017262
4017272
4017282
4017292
4017312
4017412
4017442
4017522
4017652
4017722
4017742
4017752
4017762
4017792
4017802
4017822
4017882
4018022
4018092
4018112
4018132
4018172
4018182
4018222
4018332
4018342
4018382
4018442
4018452
4018472
4018592
4018632
4018812
4018822
4018982
4019022
4019032
4019142
4019172
4019292
4019322
4019342
4019392
4019482
4019512
4019562
4019662
4019742
4020112
4020152
4020202
4020252
4020392
4020432
4020632
4020752
4020792
4020822
4020832
4020862
4020872
4020882
4020902
4020912
4020932
4020942
4020972
4020982
4020992
4021082
4021092
4021102
4021122
4021162
4021182
4021352
4021562
4021622
4021692
4021832
4021842
4021852
4021892
4021932
4021952
4021982
4021992
4022042
4022062
4022142
4022242
4022332
4022372
4022602
4022652
4022682
4022802
4022892
4022902
4022942
4023072
4023202
4023402
4023442
4024062
4024092
4024282
4024382
4024392
4024452
4024472
4024502
4024512
4024522
4024542
4024552
4024572
4024592
4024602
4024622
4024642
4024652
4024662
4024682
4024702
4024712
4024722
4024732
4024762
4024972
4025032
4025062
4025082
4025092
4025142
4025212
4025322
4025382
4025392
4025402
4025492
4025502
4025532
4025562
4025582
4025612
4025702
4025802
4025812
4026042
4026062
4026212
4026322
4026362
4026422
4026432
4026512
4026642
4026832
4026842
4026852
4026922
4026982
4027132
4027152
4027182
4027192
4027212
4027222
4027382
4027412
4027422
4027452
4027462
4027562
4027572
4027642
4027652
4027682
4027872
4027882
4027912
4027932
4027962
4027982
4028132
4028142
4028282
4028322
4028592
4028642
4028832
4028992
4029012
4029032
4029072
4029332
4029392
4029422
4029462
4029502
4029552
4029572
4029832
4029842
4029872
4029922
4030092
4030142
4030172
4030212
4030282
4030292
4030392
4030412
4030462
4030502
4030532
4030592
4030602
4030612
4030622
4030632
4030642
4030652
4030692
4030722
4030752
4030762
4030922
4030952
4030992
4031052
4031122
4031132
4031202
4031262
4031372
4031452
4031472
4031492
4031502
4031522
4031542
4031592
4031612
4031622
4031652
4031682
4031702
4031732
4031742
4031752
4031782
4031852
4031932
4031992
4032002
4032012
4032022
4032052
4032072
4032092
4032102
4032112
4032132
4032142
4032182
4032192
4032202
4032222
4032242
4032252
4032262
4032292
4032302
4032312
4032342
4032352
4032362
4032372
4032412
4032552
4032682
4032692
4032702
4032722
4032742
4032772
4032802
4032872
4032982
4033032
4033062
4033082
4033092
4033122
4033152
4033172
4033302
4033312
4033392
4033422
4033442
4033522
4033532
4033542
4033572
4033602
4033652
4033662
4033672
4033732
4033802
4033882
4034022
4034122
4034142
4034152
4034172
4034202
4034232
4034302
4034412
4034482
4034502
4034532
4034552
4034562
4034602
4034632
4034642
4034652
4034662
4034672
4034682
4034692
4034702
4034712
4034722
4034732
4034742
4034752
4034762
4034802
4034882
4034892
4034902
4034922
4034952
4034982
4034992
4035042
4035052
4035062
4035082
4035092
4035102
4035112
4035172
4035252
4035262
4035272
4035302
4035312
4035332
4035342
4035352
4035362
4035372
4035382
4035392
4035402
4035422
4035852
4035912
4035922
4035942
4036002
4036042
4036072
4036082
4036092
4036102
4036112
4036152
4036182
4036212
4036222
4036232
4036242
4036252
4036262
4036282
4036292
4036302
4036422
4036432
4036522
4036592
4036602
4036732
4036762
4037412
4037602
4037642
4037732
4037772
4037782
4037792
4037892
4037902
4037912
4037942
4038102
4038162
4038172
4038202
4038262
4038272
4038332
4038352
4038452
4038462
4038512
4038842
4038862
4038932
4038962
4038972
4039002
4039042
4039082
4039092
4039282
4039292
4039312
4039342
4039352
4039382
4039422
4039432
4039442
4039472
4039482
4039542
4039552
4039562
4039652
4039832
4039852
4039862
4039892
4039922
4039932
4040052
4040062
4040072
4040122
4040162
4040362
4040502
4040522
4040982
4041242
4041252
4041272
4041282
4041292
4041302
4041312
4041322
4041332
4041342
4041362
4041382
4041392
4041412
4041422
4041442
4041452
4041462
4041482
4041492
4041502
4041512
4041522
4041542
4041572
4041612
4041622
4041742
4041792
4041832
4041842
4042062
4042092
4042122
4042142
4042182
4042342
4042492
4042712
4043112
4043222
4043362
4043382
4043392
4043482
4043492
4043602
4043682
4043712
4043752
4043812
4043862
4043922
4043972
4044002
4044122
4044182
4044202
4044222
4044252
4044302
4044382
4044422
4044432
4044462
4044552
4044582
4044592
4044792
4044822
4044882
4044952
4045012
4045072
4045102
4045122
4045142
4045162
4045202
4045222
4045252
4045402
4045562
4045602
4045682
4045722
4045792
4045812
4045822
4045972
4045992
4046002
4046012
4046032
4046042
4046052
4046062
4046082
4046232
4046272
4046282
4046382
4046442
4046452
4046502
4046532
4046652
4046732
4046872
4046882
4046902
4046962
4046972
4047012
4047032
4047062
4047122
4047232
4047382
4047442
4047792
4047892
4047932
4047952
4047962
4047972
4047982
4047992
4048002
4048012
4048022
4048192
4048202
4048222
4048232
4048242
4048272
4048322
4048482
4048492
4048512
4048562
4048642
4048672
4048752
4048772
4048782
4048912
4049212
4049282
4049382
4049532
4049562
4049832
4049842
4049972
4049982
4050182
4050232
4050262
4050282
4050372
4050542
4050662
4050692
4050712
4050722
4050752
4050782
4050792
4050802
4050822
4050842
4050932
4050982
4051032
4051052
4051062
4051122
4051182
4051202
4051272
4051282
4051322
4051332
4051342
4051412
4051492
4051512
4051542
4051572
4051602
4051622
4051642
4051722
4051752
4051822
4051902
4051912
4051952
4051962
4052032
4052092
4052102
4052322
4052382
4052412
4052482
4052532
4052762
4052772
4052792
4052842
4052852
4052862
4052872
4052912
4052932
4052962
4052972
4052992
4053022
4053032
4053042
4053072
4053092
4053102
4053222
4053232
4053292
4053322
4053332
4053352
4053362
4053442
4053452
4053542
4053562
4053572
4053592
4053742
4053762
4054112
4054182
4054212
4054242
4054262
4054272
4054282
4054332
4054552
4054562
4054592
4054632
4054682
4054702
4054732
4054752
4054852
4054862
4054922
4055072
4055122
4055132
4055192
4055212
4055242
4055352
4055412
4055422
4055472
4055502
4055632
4055662
4055692
4055732
4055762
4055792
4055892
4055902
4055922
4055952
4056002
4056012
4056032
4056042
4056052
4056202
4056212
4056312
4056372
4056392
4056412
4056472
4056552
4056562
4056662
4056682
4056802
4056832
4056842
4056872
4056882
4056892
4056922
4056932
4056962
4057092
4057162
4057212
4057232
4057282
4057312
4057392
4057582
4057742
4057772
4058042
4058072
4058102
4058112
4058162
4058482
4058512
4058522
4058552
4058582
4058632
4058642
4058702
4058752
4058792
4058822
4058852
4058932
4059022
4059112
4059132
4059192
4059202
4059212
4059272
4059292
4059302
4059312
4059322
4059332
4059342
4059352
4059362
4059372
4059382
4059392
4059402
4059412
4059422
4059432
4059442
4059452
4059462
4059472
4059482
4059492
4059502
4059512
4059522
4059542
4059652
4059672
4059692
4059702
4059762
4059832
4059862
4059872
4059882
4059892
4059922
4059972
4060042
4060062
4060072
4060082
4060102
4060112
4060122
4060132
4060142
4060152
4060172
4060252
4060452
4060492
4060562
4060802
4060842
4060932
4060962
4061012
4061062
4061072
4061082
4061092
4061122
4061152
4061402
4061492
4061892
4061932
4062122
4062172
4062312
4062322
4062332
4062392
4062412
4062422
4062522
4062532
4062552
4062672
4062732
4062742
4062762
4062792
4062802
4062872
4062882
4062912
4062922
4062962
4063002
4063062
4063082
4063162
4063232
4063262
4063312
4063322
4063332
4063482
4063502
4063512
4063552
4063572
4063592
4063632
4063652
4063702
4063762
4063812
4063842
4063992
4064022
4064042
4064062
4064112
4064272
4064372
4064472
4064492
4064502
4064512
4064552
4064582
4064652
4064762
4064892
4064942
4064952
4064962
4064972
4064982
4064992
4065002
4065012
4065022
4065032
4065042
4065052
4065072
4065082
4065102
4065152
4065162
4065182
4065192
4065202
4065212
4065222
4065232
4065242
4065252
4065272
4065282
4065302
4065322
4065352
4065362
4065402
4065422
4065432
4065442
4065452
4065482
4065492
4065522
4065552
4065562
4065572
4065582
4065592
4065602
4065632
4065642
4065652
4065662
4065712
4065722
4065752
4065762
4065782
4065832
4065842
4065862
4065882
4065892
4065902
4065922
4065942
4065962
4065972
4065982
4066042
4066072
4066232
4066242
4066272
4066292
4066312
4066322
4066332
4066352
4066442
4066512
4066532
4066562
4066592
4066602
4066632
4066662
4066672
4066682
4066692
4066702
4066722
4066732
4066742
4066772
4066802
4066882
4066912
4066932
4066942
4066952
4066982
4067012
4067062
4067072
4067092
4067102
4067112
4067192
4067202
4067232
4067242
4067252
4067292
4067342
4067352
4067362
4067372
4067402
4067412
4067462
4067632
4067642
4067662
4067702
4067722
4067762
4067852
4067952
4068102
4068182
4068312
4068482
4068492
4068532
4068602
4068672
4068682
4068772
4068802
4068812
4068832
4068852
4068882
4068892
4068902
4068912
4068942
4068972
4068982
4069032
4069082
4069102
4069122
4069192
4069212
4069252
4069262
4069372
4069402
4069592
4069622
4069642
4069662
4069682
4069712
4069722
4069802
4069842
4069852
4069862
4069922
4069942
4069962
4069972
4069982
4070072
4070092
4070112
4070392
4070422
4070492
4070532
4070572
4070672
4070692
4070712
4070852
4070902
4070912
4070982
4070992
4071032
4071042
4071062
4071142
4071292
4071532
4071642
4071872
4071932
4072032
4072042
4072072
4072082
4072102
4072202
4072232
4072242
4072262
4072282
4072302
4072332
4072342
4072362
4072422
4072432
4072442
4072462
4072492
4072572
4072592
4072692
4072782
4072792
4072832
4072842
4072872
4072882
4072902
4072912
4072942
4072962
4072972
4072992
4073012
4073032
4073062
4073072
4073082
4073102
4073122
4073132
4073162
4073172
4073192
4073232
4073242
4073272
4073302
4073312
4073332
4073342
4073352
4073382
4073412
4073432
4073442
4073572
4073582
4073592
4073602
4073612
4073622
4073642
4073672
4073702
4073732
4073742
4073752
4073762
4073782
4073792
4073802
4073812
4073822
4073832
4073852
4073862
4073872
4073902
4073912
4073922
4073932
4073942
4073992
4074002
4074012
4074032
4074062
4074092
4074122
4074132
4074142
4074162
4074212
4074222
4074232
4074282
4074312
4074352
4074382
4074392
4074402
4074412
4074462
4074472
4074482
4074492
4074512
4074522
4074532
4074542
4074552
4074562
4074572
4074582
4074592
4074602
4074612
4074632
4074642
4074652
4074662
4074672
4074692
4074702
4074712
4074732
4074742
4074772
4074802
4074822
4074842
4074862
4074912
4074972
4074992
4075002
4075012
4075032
4075042
4075052
4075062
4075072
4075152
4075162
4075172
4075182
4075202
4075212
4075222
4075232
4075242
4075252
4075262
4075272
4075282
4075292
4075302
4075312
4075322
4075332
4075342
4075372
4075452
4075572
4075612
4075682
4075692
4075722
4075732
4075742
4075752
4075762
4075772
4075782
4075792
4075802
4075812
4075822
4075832
4075842
4075852
4075932
4075942
4075982
4075992
4076032
4076082
4076142
4076162
4076192
4076222
4076232
4076252
4076292
4076322
4076362
4076412
4076422
4076442
4076462
4076472
4076512
4076522
4076542
4076552
4076562
4076582
4076622
4076642
4076672
4076702
4076712
4076732
4076752
4076762
4076772
4076782
4076802
4076852
4076862
4076872
4076882
4076892
4076902
4076912
4076922
4076932
4076982
4077182
4077212
4077232
4077252
4077282
4077322
4077342
4077492
4077562
4077572
4077622
4077632
4077792
4077822
4077842
4077962
4077992
4078052
4078132
4078162
4078172
4078192
4078242
4078272
4078362
4078382
4078422
4078452
4078492
4078502
4078512
4078522
4078542
4078582
4078772
4078792
4078802
4078832
4078872
4078892
4078902
4078962
4078972
4079072
4079112
4079132
4079152
4079282
4079312
4079362
4079542
4079652
4079972
4080012
4080072
4080092
4080102
4080112
4080122
4080132
4080142
4080162
4080172
4080182
4080192
4080202
4080212
4080222
4080232
4080242
4080252
4080262
4080272
4080282
4080292
4080302
4080322
4080342
4080392
4080472
4080512
4080522
4080562
4080592
4080642
4080742
4080762
4080852
4080862
4080872
4080882
4080892
4080952
4080972
4080982
4081022
4081042
4081212
4081292
4081402
4081642
4081892
4081922
4081982
4081992
4082002
4082012
4082042
4082052
4082152
4082162
4082392
4082402
4082422
4082532
4082552
4082562
4082612
4082682
4082782
4082852
4083062
4083102
4083132
4083172
4083222
4083262
4083462
4083592
4083732
4083762
4083782
4083802
4083842
4083852
4083862
4083882
4083912
4083932
4084012
4084032
4084042
4084072
4084172
4084222
4085042
4085252
4085572
4085772
4085822
4085842
4085862
4085902
4086052
4086082
4086152
4086202
4086252
4086492
4086682
4086742
4086762
4086852
4086902
4086962
4087022
4087052
4087142
4087182
4087332
4087492
4087512
4087522
4087582
4087602
4087862
4087872
4087902
4087932
4087942
4087952
4087962
4087992
4088122
4088142
4088172
4088182
4088192
4088262
4088272
4088352
4088412
4088472
4088592
4088722
4088732
4088972
4089012
4089122
4089182
4089222
4089252
4089262
4089282
4089302
4089312
4089422
4089452
4089482
4089542
4089562
4089582
4089632
4089652
4089692
4089702
4089722
4089732
4089782
4089802
4089872
4089902
4089922
4089932
4089942
4089952
4089962
4089972
4089992
4090132
4090152
4090192
4090252
4090262
4090382
4090392
4090442
4090452
4090502
4090522
4090532
4090632
4090642
4090662
4090692
4090702
4090752
4090802
4090812
4090842
4090862
4090942
4091062
4091132
4091192
4091232
4091292
4091302
4091332
4091342
4091532
4091552
4091582
4091722
4091812
4091822
4091832
4091882
4091952
4092122
4092402
4092422
4092432
4092442
4092522
4092542
4092582
4092622
4092722
4092762
4092772
4092782
4092792
4092802
4092812
4092822
4092832
4092842
4092852
4092882
4092892
4092902
4092922
4092932
4092942
4092952
4092962
4092972
4092982
4092992
4093002
4093012
4093022
4093032
4093042
4093062
4093082
4093092
4093102
4093112
4093132
4093142
4093152
4093162
4093172
4093212
4093222
4093242
4093262
4093282
4093302
4093312
4093322
4093352
4093372
4093382
4093392
4093402
4093432
4093442
4093452
4093482
4093572
4093642
4093652
4093662
4093672
4093682
4093752
4093762
4093782
4093802
4093812
4093822
4093832
4094082
4094132
4094162
4094202
4094262
4094372
4094402
4094422
4094432
4094462
4094472
4094582
4094672
4094692
4094702
4094712
4094732
4094762
4094782
4094842
4094862
4094872
4094902
4094962
4094982
4095012
4095022
4095032
4095042
4095052
4095072
4095202
4095212
4095252
4095272
4095332
4095442
4095662
4095712
4095752
4095762
4095772
4095832
4095852
4095922
4095932
4095962
4096012
4096032
4096062
4096102
4096122
4096142
4096302
4096332
4096352
4096392
4096412
4096672
4096692
4096702
4096712
4096722
4096732
4096752
4096772
4096782
4096792
4096822
4096832
4096852
4096862
4096872
4096972
4097072
4097122
4097212
4097302
4097452
4097502
4097622
4097632
4097642
4097662
4097712
4097952
4098242
4098332
4098572
4098592
4098642
4098652
4098722
4098762
4098782
4098802
4098842
4098872
4098992
4099002
4099012
4099062
4099072
4099082
4099092
4099142
4099192
4099232
4099302
4099332
4099492
4099512
4099562
4099602
4099622
4099632
4099662
4099712
4099752
4099782
4099872
4099882
4099902
4099912
4099982
4100032
4100062
4100122
4100342
4100402
4100442
4100462
4100502
4100532
4100722
4100802
4100842
4100852
4100882
4100952
4100962
4101022
4101072
4101092
4101172
4101192
4101202
4101282
4101302
4101312
4101352
4101382
4101462
4101492
4101592
4101652
4101692
4101702
4101742
4101752
4101762
4101782
4101852
4101862
4101912
4101952
4102022
4102102
4102142
4102152
4102202
4102222
4102252
4102372
4102412
4102542
4102602
4102852
4102872
4102892
4102962
4102972
4103142
4103162
4103182
4103232
4103362
4103432
4103442
4103492
4103602
4103752
4103962
4103972
4103982
4103992
4104002
4104012
4104022
4104102
4104522
4104532
4104552
4104592
4104602
4104632
4104652
4104732
4104752
4104782
4104812
4104922
4104932
4104942
4104952
4104962
4104972
4105002
4105042
4105052
4105062
4105072
4105092
4105132
4105142
4105182
4105192
4105212
4105222
4105312
4105322
4105342
4105402
4105432
4105442
4105452
4105592
4105642
4105662
4105742
4105752
4105792
4105802
4105822
4105832
4105842
4105862
4105872
4105882
4105892
4105912
4105922
4105932
4105962
4105982
4106022
4106032
4106062
4106122
4106172
4106212
4106242
4106252
4106352
4106362
4106382
4106412
4106462
4106582
4106592
4106612
4106622
4106782
4106822
4106842
4106902
4106912
4107002
4107012
4107062
4107142
4107152
4107172
4107202
4107342
4107382
4107412
4107432
4107452
4107472
4107512
4107522
4107542
4107572
4107602
4107652
4107662
4107782
4107932
4107952
4108022
4108152
4108322
4108372
4108402
4108692
4108792
4108802
4108862
4108882
4108922
4109052
4109062
4109092
4109112
4109202
4109312
4109352
4109402
4109422
4109452
4109492
4109562
4109572
4109612
4109652
4109672
4109682
4109692
4109752
4109772
4109832
4109852
4109882
4109952
4109972
4110012
4110062
4110122
4110182
4110232
4110242
4110322
4110412
4110462
4110472
4110522
4110542
4110562
4110582
4110592
4110742
4110792
4110952
4110982
4111152
4111272
4111322
4111372
4111382
4111392
4111402
4111412
4111542
4111552
4111562
4111582
4111602
4111622
4111642
4111652
4111762
4111772
4111802
4111852
4111872
4111882
4111892
4111902
4111912
4111962
4111972
4111982
4112012
4112052
4112272
4112312
4112322
4112332
4112432
4112462
4112482
4112502
4112512
4112522
4112532
4112542
4112562
4112572
4112582
4112592
4112672
4112702
4112742
4112762
4112782
4112792
4112812
4112832
4112852
4112862
4112872
4112912
4112922
4112962
4112982
4112992
4113052
4113082
4113092
4113122
4113142
4113222
4113262
4113332
4113372
4113382
4113462
4113482
4113502
4113512
4113542
4113552
4113642
4113652
4113662
4113692
4113742
4113812
4113952
4114022
4114102
4114122
4114162
4114352
4114392
4114792
4114852
4114922
4114952
4114992
4115242
4115252
4115372
4115392
4115422
4115442
4115512
4115532
4115542
4115552
4115612
4115642
4115702
4115732
4115872
4115932
4116102
4116142
4116152
4116172
4116222
4116342
4116412
4116542
4116552
4116582
4116652
4116742
4116792
4116802
4116862
4116922
4116982
4117092
4117102
4117112
4117122
4117142
4117272
4117282
4117432
4117492
4117512
4117522
4117572
4117662
4117712
4117742
4117772
4118002
4118022
4118032
4118142
4118162
4118192
4118242
4118272
4118292
4118342
4118442
4118472
4118502
4118512
4118582
4118592
4118662
4118712
4118802
4118912
4119132
4119212
4119222
4119322
4119342
4119362
4119382
4119402
4119422
4119462
4119522
4119532
4119542
4119582
4119632
4119682
4119692
4119702
4119742
4119762
4119772
4119792
4119802
4119842
4119932
4119942
4120082
4120122
4120152
4120182
4120282
4120402
4120572
4120582
4120592
4120642
4120692
4120702
4120742
4120872
4120932
4120962
4120972
4121042
4121052
4121062
4121072
4121082
4121092
4121162
4121172
4121222
4121232
4121262
4121292
4121342
4121372
4121462
4121482
4121582
4121652
4121682
4121792
4121802
4121862
4122102
4122142
4122172
4122182
4122252
4122412
4122432
4122442
4122472
4122542
4122632
4122692
4122762
4122862
4123002
4123202
4123252
4124112
4124232
4124252
4124262
4124312
4124422
4124462
4124482
4124522
4125092
4125142
4125182
4125272
4125302
4125312
4125422
4125492
4125602
4125632
4125652
4125662
4125742
4125792
4125862
4125882
4125932
4125952
4125992
4126052
4126082
4126262
4126322
4126452
4126602
4127012
4127062
4127082
4127122
4127172
4127212
4127292
4127412
4127482
4127962
4128102
4128142
4128172
4128182
4128362
4128422
4128532
4128552
4128562
4128622
4128632
4128762
4128802
4129002
4129082
4129152
4129262
4129352
4129672
4129712
4129752
4129822
4129842
4129862
4129932
4130042
4130192
4130212
4130222
4130292
4130332
4130442
4130462
4130522
4130552
4130562
4130632
4130682
4130702
4130742
4130752
4130762
4130882
4130922
4130942
4130952
4131072
4131092
4131102
4131112
4131172
4131192
4131202
4131342
4131582
4131602
4131612
4131642
4132192
4132342
4132432
4132462
4132472
4132512
4132532
4132552
4132572
4132582
4132642
4132742
4132772
4132782
4132812
4132832
4132842
4132852
4132932
4132972
4133012
4133092
4133162
4133192
4133202
4133242
4133252
4133272
4133302
4133342
4133352
4133412
4133422
4133442
4133452
4133482
4133512
4133522
4133552
4133612
4133652
4133672
4133692
4133722
4133872
4133952
4134002
4134012
4134082
4134092
4134102
4134112
4134212
4134222
4134372
4134382
4134412
4134582
4134632
4134662
4134742
4134812
4134842
4134882
4134952
4134972
4135012
4135022
4135052
4135072
4135082
4135092
4135132
4135162
4135182
4135192
4135212
4135232
4135252
4135272
4135282
4135292
4135342
4135352
4135362
4135372
4135392
4135432
4135442
4135452
4135472
4135512
4135532
4135552
4135562
4135582
4135602
4135622
4135642
4135662
4135682
4135692
4135712
4135742
4135752
4135762
4135782
4135842
4135882
4135912
4135992
4136022
4136052
4136062
4136082
4136112
4136122
4136152
4136202
4136222
4136302
4136312
4136322
4136332
4136402
4136442
4136472
4136492
4136512
4136632
4136652
4136702
4136732
4136812
4136822
4136862
4136892
4136922
4137222
4137432
4137462
4137622
4137632
4137642
4137682
4137712
4137752
4137812
4137832
4137842
4137852
4137862
4137882
4137902
4137912
4137932
4138162
4138172
4138182
4138222
4138272
4138282
4138342
4138372
4138672
4138682
4138712
4138732
4138822
4138842
4138872
4138882
4138922
4138932
4138972
4138982
4138992
4139012
4139042
4139072
4139092
4139122
4139162
4139232
4139252
4139312
4139332
4139382
4139392
4139492
4139562
4139632
4139872
4139912
4139962
4139972
4139992
4140072
4140102
4140112
4140132
4140152
4140212
4140222
4140262
4140302
4140332
4140342
4140362
4140372
4140402
4140452
4140472
4140592
4140702
4140712
4140732
4140752
4140832
4140912
4141102
4141172
4141282
4141322
4141402
4141532
4141572
4141582
4141602
4141662
4141802
4141952
4141972
4142022
4142092
4142122
4142132
4142152
4142162
4142202
4142222
4142352
4142372
4142532
4142552
4142582
4142602
4142652
4142682
4142742
4142812
4142912
4142962
4143012
4143122
4143222
4143232
4143252
4143262
4143382
4143442
4143782
4143792
4143822
4143962
4144022
4144032
4144072
4144082
4144092
4144112
4144122
4144142
4144152
4144472
4144522
4144532
4144622
4144682
4144692
4144812
4144842
4144852
4144882
4144932
4144942
4144952
4144982
4145092
4145112
4145152
4145162
4145172
4145192
4145232
4145282
4145302
4145312
4145412
4145442
4145482
4145532
4145582
4145592
4145612
4145642
4145682
4145692
4145702
4145712
4145732
4145742
4145782
4145792
4145802
4145852
4145882
4145892
4145922
4146162
4146252
4146262
4146292
4146302
4146322
4146422
4146452
4146682
4146702
4146752
4146762
4146872
4146922
4146982
4147012
4147062
4147122
4147132
4147202
4147242
4147262
4147322
4147442
4147502
4147572
4147922
4148342
4148362
4148442
4148662
4148702
4148742
4148802
4148842
4148882
4148892
4148932
4148982
4149022
4149092
4149132
4149162
4149252
4149492
4149662
4149722
4149732
4149832
4149852
4149902
4149962
4150022
4150112
4150302
4150312
4150362
4150402
4150482
4150522
4150532
4150642
4150722
4150922
4150962
4150972
4151032
4151112
4151152
4151172
4151182
4151222
4151312
4151392
4151422
4151442
4151612
4151632
4151802
4151812
4151832
4151852
4151932
4152042
4152092
4152172
4152272
4152282
4152342
4152382
4152422
4152482
4152492
4152512
4152552
4152562
4152582
4152682
4152712
4152732
4152742
4152762
4152822
4152872
4152892
4152922
4152932
4153012
4153022
4153052
4153072
4153082
4153102
4153252
4153362
4153392
4153472
4153512
4153562
4153602
4153612
4153642
4153672
4153822
4153842
4153852
4153942
4153952
4153962
4154072
4154112
4154172
4154232
4154242
4154252
4154282
4154322
4154362
4154392
4154452
4154492
4154522
4154532
4154552
4154592
4154602
4154622
4154762
4154912
4154922
4154942
4155012
4155032
4155082
4155092
4155282
4155302
4155322
4155342
4155432
4155442
4155512
4155532
4155542
4155602
4155622
4155652
4155902
4155972
4155982
4155992
4156012
4156022
4156032
4156042
4156052
4156062
4156072
4156082
4156192
4156212
4156312
4156352
4156592
4156692
4156712
4156912
4157042
4157422
4157462
4157482
4157602
4157652
4157962
4158332
4158482
4158632
4158682
4158972
4159032
4159122
4159342
4159422
4159512
4159572
4159852
4159872
4159892
4160182
4160322
4160342
4160422
4160452
4160472
4160482
4160532
4160552
4160572
4160682
4160742
4160752
4160792
4160822
4160842
4160882
4161062
4161162
4161212
4161262
4161272
4161302
4161312
4161322
4161342
4161602
4161642
4161652
4161772
4161952
4162062
4162092
4162132
4162222
4162422
4162452
4162482
4162522
4162542
4162612
4162742
4162822
4162852
4162992
4163022
4163072
4163202
4163272
4163282
4163372
4163392
4163402
4163442
4163482
4163722
4163742
4163792
4163872
4164102
4164192
4164242
4164332
4164372
4164732
4165012
4165072
4165082
4165122
4165212
4165262
4165292
4165402
4165452
4165462
4165542
4165612
4165652
4165702
4165732
4165772
4165822
4165872
4165942
4165982
4165992
4166042
4166092
4166142
4166182
4166192
4166232
4166442
4166632
4166702
4166732
4166772
4166962
4166982
4167052
4167182
4167202
4167262
4167382
4167502
4167592
4167802
4167812
4167972
4168072
4168462
4168872
4168882
4168892
4168922
4169052
4169152
4169182
4169282
4169292
4169302
4169472
4169492
4169502
4169552
4169652
4169732
4169742
4169852
4169922
4169952
4169982
4170042
4170062
4170142
4170162
4170182
4170232
4170422
4170472
4170482
4170492
4170592
4170642
4170662
4170702
4170722
4170732
4170742
4170752
4170762
4170772
4170782
4170792
4170802
4170812
4170832
4170842
4170872
4170892
4170902
4170912
4170932
4170952
4170962
4170972
4170992
4171022
4171032
4171042
4171062
4171082
4171092
4171102
4171112
4171122
4171132
4171152
4171162
4171172
4171192
4171202
4171212
4171222
4171232
4171252
4171262
4171272
4171282
4171292
4171302
4171312
4171332
4171342
4171352
4171372
4171382
4171392
4171402
4171412
4171432
4171442
4171452
4171462
4171482
4171492
4171502
4171512
4171522
4171542
4171552
4171562
4171572
4171582
4171592
4171602
4171612
4171622
4171632
4171642
4171662
4171682
4171692
4171702
4171712
4171722
4171732
4171752
4171762
4171782
4171832
4172012
4172112
4172152
4172212
4172432
4172452
4172462
4172472
4172492
4172512
4172532
4172592
4172642
4172692
4172782
4173032
4173132
4173172
4173372
4173382
4173402
4173442
4173582
4173622
4173692
4173832
4173952
4174002
4174012
4174022
4174272
4174612
4174702
4174822
4175032
4175272
4175512
4175662
4175762
4175772
4175792
4175812
4175842
4175872
4175882
4176152
4176272
4176552
4176642
4176652
4176672
4176692
4176722
4176852
4176872
4177042
4177112
4177132
4177152
4177162
4177172
4177182
4177192
4177212
4177242
4177252
4177292
4177302
4177312
4177342
4177362
4177392
4177412
4177432
4177452
4177462
4177492
4177502
4177512
4177522
4177552
4177582
4177602
4177622
4177632
4177652
4177672
4177682
4177692
4177702
4177712
4177722
4177732
4177762
4177772
4177782
4177802
4177862
4177882
4177902
4177912
4177932
4177952
4177962
4177972
4177992
4178052
4178102
4178112
4178152
4178202
4178252
4178402
4178482
4178492
4178502
4178542
4178562
4178572
4178662
4178712
4178722
4178752
4178762
4178782
4178792
4178812
4178842
4179002
4179022
4179152
4179172
4179282
4179312
4179432
4179552
4179652
4179672
4179692
4179792
4179822
4179862
4179962
4180022
4180042
4180082
4180282
4180382
4180392
4180402
4180432
4180452
4180572
4180672
4180702
4180712
4180732
4180792
4180862
4180872
4180892
4180922
4181022
4181042
4181062
4181072
4181092
4181112
4181142
4181232
4181292
4181332
4181342
4181362
4181412
4181422
4181432
4181462
4181472
4181502
4181532
4181542
4181552
4181562
4181572
4181592
4181692
4181702
4181732
4181812
4181902
4181912
4181932
4181962
4182012
4182032
4182082
4182152
4182282
4182322
4182452
4182512
4182532
4182542
4182552
4182642
4182722
4182772
4183062
4183072
4183082
4183092
4183132
4183232
4183292
4183362
4183392
4183502
4183542
4183562
4184002
4184212
4184302
4184312
4184342
4184352
4184372
4184402
4184432
4184442
4184462
4184672
4184712
4184722
4184762
4184772
4184812
4184852
4184862
4184872
4184882
4184892
4185172
4185182
4185202
4185242
4185422
4185552
4185602
4185622
4185652
4185672
4185682
4185692
4185742
4186832
4187002
4187052
4187072
4187082
4187102
4187112
4187122
4187142
4187152
4187162
4187172
4187312
4187322
4187442
4187502
4187572
4187772
4187902
4187922
4187932
4187952
4187962
4187972
4187982
4188002
4188072
4188182
4188212
4188292
4188442
4188702
4188892
4188982
4188992
4189272
4189392
4189522
4189722
4189822
4189992
4190052
4190152
4190242
4190262
4190272
4190312
4190402
4190462
4190542
4190612
4190662
4190692
4190712
4190732
4190742
4190762
4190772
4190812
4190832
4190912
4190922
4190962
4191022
4191032
4191042
4191072
4191082
4191092
4191102
4191182
4191212
4191242
4191252
4191262
4191272
4191282
4191292
4191302
4191312
4191352
4191372
4191382
4191392
4191402
4191422
4191432
4191442
4191512
4191572
4191752
4191782
4191932
4192192
4192302
4192322
4192402
4192472
4192492
4192512
4192642
4192692
4193622
4193632
4193642
4193702
4193712
4193722
4193742
4193772
4193782
4193802
4193902
4193922
4193932
4193942
4194012
4194082
4194352
4194532
4194592
4195062
4195152
4195162
4195212
4195282
4195302
4195332
4195362
4195382
4195402
4195572
4195612
4195622
4195652
4195672
4195682
4195692
4195722
4195792
4195812
4196172
4196182
4196222
4196302
4196352
4196582
4196742
4196752
4196762
4196822
4196872
4196892
4196922
4197102
4197432
4197452
4197522
4197592
4197732
4197762
4197782
4197792
4197802
4197852
4197912
4198082
4198102
4198132
4198152
4198192
4198242
4198312
4198342
4198352
4198362
4198482
4198722
4198742
4198822
4198832
4198842
4198862
4199072
4199322
4199352
4199382
4199462
4199612
4199622
4199642
4199692
4199702
4199792
4199882
4200172
4200212
4200332
4200402
4200432
4200442
4200562
4200632
4200652
4200672
4200682
4200722
4200752
4200802
4200832
4200852
4200872
4200882
4200892
4200992
4201042
4201322
4201522
4201532
4201542
4201552
4201562
4201572
4201582
4201602
4201612
4201662
4201672
4201872
4202102
4202122
4202132
4202142
4202162
4202262
4202292
4202302
4202422
4202472
4202482
4202532
4202612
4202922
4202962
4203022
4203052
4203222
4203282
4203332
4203402
4203462
4203572
4203582
4203602
4203692
4203712
4203732
4203752
4203772
4203822
4203862
4203882
4203892
4203942
4204032
4204042
4204122
4204142
4204242
4204292
4204522
4204622
4204672
4204722
4204732
4204742
4204772
4204822
4204982
4205012
4205512
4205532
4205552
4205562
4205592
4205612
4205622
4205682
4205712
4205722
4205762
4205772
4205782
4205792
4205822
4205832
4205842
4205942
4205952
4205992
4206072
4206132
4206262
4206392
4206402
4206432
4206542
4206582
4206712
4206772
4206812
4206822
4206872
4206912
4207012
4207032
4207042
4207052
4207082
4207132
4207152
4207162
4207192
4207202
4207212
4207242
4207262
4207272
4207292
4207302
4207312
4207322
4207342
4207352
4207362
4207412
4207422
4207442
4207462
4207482
4207522
4207542
4207592
4207622
4207632
4207642
4207662
4207682
4207702
4207712
4207722
4207742
4207772
4207782
4207802
4207812
4207832
4207842
4207862
4207872
4207882
4207892
4207932
4207962
4207992
4208022
4208212
4208242
4208442
4208832
4208852
4208992
4209022
4209032
4209052
4209082
4209092
4209122
4209152
4209172
4209182
4209252
4209292
4209332
4209342
4209352
4209402
4209682
4210172
4210212
4210262
4210352
4210372
4210492
4211122
4211482
4211582
4211602
4211612
4211622
4211832
4212262
4212412
4212432
4212472
4212522
4212582
4212662
4212822
4213252
4213472
4214892
4214962
4214982
4215062
4215092
4215202
4215212
4215222
4215232
4215242
4215252
4215302
4215342
4215362
4215382
4215402
4215412
4215452
4215462
4215482
4215502
4215512
4215522
4215532
4215542
4215552
4215562
4215592
4215612
4215652
4215692
4215702
4215742
4215832
4215992
4216002
4216022
4216032
4216042
4216052
4216082
4216112
4216122
4216132
4216162
4216172
4216202
4216252
4216272
4216292
4216312
4216472
4216482
4216562
4216582
4216602
4216622
4216642
4216782
4216892
4217122
4217402
4217592
4217692
4217972
4218142
4218262
4218562
4218572
4218582
4218592
4218602
4218642
4218772
4218822
4218832
4218892
4218902
4219132
4219142
4219152
4219182
4219282
4219362
4219392
4219402
4219422
4219442
4219492
4219512
4219652
4219712
4219882
4219972
4220002
4220032
4220052
4220062
4220182
4220222
4220402
4220452
4220502
4220512
4220742
4220932
4221052
4221072
4221282
4221302
4221352
4221402
4221442
4221472
4221522
4221562
4221582
4221642
4221702
4221712
4221722
4221832
4222102
4222112
4222142
4222152
4222162
4222502
4222522
4222552
4222562
4222652
4222702
4222712
4222742
4222782
4222842
4222852
4222932
4222942
4223012
4223032
4223052
4223272
4223282
4223302
4223362
4223412
4223422
4223432
4223452
4223482
4223512
4223522
4223542
4223562
4223572
4223612
4223622
4223652
4223662
4223692
4223712
4223762
4223832
4223852
4223922
4223932
4223952
4224022
4224052
4224062
4224072
4224132
4224162
4224172
4224242
4224302
4224402
4224482
4224532
4224572
4224612
4224662
4224692
4224712
4224722
4224732
4224772
4224882
4224972
4225062
4225102
4225112
4225122
4225132
4225202
4225212
4225222
4225242
4225252
4225282
4225292
4225322
4225372
4225412
4225522
4225542
4225552
4225582
4225602
4225632
4225712
4225762
4225782
4225792
4225822
4225832
4225912
4225922
4225932
4225972
4226042
4226052
4226202
4226212
4226222
4226262
4226272
4226322
4226342
4226392
4226402
4226442
4226502
4226522
4226532
4226562
4226582
4226592
4226612
4226662
4226672
4226682
4226732
4226772
4226802
4226822
4226842
4226872
4226882
4226912
4226932
4226962
4226982
4226992
4227032
4227042
4227082
4227092
4227132
4227142
4227162
4227172
4227212
4227232
4227252
4227292
4227302
4227312
4227322
4227332
4227352
4227372
4227402
4227412
4227432
4227442
4227452
4227482
4227492
4227572
4227582
4227622
4227642
4227662
4227672
4227682
4227722
4227742
4227752
4227772
4227782
4227822
4227842
4227902
4227912
4227952
4227972
4227982
4228012
4228042
4228062
4228072
4228112
4228142
4228162
4228202
4228242
4228252
4228272
4228312
4228372
4228412
4228442
4228452
4228492
4228502
4228512
4228532
4228552
4228562
4228572
4228652
4228872
4228882
4228912
4228942
4228962
4228972
4229072
4229132
4229142
4229182
4229192
4229202
4229232
4229242
4229312
4229342
4229352
4229372
4229382
4229392
4229422
4229452
4229462
4229522
4229632
4229682
4229692
4229712
4229722
4229732
4229742
4229752
4229762
4229772
4229792
4229802
4229812
4229832
4229842
4229872
4229902
4229912
4230032
4230052
4230062
4230072
4230142
4230152
4230172
4230182
4230192
4230202
4230212
4230242
4230252
4230262
4230292
4230312
4230362
4230372
4230382
4230422
4230462
4230472
4230482
4230492
4230512
4230522
4230532
4230542
4230552
4230562
4230582
4230622
4230672
4230682
4230692
4230702
4230732
4230742
4230752
4230782
4230792
4230812
4230822
4230852
4230882
4230892
4230902
4230912
4230922
4230932
4230942
4230952
4230962
4230972
4230992
4231002
4231022
4231042
4231052
4231082
4231112
4231122
4231132
4231152
4231182
4231192
4231212
4231272
4231282
4231332
4231362
4231392
4231422
4231442
4231452
4231502
4231672
4231682
4231742
4231752
4231822
4231872
4231992
4232022
4232062
4232102
4232152
4232182
4232232
4232252
4232332
4232342
4232402
4232452
4232472
4232512
4232582
4232592
4232612
4232632
4232642
4232672
4232682
4232712
4232742
4232822
4232852
4232872
4232982
4232992
4233002
4233012
4233032
4233052
4233062
4233072
4233182
4233212
4233272
4233312
4233352
4233372
4233392
4233422
4233432
4233452
4233482
4233852
4233862
4233872
4233912
4233952
4234092
4234112
4234122
4234132
4234182
4234262
4234422
4234442
4234492
4234502
4234512
4234522
4234612
4234692
4234712
4234722
4234742
4234752
4234762
4234812
4234842
4234862
4234872
4234892
4234922
4234982
4234992
4235002
4235012
4235042
4235052
4235082
4235122
4235202
4235222
4235242
4235272
4235282
4235352
4235362
4235402
4235492
4235502
4235512
4235522
4235562
4235572
4235582
4235612
4235622
4235672
4235772
4235782
4235802
4235812
4235892
4235942
4235982
4236002
4236042
4236062
4236092
4236102
4236112
4236132
4236142
4236202
4236212
4236252
4236262
4236312
4236342
4236372
4236382
4236402
4236412
4236422
4236442
4236452
4236502
4236512
4236532
4236562
4236582
4236612
4236622
4236632
4236642
4236652
4236662
4236672
4236722
4236732
4236762
4236772
4236882
4236902
4236922
4237062
4237072
4237092
4237122
4237222
4237242
4237252
4237262
4237272
4237302
4237332
4237342
4237352
4237372
4237382
4237402
4237412
4237422
4237432
4237442
4237452
4237472
4237482
4237512
4237522
4237532
4237542
4237552
4237562
4237572
4237582
4237592
4237612
4237632
4237642
4237652
4237682
4237702
4237712
4237722
4237732
4237752
4237762
4237792
4237842
4237852
4237882
4237892
4237982
4238002
4238012
4238042
4238052
4238062
4238082
4238092
4238212
4238232
4238242
4238272
4238282
4238402
4238522
4238552
4238562
4238602
4238612
4238812
4238852
4238862
4238892
4238912
4239032
4239062
4239072
4239112
4239122
4239132
4239152
4239272
4239332
4239352
4239432
4239452
4239472
4239532
4239572
4239602
4239642
4239662
4239672
4239682
4239702
4239712
4239742
4239762
4239772
4239842
4239872
4240022
4240032
4240062
4240072
4240102
4240132
4240202
4240222
4240242
4240252
4240262
4240272
4240282
4240292
4240352
4240362
4240372
4240382
4240392
4240402
4240412
4240422
4240442
4240482
4240502
4240532
4240542
4240562
4240572
4240622
4240672
4240682
4240692
4240722
4240732
4240742
4240752
4240762
4240792
4240812
4240822
4240832
4240862
4240892
4240972
4241022
4241032
4241082
4241092
4241122
4241132
4241172
4241202
4241292
4241322
4241372
4241432
4241462
4241542
4241622
4241652
4241722
4241792
4241802
4241822
4241842
4241872
4241952
4241972
4241982
4242032
4242072
4242092
4242122
4242142
4242172
4242362
4242412
4242492
4242572
4242582
4242612
4242642
4242692
4242712
4242882
4242902
4242932
4242972
4242982
4243002
4243032
4243072
4243102
4243192
4243202
4243252
4243262
4243292
4243322
4243342
4243362
4243592
4243672
4243772
4243792
4243892
4243942
4243982
4244002
4244012
4244092
4244142
4244152
4244162
4244202
4244222
4244252
4244262
4244272
4244282
4244292
4244332
4244342
4244362
4244412
4244432
4244442
4244452
4244472
4244482
4244542
4244552
4244582
4244612
4244652
4244672
4244702
4244772
4244812
4244842
4244872
4244882
4244892
4244902
4244922
4244932
4244942
4244962
4244972
4245032
4245042
4245062
4245072
4245122
4245182
4245282
4245292
4245322
4245412
4245452
4245462
4245472
4245482
4245602
4245702
4245712
4245772
4245782
4245812
4245822
4245832
4245842
4245852
4245862
4245872
4245882
4245902
4245922
4245942
4245972
4246062
4246072
4246092
4246162
4246172
4246182
4246202
4246232
4246332
4246462
4246472
4246512
4246522
4246562
4246592
4246602
4246622
4246632
4246652
4246662
4246672
4246682
4246782
4246842
4246862
4248842
4248892
4252832
4252842
4252852
4252932
4252942
4253012
4253042
4253062
4253152
4253162
4253252
4253332
4253362
4253372
4253392
4253412
4253432
4253442
4253452
4253482
4253492
4253602
4253662
4253672
4253732
4253762
4253892
4253902
4253952
4254002
4254012
4254022
4254062
4254082
4254122
4254132
4254142
4254162
4254202
4254262
4254302
4254312
4254412
4254422
4254432
4254442
4254492
4254542
4254602
4254712
4254722
4254762
4254902
4254952
4255012
4255032
4255042
4255052
4255062
4255072
4255082
4255092
4255102
4255112
4255122
4255152
4255162
4255172
4255182
4255192
4255202
4255212
4255222
4255232
4255242
4255252
4255262
4255272
4255292
4255302
4255312
4255332
4255352
4255382
4255392
4255402
4255462
4255532
4255912
4256212
4256222
4256252
4256272
4256292
4256312
4256322
4256522
4256662
4256672
4256692
4256702
4256712
4256722
4256732
4256742
4256752
4256762
4256772
4256782
4256792
4256802
4257032
4257042
4257052
4257072
4257082
4257102
4257112
4257122
4257142
4257152
4257172
4257182
4257192
4257202
4257212
4257222
4257232
4257242
4257262
4257332
4257352
4257362
4257372
4257382
4257402
4257412
4257422
4257432
4257592
4257612
4257632
4257642
4257652
4257802
4257822
4257832
4257842
4257852
4257922
4257932
4257942
4257962
4258002
4258012
4258312
4258332
4258362
4258372
4258382
4258392
4258412
4258422
4258432
4258442
4258452
4258492
4258502
4258512
4258532
4258542
4258552
4259062
4259072
4259082
4259112
4259122
4259132
4259142
4259152
4259162
4259172
4259182
4259212
4259262
4259272
4259282
4259302
4259332
4259342
4259352
4259382
4259392
4259402
4259412
4259422
4259432
4259462
4259472
4259482
4259492
4259512
4259522
4259542
4259552
4259572
4259582
4259592
4259602
4259612
4259632
4259642
4259652
4259662
4259672
4259702
4259722
4259742
4259792
4259812
4259822
4259832
4259872
4259882
4259902
4259932
4259962
4260002
4260012
4260122
4260142
4260292
4260342
4260422
4260502
4260522
4260592
4260602
4260612
4260632
4260652
4260742
4260782
4260842
4260952
4261012
4261022
4261062
4261112
4261232
4261272
4261462
4261472
4266742
4266772
4272132
4272212
4272252
4272262
4272362
4272382
4272592
4272702
4272722
4272732
4272782
4272832
4272862
4273002
4273042
4273072
4273082
4273202
4273502
4273512
4273572
4273622
4273672
4273752
4273822
4273912
4273922
4273932
4273992
4274002
4274032
4274052
4274232
4274262
4274282
4274292
4274332
4274342
4274362
4274372
4274492
4274652
4274722
4274762
4274822
4274872
4274892
4274932
4274982
4275102
4275122
4275282
4275352
4275782
4275852
4275992
4276002
4276012
4276042
4276062
4276092
4276172
4276232
4276352
4276412
4276422
4276472
4276642
4276672
4276812
4276852
4277022
4277052
4277072
4277202
4277332
4277852
4278612
4278672
4278732
4278902
4279032
4279152
4279302
4279692
4279882
4280162
4280172
4280222
4280292
4280332
4280342
4280352
4280362
4280382
4280392
4280442
4280562
4280622
4280632
4280872
4280912
4281122
4281132
4281152
4281192
4281252
4281272
4281302
4281332
4281442
4281522
4281572
4281592
4281642
4281652
4281662
4281712
4281752
4281772
4281862
4281912
4281972
4282022
4282032
4282062
4282112
4282132
4282242
4282272
4282322
4282332
4282352
4282372
4282402
4282412
4282532
4282572
4282582
4282752
4282772
4282822
4282852
4282882
4282912
4283072
4283202
4283212
4283222
4283252
4283312
4283372
4283382
4283392
4283412
4283422
4283432
4283462
4283472
4283522
4283532
4283552
4283632
4283642
4283692
4284382
4284582
4284592
4284602
4284632
4284772
4284782
4284802
4285172
4285252
4285282
4285332
4285392
4285452
4285472
4285682
4285782
4285922
4286072
4286132
4286162
4286272
4286282
4286402
4286512
4286562
4286612
4286652
4286692
4286722
4286762
4286792
4286802
4286852
4286872
4286902
4286912
4286942
4287012
4287092
4287112
4287122
4287182
4287202
4287232
4287242
4287252
4287272
4287482
4287492
4287522
4287572
4287582
4287602
4287612
4287652
4287742
4287772
4287832
4287872
4287922
4288032
4288072
4288092
4288112
4288232
4288252
4288272
4288282
4288322
4288502
4288602
4288612
4288642
4288702
4288712
4288732
4288772
4288802
4288812
4288892
4288912
4288922
4288932
4288952
4288972
4288982
4288992
4289002
4289032
4289052
4289072
4289092
4289102
4289122
4289132
4289192
4289202
4289212
4289242
4289252
4289282
4289302
4289322
4289332
4289372
4289412
4289422
4289432
4289462
4289482
4289512
4289542
4289552
4289572
4289582
4289592
4289602
4289612
4289642
4289662
4289682
4289702
4289712
4289722
4289732
4289772
4289782
4289792
4289812
4289822
4289872
4289892
4289922
4289942
4290012
4290212
4290242
4290252
4290272
4290302
4290352
4290362
4290372
4290382
4290402
4290452
4290502
4290572
4290612
4290672
4290682
4290692
4290702
4290752
4290842
4290862
4290892
4291172
4291222
4291312
4291812
4291842
4291882
4291982
4292002
4292012
4292022
4292032
4292042
4292052
4292062
4292102
4292222
4292282
4292312
4292342
4292362
4292572
4292602
4292632
4292642
4292692
4292702
4292732
4292792
4292802
4292812
4292902
4292922
4292962
4292982
4292992
4293002
4293052
4293072
4293122
4293132
4293162
4293192
4293212
4293232
4293262
4293272
4293372
4293392
4293432
4293452
4293472
4293482
4293522
4293582
4293612
4293652
4293672
4293692
4293712
4293732
4293752
4293762
4293792
4293842
4293912
4293932
4294012
4294072
4294142
4294162
4294182
4294192
4294242
4294292
4294302
4294312
4294342
4294472
4294552
4294572
4294612
4294672
4294732
4294752
4294762
4294822
4294862
4294982
4295012
4295022
4295032
4295052
4295072
4295082
4295102
4295112
4295122
4295142
4295162
4295182
4295192
4295222
4295232
4295242
4295292
4295332
4295362
4295392
4295402
4295432
4295442
4295452
4295492
4295592
4295602
4295612
4295662
4295682
4295712
4295722
4295732
4295742
4295762
4295782
4295802
4295812
4295832
4295852
4295872
4295922
4295972
4295982
4295992
4296002
4296012
4296022
4296032
4296222
4296242
4296332
4296362
4296402
4296432
4296492
4296512
4296542
4296572
4296592
4296632
4296652
4296662
4296682
4296692
4296702
4296732
4296742
4296902
4297122
4297212
4297282
4297542
4297552
4297582
4297602
4297652
4297692
4297712
4297722
4297742
4297752
4297762
4297782
4297792
4297802
4297842
4297862
4297872
4297912
4297932
4297942
4297962
4297972
4297992
4298002
4298012
4298042
4298072
4298082
4298092
4298112
4298122
4298132
4298142
4298172
4298182
4298192
4298202
4298212
4298232
4298252
4298262
4298272
4298282
4298292
4298312
4298322
4298342
4298362
4298372
4298412
4298432
4298442
4298462
4298472
4298492
4298502
4298512
4298522
4298532
4298562
4298582
4298592
4298612
4298642
4298652
4298662
4298692
4298732
4298742
4298752
4298772
4298792
4298802
4298822
4298842
4298852
4298882
4298912
4298942
4298962
4298972
4299022
4299032
4299052
4299072
4299092
4299112
4299142
4299182
4299202
4299212
4299232
4299302
4299322
4299332
4299342
4299372
4299382
4299392
4299402
4299412
4299422
4299442
4299452
4299462
4299482
4299492
4299512
4299522
4299542
4299562
4299572
4299602
4299612
4299622
4299632
4299642
4299652
4299672
4299682
4299692
4299702
4299742
4299762
4299772
4299822
4299852
4299862
4299902
4299922
4299932
4299942
4299952
4299962
4299972
4299992
4300002
4300012
4300032
4300042
4300062
4300112
4300152
4300162
4300172
4300182
4300192
4300202
4300242
4300252
4300262
4300272
4300292
4300302
4300332
4300352
4300392
4300412
4300442
4300452
4300472
4300482
4300492
4300522
4300562
4300602
4300662
4300702
4300712
4300742
4300762
4300802
4300822
4300842
4300922
4300932
4300952
4300962
4300992
4301012
4301062
4301082
4301092
4301122
4301172
4301182
4301192
4301242
4301262
4301282
4301322
4301392
4301402
4301432
4301442
4301462
4301632
4301652
4301672
4301692
4301742
4301752
4301952
4301972
4302042
4302102
4302152
4302212
4302302
4302382
4302432
4302442
4302452
4302492
4302502
4302592
4302662
4302692
4302712
4302882
4302912
4303022
4303062
4303102
4303122
4303152
4303242
4303252
4303262
4303312
4303322
4303332
4303352
4303372
4303382
4303412
4303422
4303502
4303512
4303602
4303702
4303742
4303782
4303792
4303812
4303832
4303852
4303862
4303932
4303982
4304002
4304042
4304052
4304072
4304092
4304192
4304202
4304232
4304262
4304312
4304372
4304382
4304402
4304412
4304422
4304452
4304472
4304502
4304552
4304562
4304592
4304602
4304622
4304652
4304722
4304742
4304782
4304812
4304822
4304842
4304852
4304872
4304912
4304922
4304982
4305002
4305032
4305052
4305112
4305122
4305162
4305202
4305272
4305342
4305372
4305392
4305432
4305472
4305502
4305522
4305542
4305552
4305572
4305592
4305612
4305632
4305682
4305702
4305722
4305742
4305782
4305792
4305812
4305822
4305842
4305852
4305862
4305892
4305912
4305922
4305942
4305952
4305972
4305992
4306002
4306012
4306052
4306092
4306112
4306142
4306152
4306182
4306242
4306322
4306362
4306392
4306412
4306512
4306532
4306552
4306582
4306602
4306672
4306722
4306802
4306812
4306862
4307002
4307052
4307062
4307152
4307172
4307192
4307232
4307252
4307352
4307522
4307562
4307722
4307752
4307762
4307782
4307802
4307822
4307832
4307872
4307882
4307892
4307912
4307932
4308002
4308102
4308292
4308352
4308362
4308392
4308452
4308482
4308732
4308812
4308862
4308982
4309012
4309022
4309042
4309182
4309312
4309412
4309452
4309572
4309592
4309712
4309722
4309812
4310082
4310102
4310162
4310172
4310342
4310452
4310812
4311022
4311242
4311252
4311342
4311492
4311512
4311582
4311632
4311712
4311832
4311862
4311972
4311982
4312012
4312172
4312182
4312192
4312202
4312212
4312272
4312282
4312312
4312322
4312332
4312352
4312432
4312522
4312562
4312582
4312662
4312692
4312702
4312722
4312732
4312742
4312762
4312812
4312842
4312862
4312872
4312882
4312962
4312972
4313042
4313072
4313132
4313162
4313192
4313222
4313332
4313432
4313522
4313562
4313712
4313832
4313852
4313872
4313912
4313922
4313932
4313942
4313952
4313972
4313992
4314032
4314052
4314062
4314112
4314122
4314132
4314312
4314452
4314512
4314522
4314642
4314672
4314692
4314732
4314742
4314772
4314812
4314882
4314932
4315012
4315052
4315112
4315122
4315132
4315162
4315232
4315342
4315422
4315592
4315622
4315642
4315652
4315662
4315672
4315682
4315692
4315732
4315742
4315782
4315792
4315802
4315812
4315852
4315872
4315902
4315982
4316092
4316102
4316142
4316232
4316242
4316262
4316292
4316312
4316332
4316362
4316392
4316442
4316462
4316482
4316562
4316612
4316642
4316652
4316662
4316682
4316742
4316782
4316792
4316812
4316822
4316872
4316902
4316912
4316922
4316962
4316992
4317022
4317042
4317072
4317102
4317132
4317152
4317172
4317242
4317262
4317292
4317332
4317562
4317592
4317602
4317732
4317752
4317842
4317902
4317982
4318002
4318092
4318102
4318112
4318202
4318252
4318352
4318412
4318432
4318482
4318492
4318552
4318602
4318632
4318662
4318702
4318712
4318722
4318752
4318762
4318822
4318842
4318882
4318892
4318912
4318922
4318932
4318942
4318992
4319042
4319092
4319122
4319162
4319192
4319222
4319392
4319422
4319442
4319482
4319492
4319522
4319532
4319562
4319592
4319602
4319622
4319642
4319662
4319702
4319712
4319742
4319772
4319782
4319882
4319892
4319912
4319922
4319932
4319942
4319972
4319982
4320002
4320022
4320092
4320102
4320112
4320172
4320182
4320232
4320272
4320302
4320342
4320352
4320402
4320422
4320452
4320492
4320512
4320522
4320542
4320602
4320612
4320702
4320742
4320782
4320802
4320862
4320912
4321022
4321092
4321122
4321252
4321262
4321282
4321322
4321372
4321492
4321542
4321552
4321572
4321592
4321602
4321612
4321722
4321782
4321852
4321872
4322382
4322432
4323022
4323052
4323192
4323212
4323222
4323352
4323652
4323672
4323692
4323712
4323722
4323732
4323792
4323802
4323842
4323872
4323902
4323912
4323992
4324012
4324092
4324102
4324142
4324192
4324292
4324302
4324312
4324472
4324482
4324552
4324672
4324692
4324732
4324782
4324812
4324852
4324862
4324872
4324892
4324902
4324932
4325082
4325092
4325112
4325122
4325252
4325262
4325282
4325302
4325322
4325332
4325342
4325362
4325372
4325402
4325412
4325422
4325452
4325502
4325512
4325522
4325532
4325552
4325582
4325592
4325602
4325632
4325652
4325682
4325742
4325812
4325822
4325872
4325882
4325892
4326012
4326082
4326242
4326432
4326452
4326482
4326492
4326532
4326542
4326582
4326642
4326662
4326682
4326742
4326752
4326762
4326772
4326782
4326802
4326812
4326822
4326852
4326882
4326912
4326932
4326952
4326982
4327032
4327052
4327082
4327102
4327112
4327122
4327132
4327142
4327272
4327292
4327342
4327352
4327362
4327372
4327382
4327432
4327482
4327522
4327542
4327552
4327562
4327652
4327702
4327732
4327752
4327812
4327842
4327862
4327882
4327902
4327942
4327952
4327962
4327982
4328002
4328092
4328132
4328172
4328262
4328282
4328312
4328322
4328362
4328432
4328442
4328472
4328582
4328592
4328602
4328612
4328622
4328632
4328792
4328832
4328892
4328952
4328972
4328992
4329022
4329032
4329042
4329242
4329282
4329302
4329312
4329372
4329532
4329662
4329892
4330022
4330032
4330082
4330132
4330202
4330322
4330352
4330362
4330382
4330392
4330632
4330642
4330712
4330732
4330742
4330792
4330802
4330842
4330942
4330962
4330982
4331162
4331192
4331242
4331252
4331272
4331332
4331362
4331382
4331392
4331522
4331552
4331572
4331582
4331602
4331612
4331652
4331732
4332012
4332052
4332162
4332232
4332252
4332312
4332402
4332422
4332642
4332902
4332922
4332952
4333042
4333122
4333152
4333222
4333232
4333332
4333342
4333452
4333462
4333592
4333602
4333652
4333672
4333702
4333832
4333942
4334022
4334082
4334182
4334192
4334202
4334242
4334252
4334382
4334462
4334552
4334632
4334642
4334652
4334672
4334682
4334732
4334782
4334802
4334912
4334922
4334942
4335032
4335072
4335112
4335172
4335182
4335192
4335212
4335252
4335282
4335312
4335322
4335332
4335362
4335382
4335462
4335482
4335492
4335572
4335582
4335602
4335642
4335672
4335812
4335822
4335842
4335852
4335862
4335872
4335922
4335962
4336012
4336032
4336052
4336112
4336132
4336142
4336152
4336192
4336202
4336252
4336272
4336292
4336372
4336452
4336482
4336492
4336512
4336522
4336582
4336652
4336672
4336772
4336792
4336892
4336902
4336972
4337032
4337152
4337292
4337462
4346252
4346262
4346322
4346342
4346352
4346372
4346492
4346842
4346892
4346932
4346962
4346992
4347012
4347032
4347042
4347072
4347092
4347132
4347142
4347282
4347352
4347402
4347412
4347432
4347442
4347492
4347612
4347622
4347722
4347762
4347972
4347982
4348062
4348102
4348132
4348152
4348182
4348192
4348202
4348222
4348272
4348292
4348552
4348562
4348612
4348622
4348652
4348662
4348672
4348752
4348782
4348852
4348862
4348892
4348912
4348982
4349002
4349052
4349082
4349102
4349152
4349282
4349352
4349402
4349422
4349592
4349812
4349842
4350032
4350102
4350132
4350182
4350222
4350262
4350272
4350302
4350342
4350362
4350492
4350502
4350522
4350552
4350632
4350652
4350662
4350702
4350722
4350752
4350812
4350832
4350872
4350952
4351212
4351312
4351342
4351382
4351442
4351452
4351502
4351542
4351602
4351612
4351652
4351702
4351742
4351772
4351782
4351812
4352102
4352112
4352132
4352172
4352192
4352252
4352332
4352462
4352582
4352602
4352622
4352692
4352702
4352722
4352732
4352752
4352782
4352792
4352802
4352822
4352832
4352842
4352872
4352892
4352952
4352962
4352992
4353012
4353022
4353082
4353092
4353102
4353112
4353132
4353152
4353192
4353322
4353382
4353432
4353462
4353482
4353492
4353502
4353542
4353562
4353572
4353582
4353592
4353602
4353612
4353632
4353642
4353672
4353682
4353692
4353702
4353712
4353722
4353752
4353762
4353782
4353812
4353822
4353852
4354012
4354092
4354162
4354342
4354352
4354742
4354782
4354842
4354872
4354882
4354992
4355072
4355092
4355112
4355122
4355132
4355152
4355172
4355182
4355222
4355252
4355272
4355312
4355352
4355362
4355432
4355552
4355582
4355612
4355662
4355702
4355752
4355782
4355812
4355822
4355832
4355862
4355882
4355982
4356092
4356122
4356162
4356172
4356202
4356222
4356232
4356282
4356312
4356332
4356342
4356382
4356412
4356432
4356452
4356582
4356612
4356672
4356772
4356872
4356902
4356942
4357072
4357242
4357302
4357352
4357392
4357472
4357682
4357802
4357922
4357932
4357992
4358342
4358392
4358512
4358532
4358542
4358562
4358582
4358602
4358622
4358652
4358672
4358682
4358762
4358822
4358852
4358872
4358922
4358952
4358962
4358982
4358992
4359022
4359062
4359072
4359082
4359092
4359102
4359112
4359132
4359152
4359162
4359172
4359192
4359202
4359222
4359512
4359582
4359642
4359652
4359672
4359682
4359712
4359722
4359732
4359752
4359762
4359892
4359912
4360142
4360172
4360212
4360412
4360422
4360432
4360442
4360452
4360482
4360572
4360612
4360632
4360742
4360792
4360922
4360952
4360972
4361002
4361092
4361132
4361182
4361302
4361312
4361322
4361352
4361402
4361422
4361522
4361532
4361542
4361552
4361562
4361582
4361612
4361622
4361672
4361862
4361892
4361902
4361932
4361972
4361992
4362022
4362032
4362052
4362072
4362082
4362192
4362202
4362212
4362222
4362232
4362242
4362262
4362312
4362342
4362352
4362412
4362462
4362502
4362522
4362532
4362572
4362612
4362652
4362732
4362812
4362822
4362922
4362972
4363042
4363052
4363072
4363112
4363122
4363202
4363232
4363422
4363512
4363732
4363842
4363862
4364012
4364022
4364072
4364232
4364292
4364382
4364582
4364592
4364882
4364932
4365062
4365132
4365182
4365292
4365312
4365322
4365332
4365342
4365412
4365632
4365662
4365722
4365882
4365912
4366122
4366162
4366192
4366212
4366222
4366332
4366342
4366732
4366742
4366932
4367092
4367402
4367462
4367642
4367762
4367802
4367872
4367882
4367942
4368032
4368212
4368672
4368692
4368712
4368722
4368742
4368752
4368762
4368782
4368832
4368842
4368852
4368872
4368902
4368912
4368922
4368942
4368962
4368972
4368992
4369002
4369012
4369032
4369052
4369062
4369072
4369552
4369612
4369642
4369662
4369682
4369692
4369702
4369732
4369832
4369902
4369992
4370002
4370042
4370192
4370332
4370372
4370382
4370412
4370422
4370432
4370452
4370472
4370492
4370502
4370562
4370592
4370612
4370642
4370652
4370662
4370682
4370822
4370832
4370862
4371062
4371112
4371122
4371142
4371152
4371182
4371212
4371282
4371302
4371392
4371612
4371732
4371742
4371772
4371782
4371832
4371892
4371942
4372002
4372102
4372242
4372292
4372302
4372322
4372332
4372522
4372782
4372812
4372822
4372952
4372972
4372992
4373052
4373062
4373242
4373252
4373312
4373332
4373342
4373352
4373382
4373562
4373592
4373652
4373662
4373702
4373722
4373802
4373892
4374062
4374102
4374202
4374212
4374262
4374352
4374402
4374432
4374462
4374682
4374742
4374792
4374862
4374942
4374972
4375012
4375102
4375152
4375192
4375202
4375232
4375512
4375572
4375712
4375872
4375942
4376082
4376132
4376182
4376212
4376252
4376262
4376322
4376332
4376342
4376352
4376372
4376442
4376462
4376482
4376492
4376502
4376522
4376542
4376552
4376562
4376612
4376622
4376692
4376742
4376802
4376822
4376882
4376902
4376962
4376972
4377082
4377092
4377102
4377112
4377122
4377132
4377252
4377292
4377302
4377312
4377322
4377342
4377462
4377492
4377502
4377532
4377642
4377742
4377802
4377812
4377872
4377972
4378022
4378102
4378232
4378242
4378252
4378262
4378272
4378292
4378302
4378312
4378322
4378562
4378572
4378652
4378772
4378782
4378812
4378822
4378852
4378862
4378882
4378902
4378912
4379002
4379192
4379232
4379262
4379272
4379342
4379412
4379442
4379462
4379472
4379482
4379502
4379512
4379532
4379542
4379552
4379562
4379592
4379622
4379642
4379652
4379752
4379762
4379772
4379792
4379802
4379822
4379852
4379872
4379942
4379962
4380052
4380102
4380132
4380172
4380182
4380192
4380202
4380212
4380232
4380242
4380262
4380272
4380312
4380472
4380542
4380572
4380602
4380612
4380652
4380672
4380682
4380692
4380712
4380752
4380802
4381002
4381102
4381122
4381212
4381352
4381362
4381372
4381382
4381432
4381452
4381462
4381602
4381612
4381622
4381732
4381742
4381832
4382002
4382012
4382022
4382032
4382052
4382062
4382072
4382152
4382162
4382222
4382262
4382272
4382282
4382402
4382492
4382512
4382522
4382612
4382622
4382642
4382652
4382682
4382692
4382702
4382722
4382782
4382792
4382832
4382842
4382882
4382922
4382972
4382992
4383102
4383142
4383152
4383172
4383182
4383192
4383202
4383212
4383232
4383292
4383302
4383452
4383512
4383582
4383592
4383602
4383622
4383632
4383652
4383662
4383682
4383692
4383702
4383712
4383722
4383732
4383742
4383752
4383762
4383772
4383782
4383792
4383802
4383812
4383822
4383832
4383842
4383852
4383862
4383872
4383882
4383892
4383972
4384002
4384012
4384022
4384032
4384052
4384212
4384332
4384362
4384382
4384472
4384552
4384592
4384652
4384672
4384922
4384992
4385112
4385122
4385282
4385312
4385322
4385332
4385362
4385382
4385392
4385412
4385452
4385492
4385542
4385572
4385592
4385652
4385702
4385732
4385752
4385812
4385912
4386042
4386052
4386092
4386272
4386342
4386352
4386372
4386382
4386392
4386412
4386432
4386442
4386452
4386482
4386492
4386502
4386522
4386552
4386562
4386592
4386692
4386732
4386802
4386812
4386832
4386882
4386962
4387082
4387252
4387322
4387332
4387482
4387502
4387532
4387542
4387612
4387632
4387642
4387682
4387692
4387712
4387772
4387802
4387872
4387932
4388022
4388042
4388132
4388192
4388212
4388382
4388422
4388552
4388622
4388652
4388772
4388852
4388862
4388872
4389082
4389162
4389352
4389402
4389462
4389502
4389642
4389662
4389682
4389762
4389772
4389852
4389982
4389992
4390012
4390032
4390062
4390082
4390112
4390202
4390242
4390272
4390292
4390332
4390432
4390452
4390532
4390642
4390672
4390762
4390872
4390892
4390972
4391042
4391092
4391132
4391322
4391402
4391412
4391432
4391462
4391592
4391622
4391632
4391662
4391732
4391742
4391782
4391792
4391852
4391872
4391982
4392072
4392082
4392092
4392102
4392132
4392222
4392252
4392352
4392412
4392492
4392542
4392602
4392652
4392742
4392792
4392802
4392822
4392832
4392852
4392862
4392872
4392882
4392892
4392902
4392982
4393132
4393182
4393222
4393282
4393332
4393342
4393382
4393392
4393472
4393492
4393552
4393622
4393632
4393662
4393742
4393912
4394292
4394332
4394362
4394512
4394602
4394612
4394622
4394742
4394792
4394802
4394812
4394822
4394832
4394842
4394852
4394862
4394872
4394882
4394902
4394912
4394922
4394932
4394972
4395012
4395022
4395042
4395062
4395072
4395102
4395112
4395432
4395462
4395532
4395642
4395722
4395782
4395832
4395862
4395872
4395962
4396042
4396072
4396082
4396122
4396132
4396152
4396432
4396462
4396482
4396522
4396602
4396632
4396672
4396732
4396972
4396992
4397342
4397362
4397522
4397582
4397592
4397652
4397692
4397712
4397752
4397802
4397812
4397912
4397942
4397952
4398002
4398012
4398022
4398032
4398112
4398122
4398132
4398142
4398152
4398162
4398292
4398372
4398382
4398402
4398412
4398422
4398602
4398632
4398672
4398692
4398712
4398782
4398852
4398862
4398882
4398902
4398922
4398942
4398992
4399022
4399032
4399142
4399162
4399172
4399342
4399372
4399382
4399432
4399552
4399572
4399632
4399762
4399782
4399912
4400052
4400182
4400232
4400252
4400262
4400292
4400332
4400342
4400412
4400422
4400462
4400482
4400532
4400542
4400672
4400692
4400702
4400712
4400722
4400732
4400742
4400762
4400802
4400842
4401002
4401032
4401052
4401132
4401172
4401182
4401332
4401342
4401422
4401472
4401622
4401692
4401722
4401812
4401882
4401932
4401942
4402002
4402102
4402152
4402182
4402212
4402222
4402242
4402262
4402282
4402292
4402332
4402372
4402382
4402402
4402412
4402422
4402442
4402522
4402532
4402542
4402572
4402592
4402642
4402662
4402832
4402882
4402942
4403052
4403062
4403272
4403282
4403292
4403532
4403622
4403632
4403652
4403762
4403782
4403792
4403802
4403812
4403822
4403832
4403842
4403852
4403872
4403902
4403912
4403922
4403932
4403942
4403952
4403972
4403982
4403992
4404002
4404042
4404062
4404102
4404112
4404122
4404132
4404512
4404882
4404902
4405002
4405032
4405202
4405242
4405322
4405382
4405392
4405442
4405532
4405692
4405702
4405772
4405852
4405862
4405922
4405942
4405952
4405962
4406002
4406052
4406182
4406242
4406262
4406292
4406412
4406442
4406482
4406552
4406582
4406592
4406602
4406632
4406642
4406652
4406702
4406722
4406802
4406822
4406832
4406852
4406862
4406872
4406902
4406952
4406972
4407002
4407072
4407102
4407142
4407162
4407242
4407262
4407412
4407422
4407452
4407472
4407522
4407532
4407552
4407632
4407662
4407672
4407702
4407712
4407992
4408052
4408062
4408082
4408102
4408202
4408252
4408292
4408382
4408392
4408402
4408432
4408472
4408502
4408542
4408802
4408872
4408882
4408892
4408902
4408912
4408922
4408942
4408952
4408962
4408982
4409002
4409012
4409022
4409052
4409072
4409232
4409272
4409282
4409292
4409302
4409322
4409332
4409352
4409402
4409462
4409542
4409552
4409672
4409722
4409752
4409762
4409782
4409852
4409872
4409892
4409922
4409972
4409982
4410002
4410012
4410052
4410072
4410132
4410202
4410212
4410222
4410232
4410272
4410392
4410402
4410412
4410422
4410432
4410452
4410482
4410492
4410522
4410612
4410712
4410722
4410742
4410752
4410842
4410882
4410952
4410962
4410982
4411082
4411102
4411142
4411172
4411192
4411352
4411382
4411442
4411542
4411562
4411622
4411722
4411872
4411932
4411982
4412012
4412032
4412112
4412212
4412252
4412382
4412522
4412592
4412862
4412922
4412932
4412942
4412962
4412972
4413022
4413042
4413082
4413092
4413132
4413212
4413242
4413272
4413282
4413782
4413812
4413892
4413902
4413942
4413972
4413992
4414002
4414042
4414062
4414072
4414092
4414122
4414142
4414152
4414172
4414192
4414212
4414242
4414282
4414312
4414352
4414382
4414402
4414422
4414442
4414522
4414532
4414542
4414552
4414562
4414592
4414612
4414632
4414642
4414652
4414662
4414682
4414692
4414702
4414742
4414762
4414772
4414792
4414852
4414862
4414892
4414912
4414972
4415032
4415042
4415052
4415082
4415102
4415122
4415172
4415192
4415222
4415232
4415242
4415252
4415262
4415312
4415352
4415362
4415402
4415432
4415442
4415492
4415502
4415522
4415542
4415552
4415562
4415572
4415582
4415592
4415602
4415632
4415662
4415672
4415702
4415742
4415792
4415802
4415822
4415842
4415852
4415872
4415912
4415982
4415992
4416012
4416022
4416032
4416052
4416062
4416072
4416162
4416182
4416202
4416252
4416302
4416382
4416502
4416512
4416552
4416592
4416642
4416652
4416682
4416692
4416702
4416742
4416772
4416782
4416812
4416822
4416922
4416942
4416962
4416982
4417002
4417032
4417042
4417052
4417092
4417102
4417112
4417162
4417172
4417192
4417202
4417212
4417232
4417252
4417312
4417332
4417342
4417362
4417382
4417402
4417412
4417422
4417452
4417462
4417472
4418132
4418152
4418192
4418212
4418222
4418232
4418242
4418262
4418292
4418322
4418332
4418382
4418392
4418402
4418422
4418442
4418462
4418472
4418582
4418602
4418632
4418652
4418772
4418792
4418802
4418832
4418882
4418922
4418932
4419032
4419052
4419092
4419132
4419162
4419192
4419272
4419322
4419332
4419352
4419412
4419432
4419442
4419462
4419552
4419562
4419972
4419992
4420022
4420032
4420112
4420142
4420192
4420252
4420322
4420352
4420362
4420422
4420462
4420532
4420602
4420662
4420692
4420732
4420752
4420772
4420902
4420922
4420942
4420972
4420982
4421022
4421032
4421042
4421052
4421082
4421112
4421142
4421172
4421262
4421292
4421302
4421432
4421542
4421702
4421752
4421762
4421802
4421812
4421822
4421872
4421882
4421922
4421942
4421962
4421972
4422022
4422192
4422222
4422242
4422262
4422352
4422362
4422402
4422462
4422502
4422582
4422592
4422652
4422682
4422822
4422832
4422872
4422882
4422912
4422952
4422962
4422992
4423022
4423052
4423062
4423132
4423162
4423172
4423242
4423272
4423382
4423402
4423432
4423552
4423562
4423592
4423622
4423632
4423722
4423742
4423792
4423872
4423882
4423922
4423962
4423972
4423982
4424042
4424052
4424082
4424102
4424142
4424162
4424182
4424232
4424242
4424262
4424272
4424292
4424312
4424382
4424422
4424432
4424442
4424462
4424522
4424532
4424552
4424612
4424652
4424672
4424682
4424702
4424722
4424732
4424742
4424782
4424802
4424812
4424862
4424872
4424972
4425002
4425012
4425022
4425032
4425052
4425112
4425162
4425182
4425202
4425222
4425272
4425292
4425302
4425322
4425332
4425342
4425352
4425402
4425452
4425492
4425502
4425512
4425532
4425552
4425572
4425612
4425622
4425652
4425662
4425692
4425702
4425942
4425972
4425992
4426012
4426082
4426142
4426232
4426242
4426252
4426272
4426292
4426302
4426312
4426392
4426402
4426432
4426452
4426462
4426472
4426482
4426532
4426542
4426612
4426662
4426722
4426742
4426832
4426912
4426992
4427012
4427042
4427092
4427102
4427112
4427122
4427132
4427162
4427182
4427212
4427262
4427272
4427292
4427322
4427342
4427412
4427442
4427452
4427582
4427592
4427702
4427772
4427832
4428032
4428192
4428252
4428262
4428362
4428382
4428432
4428632
4428702
4428762
4428912
4429042
4429082
4429112
4429122
4429192
4429242
4429392
4429612
4429782
4429862
4429872
4429892
4429912
4429942
4430012
4430082
4430112
4430152
4430172
4430182
4430242
4430332
4430342
4430362
4430402
4430612
4430622
4430652
4430672
4430712
4430832
4430862
4430912
4430962
4430992
4431002
4431012
4431032
4431052
4431092
4431102
4431112
4431122
4431162
4431192
4431242
4431262
4431552
4431572
4431592
4431892
4431972
4432062
4432072
4432082
4432092
4432102
4432112
4432122
4432132
4432142
4432322
4432552
4432562
4432662
4432712
4432862
4432932
4432952
4432962
4433202
4433322
4433542
4433552
4433602
4433622
4433632
4433682
4433742
4433782
4433822
4433842
4433922
4434032
4434042
4434052
4434072
4434152
4434172
4434192
4434202
4434282
4434332
4434342
4434362
4434372
4434412
4434422
4434432
4434442
4434472
4434492
4434502
4434652
4434662
4434732
4434742
4434852
4434902
4434912
4434932
4434952
4434972
4435022
4435062
4435132
4435142
4435152
4435162
4435182
4435192
4435232
4435252
4435262
4435282
4435302
4435322
4435332
4435352
4435362
4435382
4435462
4435532
4435552
4435572
4435592
4435602
4435632
4435652
4435672
4435752
4435762
4435772
4435802
4435892
4435902
4435912
4435972
4436052
4436122
4436192
4436202
4436212
4436252
4436282
4436352
4436542
4436732
4436802
4436892
4436912
4436932
4436942
4436992
4437012
4437032
4437132
4437272
4437512
4437522
4437552
4437582
4437622
4437682
4437692
4437712
4437732
4437752
4437772
4437802
4437842
4437852
4437862
4437882
4438182
4438252
4440602
4440722
4440752
4440762
4440802
4440892
4440922
4440962
4441042
4441072
4441132
4441172
4441282
4441322
4441412
4441502
4441592
4441612
4441632
4441642
4441652
4441662
4441682
4441712
4441772
4441782
4441892
4441912
4441942
4441962
4441972
4442042
4442062
4442132
4442162
4442172
4442212
4442282
4442462
4442472
4442552
4442602
4442622
4442692
4442712
4442732
4442742
4442752
4442782
4442792
4442802
4442842
4442882
4442912
4442922
4442932
4442952
4442972
4442982
4443012
4443022
4443032
4443312
4443392
4443452
4443532
4443552
4443662
4443682
4443692
4443752
4443762
4443772
4443852
4443862
4443872
4443902
4443922
4443932
4443942
4443972
4443982
4444012
4444022
4444052
4444072
4444142
4444152
4444162
4444172
4444182
4444212
4444232
4444242
4444262
4444282
4444332
4444342
4444352
4444372
4444392
4444432
4444442
4444492
4444772
4444802
4444842
4445042
4445072
4445082
4445112
4445162
4445172
4445182
4445192
4445202
4445212
4445232
4445272
4445382
4445402
4445422
4445462
4445472
4445562
4445572
4445582
4445622
4445772
4445802
4445822
4445902
4445922
4445932
4445942
4445972
4446042
4446052
4446062
4446072
4446092
4446142
4446172
4446222
4446232
4446262
4446272
4446282
4446292
4446302
4446312
4446322
4446342
4446362
4446372
4446432
4446462
4446482
4446502
4446522
4446542
4446572
4446592
4446632
4446642
4446662
4446672
4446732
4446742
4446772
4446782
4446802
4446812
4446832
4447022
4447032
4447042
4447052
4447062
4447072
4447082
4447092
4447102
4447132
4447152
4447162
4447172
4447182
4447202
4447222
4447232
4447262
4447272
4447282
4447292
4447302
4447312
4447322
4447342
4447352
4447362
4447392
4447402
4447412
4447422
4447432
4447442
4447452
4447462
4447472
4447502
4447512
4447562
4447592
4447672
4447682
4447742
4447772
4447932
4447952
4447982
4448022
4448042
4448052
4448062
4448122
4448162
4448212
4448252
4448372
4448382
4448392
4448402
4448422
4448432
4448492
4448502
4448532
4448542
4448562
4448572
4448582
4448592
4448602
4448662
4448672
4448692
4448702
4448712
4448722
4448732
4448742
4448782
4448802
4448842
4448912
4448922
4448932
4448952
4448962
4448982
4448992
4449022
4449032
4449042
4449082
4449092
4449122
4449142
4449152
4449162
4449182
4449202
4449212
4449222
4449232
4449262
4449272
4449282
4449292
4449302
4449322
4449362
4449372
4449382
4449392
4449412
4449442
4449482
4449532
4449602
4449622
4449632
4449642
4449652
4449682
4449692
4449712
4449732
4449762
4449772
4449812
4449822
4449842
4449872
4449892
4449902
4449922
4449952
4449972
4449992
4450002
4450022
4450032
4450052
4450072
4450112
4450122
4450152
4450262
4450322
4450442
4450462
4450472
4450482
4450532
4450542
4450592
4450602
4450612
4450622
4450712
4450722
4450812
4450852
4450992
4451002
4451072
4451102
4451192
4451202
4451232
4451242
4451322
4451352
4451362
4451382
4451422
4451432
4451492
4451502
4451512
4451592
4451622
4451662
4451672
4451702
4451712
4451722
4451732
4451762
4451792
4451802
4451862
4451872
4451892
4451932
4451942
4451962
4452032
4452062
4452082
4452102
4452132
4452142
4452202
4452252
4452322
4452442
4452462
4452482
4452542
4452572
4452582
4452592
4452612
4452622
4452642
4452652
4452722
4452732
4452742
4452752
4452762
4452772
4452782
4452792
4452802
4452812
4452832
4452842
4452902
4452912
4452922
4452932
4452942
4452992
4453002
4453022
4453052
4453062
4453092
4453162
4453192
4453222
4453322
4453352
4453372
4453462
4453492
4453502
4453552
4453572
4453592
4453612
4453632
4453642
4453652
4453672
4453692
4453702
4453712
4453722
4453732
4453752
4453852
4453892
4453922
4453932
4453942
4453962
4453982
4454012
4454042
4454092
4454102
4454132
4454152
4454192
4454262
4454282
4454412
4454442
4454532
4454642
4454672
4454692
4454712
4454742
4454762
4454802
4454822
4454842
4454922
4454982
4455032
4455092
4455112
4455212
4455222
4455242
4455262
4455272
4455292
4455312
4455332
4455372
4455512
4455612
4455632
4455672
4455742
4455762
4455792
4455812
4455892
4455942
4456062
4456072
4456082
4456102
4456112
4456122
4456132
4456142
4456232
4456282
4456362
4456412
4456442
4456622
4456632
4456642
4456652
4456662
4456672
4456692
4456942
4456962
4457002
4457022
4457032
4457122
4457182
4457192
4457252
4457272
4457282
4457292
4457312
4457332
4457372
4457422
4457452
4457502
4457512
4457522
4457602
4457622
4457692
4457712
4457732
4457762
4457792
4457842
4457862
4457992
4458042
4458072
4458102
4458132
4458222
4458272
4458282
4458572
4458652
4458662
4458682
4458692
4458762
4458932
4459002
4459032
4459062
4459102
4459152
4459192
4459242
4459252
4459272
4459292
4459302
4459342
4459362
4459372
4459442
4459462
4459492
4459542
4459572
4459582
4459702
4459742
4459762
4459802
4459842
4459852
4459862
4459872
4459892
4459922
4459962
4459972
4460002
4460012
4460022
4460032
4460042
4460052
4460122
4460192
4460212
4460222
4460232
4460242
4460252
4460262
4460272
4460292
4460302
4460322
4460342
4460362
4460372
4460392
4460402
4460412
4460462
4460472
4460482
4460492
4460502
4460522
4460602
4460662
4460682
4460842
4460852
4460862
4460992
4461012
4461032
4461042
4461082
4461122
4461192
4461212
4461232
4461262
4461292
4461372
4461392
4461482
4461492
4461502
4461512
4461522
4461562
4461582
4461602
4461652
4461722
4461742
4461792
4461802
4461872
4461892
4461912
4461942
4461952
4461992
4462092
4462182
4462212
4462232
4462402
4462412
4462422
4462432
4462452
4462462
4462562
4462572
4462592
4462602
4462642
4462672
4462812
4463102
4463112
4463152
4463162
4463232
4463242
4463282
4463292
4463302
4463352
4463362
4463392
4463402
4463412
4463432
4463442
4463452
4463462
4463472
4463482
4463512
4463522
4463542
4463552
4463562
4463602
4463612
4463632
4463642
4463652
4463662
4463692
4463702
4463752
4463762
4463772
4463822
4463862
4463872
4463882
4463922
4464012
4464052
4464062
4464102
4464282
4464302
4464382
4464402
4464422
4464452
4464512
4464522
4464532
4464642
4464662
4464682
4464722
4464732
4464752
4464762
4464792
4464802
4464832
4464862
4464922
4464962
4464982
4465072
4465082
4465102
4465122
4465182
4465192
4465202
4465212
4465222
4465232
4465242
4465322
4465352
4465382
4465402
4465462
4465542
4465812
4465842
4465862
4465892
4465922
4465942
4465952
4466032
4466042
4466092
4466112
4466162
4466172
4466182
4466282
4466292
4466342
4466382
4466402
4466422
4466502
4466512
4466562
4466712
4466762
4466802
4466812
4466822
4466832
4466862
4466872
4466912
4466922
4466932
4466942
4466962
4466982
4467012
4467042
4467132
4467192
4467232
4467242
4467252
4467292
4467312
4467332
4467342
4467362
4467392
4467502
4467512
4467542
4467552
4467562
4467582
4467602
4467672
4467712
4467722
4467732
4467742
4467752
4467762
4467772
4467782
4467792
4467802
4467812
4467822
4467832
4467852
4467882
4467902
4467912
4467932
4467952
4468002
4468022
4468032
4468052
4468082
4468102
4468122
4468132
4468142
4468152
4468172
4468192
4468202
4468222
4468242
4468262
4468282
4468292
4468312
4468322
4468332
4468342
4468352
4468362
4468392
4468412
4468422
4468432
4468462
4468482
4468492
4468542
4468562
4468622
4468672
4468712
4468732
4468812
4468842
4468852
4468902
4468992
4469002
4469102
4469142
4469202
4469242
4469272
4469282
4469312
4469322
4469352
4469392
4469472
4469492
4469502
4469522
4469582
4469592
4469602
4469612
4469632
4469712
4469752
4469772
4469782
4469812
4469842
4469862
4469882
4469892
4469912
4469962
4470042
4470082
4470152
4470172
4470182
4470272
4470292
4470312
4470332
4470352
4470362
4470372
4470402
4470532
4470542
4470552
4470572
4470602
4470612
4470642
4470672
4470742
4470752
4470762
4470772
4470842
4470862
4470872
4470892
4470902
4470922
4470932
4470962
4471082
4471122
4471142
4471152
4471162
4471172
4471282
4471382
4471432
4471452
4471852
4471922
4471962
4471982
4472042
4472062
4472072
4472082
4472102
4472182
4472202
4472292
4472302
4472332
4472352
4472462
4472482
4472532
4472542
4472572
4472602
4472642
4472662
4472742
4472812
4472882
4472902
4472942
4472952
4472962
4472972
4472982
4472992
4473052
4473142
4473342
4473412
4473482
4473522
4473562
4473602
4473642
4473652
4473712
4473722
4473732
4473762
4473782
4473862
4473912
4473932
4474072
4474102
4474132
4474152
4474172
4474182
4474212
4474362
4474382
4474412
4474422
4474722
4474742
4474792
4474812
4474832
4474842
4474912
4474932
4474942
4474972
4474982
4475142
4475352
4475432
4475462
4475572
4475642
4475702
4475742
4475782
4475822
4475842
4475902
4475912
4475982
4476002
4476132
4476202
4476232
4476272
4476282
4476342
4476382
4476392
4476432
4476562
4476662
4476772
4476862
4476882
4476892
4476942
4477122
4477142
4477162
4477202
4477212
4477232
4477262
4477392
4477422
4477652
4477722
4478092
4478112
4478222
4478292
4478452
4478472
4478502
4478562
4478582
4478592
4478632
4478642
4478692
4478722
4478752
4478862
4478942
4478952
4479002
4479022
4479032
4479142
4479162
4479202
4479232
4479272
4479302
4479482
4479522
4479552
4479612
4479722
4479742
4479772
4479792
4479832
4479972
4480012
4480022
4480152
4480182
4480282
4480372
4480412
4480532
4480572
4480602
4480652
4480722
4480752
4480762
4480772
4480782
4480802
4480842
4480922
4480942
4480992
4481052
4481082
4481092
4481132
4481182
4481202
4481252
4481272
4481632
4481682
4481702
4481902
4481922
4481952
4482042
4482152
4482162
4482202
4482232
4482242
4482312
4482322
4482432
4482442
4482482
4482492
4482502
4482532
4482542
4482572
4482592
4482612
4482662
4482672
4482682
4482752
4482802
4482822
4482832
4482852
4482952
4483012
4483062
4483242
4483252
4483282
4483392
4483412
4483422
4483482
4483572
4483662
4483672
4483692
4483772
4483792
4483962
4489332
4489362
4489432
4489522
4489542
4489562
4489612
4489642
4489692
4489872
4489882
4489912
4489932
4490002
4490062
4490122
4490162
4490252
4490262
4490302
4490482
4490512
4490642
4490742
4490832
4490842
4490852
4490862
4490922
4490932
4490942
4490952
4490962
4491022
4491072
4491082
4491262
4491462
4491482
4491492
4491512
4491572
4491622
4491652
4491682
4491692
4491712
4491722
4491732
4491752
4491762
4491772
4491792
4491802
4491882
4491932
4491982
4492002
4492012
4492072
4492122
4492202
4492212
4492272
4492292
4492302
4492312
4492322
4492382
4492402
4492422
4492432
4492452
4492462
4492512
4492542
4492572
4492602
4492672
4492762
4492802
4492832
4492922
4492932
4492942
4492962
4493072
4493222
4493232
4493392
4493402
4493412
4493432
4493442
4493452
4493462
4493482
4493502
4493702
4493722
4493912
4494022
4494052
4494192
4494212
4495312
4496872
4496922
4497332
4497402
4497422
4497432
4497482
4497522
4497542
4497562
4497582
4497592
4497622
4497632
4497652
4497662
4497672
4497682
4497722
4497762
4497822
4497852
4497882
4497892
4497902
4497922
4497952
4498012
4498052
4498072
4498082
4498112
4498172
4498182
4498192
4498202
4498222
4498252
4498262
4498292
4498322
4498382
4498472
4498482
4498562
4498602
4498622
4498632
4498642
4498652
4498712
4498772
4498802
4498812
4499062
4499072
4499092
4499132
4499172
4499332
4499392
4499402
4499412
4499482
4499562
4499762
4499862
4500012
4500022
4500072
4500162
4500222
4500242
4500302
4500412
4500512
4500622
4500772
4500832
4500922
4500942
4501002
4501092
4501302
4501322
4501382
4501412
4501492
4503772
4503782
4503822
4503832
4503872
4503962
4503982
4504092
4504102
4504172
4504192
4504252
4504322
4504332
4504362
4504372
4504392
4504452
4504532
4504592
4504632
4504642
4504652
4504672
4504722
4504742
4504792
4504832
4504932
4504982
4505012
4505022
4505032
4505042
4505052
4505062
4505092
4505102
4505202
4505222
4505282
4505412
4505512
4505552
4505562
4505582
4505612
4505632
4505652
4505662
4505692
4505722
4505732
4505772
4505822
4505942
4506002
4506162
4506252
4506262
4506272
4506362
4506372
4506382
4506432
4506452
4506482
4506502
4506552
4506652
4506672
4506712
4506732
4506742
4506782
4506812
4506832
4506852
4506942
4506962
4507052
4507082
4507102
4507132
4507302
4507362
4507382
4507392
4507412
4507422
4507432
4507442
4507452
4507462
4507472
4507482
4507512
4507562
4507572
4507652
4507702
4507792
4507912
4507922
4508082
4508092
4508102
4508112
4508142
4508312
4508332
4508372
4508382
4508392
4508412
4508422
4508452
4508472
4508592
4508632
4508642
4508662
4508682
4508702
4508832
4508842
4508892
4508912
4508952
4509192
4509242
4509292
4509322
4509372
4509422
4509562
4509602
4509622
4509652
4509662
4509692
4509702
4509712
4509732
4509742
4509752
4509782
4509802
4509852
4509862
4509882
4509902
4509922
4509942
4509952
4509962
4509982
4509992
4510012
4510022
4510062
4510082
4510092
4510182
4510302
4510312
4510322
4510332
4510342
4510352
4510362
4510372
4510382
4510392
4510402
4510422
4510462
4510572
4510622
4510812
4510862
4510902
4510912
4510942
4511052
4511072
4511132
4511142
4511152
4511172
4511192
4511202
4511222
4511242
4511252
4511282
4511312
4511322
4511332
4511352
4511372
4511392
4511402
4511412
4511422
4511442
4511452
4511462
4511472
4511482
4511492
4511502
4511512
4511522
4511532
4511572
4511622
4511662
4511672
4511712
4511732
4511752
4511762
4511772
4511802
4511842
4511852
4511882
4511902
4511972
4511982
4512002
4512102
4512192
4512202
4512212
4512222
4512242
4512292
4512332
4512342
4512372
4512402
4512412
4512432
4512442
4512502
4512552
4512592
4512612
4512662
4512692
4512702
4512772
4512782
4512842
4512852
4512902
4512912
4513142
4513162
4513232
4513272
4513372
4513412
4513472
4513602
4513642
4513662
4513822
4513872
4513912
4514002
4514012
4514022
4514032
4514042
4514062
4514112
4514122
4514132
4514142
4514172
4514202
4514252
4514292
4514312
4514392
4514402
4514422
4514462
4514472
4514492
4514532
4514592
4514642
4514822
4514832
4514852
4514932
4515062
4515262
4515392
4515402
4515432
4515452
4515542
4515552
4515612
4515622
4515632
4515822
4515832
4515842
4516002
4516012
4516022
4516032
4516052
4516122
4516172
4516202
4516332
4516372
4516412
4516432
4516442
4516492
4516502
4516512
4516532
4516542
4516562
4516582
4516592
4516602
4516612
4516672
4516822
4516832
4516862
4516892
4517002
4517082
4517172
4517192
4517212
4517292
4517312
4517332
4517402
4517422
4517532
4517542
4517632
4517712
4517862
4517972
4518032
4518092
4518222
4518232
4518292
4518462
4518512
4518662
4518672
4518692
4518702
4518712
4518732
4518742
4518752
4518762
4518822
4518842
4518852
4518862
4518872
4518882
4518892
4519202
4519222
4519232
4519242
4519252
4519272
4519282
4519382
4519412
4519422
4519462
4519482
4519492
4519502
4519512
4519522
4519532
4519542
4519552
4519562
4519572
4519602
4519742
4519772
4519782
4519802
4519812
4519852
4519862
4519882
4519902
4519962
4519992
4520002
4520102
4520112
4520172
4520262
4520352
4520402
4520412
4520422
4520442
4520452
4520462
4520542
4520562
4520572
4520612
4520642
4520772
4520802
4520832
4520882
4520892
4520912
4520922
4521002
4521022
4521052
4521192
4521382
4521432
4521452
4521462
4521472
4521482
4521502
4521512
4521542
4521562
4521572
4521582
4521592
4521602
4521612
4521622
4521632
4521642
4521652
4521662
4521672
4521692
4521932
4521942
4521952
4521962
4522042
4522062
4522072
4522092
4522112
4522142
4522182
4522212
4522222
4522232
4522412
4522532
4522542
4522572
4522592
4522632
4522682
4522692
4522702
4522712
4522812
4522822
4522832
4522842
4522902
4522982
4523002
4523022
4523052
4523082
4523092
4523112
4523192
4523202
4523212
4523272
4523292
4523312
4523332
4523472
4523522
4523552
4523562
4523592
4523612
4523622
4523652
4523662
4523672
4523692
4523712
4523732
4523772
4523782
4523872
4523892
4523902
4523942
4523992
4524022
4524272
4524592
4524602
4524752
4524792
4524882
4524892
4524972
4524982
4524992
4525062
4525102
4525152
4525172
4525182
4525222
4525242
4525262
4525322
4525342
4525352
4525382
4525482
4525492
4525662
4525852
4525892
4525922
4526002
4526042
4526062
4526102
4526112
4526122
4526152
4526282
4526292
4526422
4526502
4526522
4526592
4526622
4526642
4526662
4526682
4526712
4526822
4526892
4526952
4527002
4527032
4527052
4527082
4527102
4527112
4527152
4527282
4527302
4527322
4527342
4527572
4527592
4527642
4527742
4527862
4527942
4527952
4528212
4528452
4528542
4528562
4528602
4528632
4528772
4528792
4528842
4528992
4529062
4529072
4529142
4529302
4529312
4529362
4529392
4529422
4529472
4529752
4529792
4529922
4530172
4530262
4530282
4530302
4530412
4530432
4530492
4530512
4530602
4530712
4530732
4530752
4530942
4531042
4531052
4531152
4531232
4531262
4531282
4531312
4531362
4531422
4531472
4531762
4531792
4531822
4531842
4531872
4531932
4532052
4532092
4532192
4532202
4532242
4532262
4532272
4532302
4532452
4532522
4532562
4532672
4532682
4532692
4532732
4532792
4532812
4532972
4533152
4533222
4533282
4533432
4533892
4533972
4534022
4534092
4534132
4534182
4534222
4534242
4534292
4534332
4534342
4534382
4534422
4534452
4534462
4534502
4534552
4534562
4534582
4534592
4534612
4534622
4534632
4534642
4534722
4534752
4534782
4534972
4535002
4535032
4535072
4535112
4535132
4535172
4535212
4535292
4535372
4535452
4535512
4535532
4535572
4535622
4535632
4535652
4535672
4535682
4535722
4535752
4535762
4535772
4535792
4535812
4535822
4535832
4535852
4535862
4535892
4535902
4535942
4535952
4535962
4536032
4536062
4536082
4536102
4536112
4536142
4536262
4536292
4536302
4536312
4536332
4536432
4536442
4536462
4536502
4536562
4536582
4536622
4536642
4536662
4536872
4536902
4536952
4536962
4537062
4537082
4537112
4537152
4537202
4537222
4537252
4537272
4537422
4537462
4537472
4537492
4537512
4537522
4537532
4537552
4537612
4537632
4537672
4537832
4537852
4537952
4537962
4537992
4538062
4538192
4538202
4538212
4538232
4538282
4538562
4538582
4538692
4538802
4539052
4539062
4539112
4539122
4539142
4539162
4539252
4539262
4539312
4539332
4539362
4539382
4539452
4539612
4539632
4539662
4539802
4539812
4539842
4539942
4539962
4539982
4540012
4540032
4540052
4540112
4540182
4540192
4540202
4540212
4540222
4540232
4540242
4540252
4540262
4540292
4540332
4540392
4540552
4540622
4540722
4540792
4540812
4540862
4540892
4541032
4541052
4541342
4541432
4541532
4541612
4541632
4541702
4541852
4541922
4541942
4542012
4542052
4542122
4542142
4542212
4542232
4542332
4542352
4542402
4542412
4542422
4542482
4542642
4542832
4542872
4543122
4543132
4543142
4543202
4543212
4543222
4543252
4543262
4543302
4543422
4543502
4543522
4543562
4543572
4543612
4543622
4543712
4543752
4543792
4543802
4543822
4543842
4543862
4543872
4543882
4543892
4543912
4544002
4544012
4544092
4544122
4544132
4544182
4544192
4544212
4544282
4544292
4544362
4544422
4544512
4544672
4544812
4544852
4544972
4545042
4545062
4545092
4545212
4545282
4545312
4545332
4545392
4545412
4545512
4545562
4545602
4545642
4545652
4545772
4545782
4545802
4545832
4545892
4545912
4545972
4545982
4546072
4546082
4546122
4546152
4546172
4546182
4546192
4546262
4546272
4546312
4546322
4546402
4546492
4546502
4546542
4546562
4546632
4546672
4546692
4546772
4546782
4546802
4546822
4547052
4547072
4547182
4547212
4547232
4547242
4547252
4547262
4547272
4547282
4547312
4547322
4547352
4547362
4547402
4547442
4547452
4547462
4547482
4547492
4547502
4547512
4547532
4547552
4547562
4547572
4547612
4547712
4547822
4547842
4547872
4547892
4547942
4547982
4548002
4548042
4548052
4548092
4548132
4548152
4548182
4548192
4548202
4548242
4548312
4548362
4548372
4548422
4548432
4548472
4548522
4548532
4548552
4548562
4548572
4548582
4548592
4548632
4548652
4548752
4548762
4548832
4548992
4549002
4549022
4549152
4549212
4549252
4549262
4549292
4549312
4549332
4549392
4549402
4549412
4549432
4549462
4549472
4549482
4549512
4549532
4549552
4549562
4549682
4549772
4549802
4549862
4549952
4550062
4550172
4550182
4550192
4550262
4550452
4550462
4550472
4550482
4550492
4550502
4550512
4550522
4550532
4550822
4550842
4550862
4550872
4550882
4550892
4550922
4551052
4551072
4551092
4551132
4551192
4551202
4551212
4551262
4551312
4551342
4551352
4551692
4551732
4551742
4551772
4551802
4551842
4551872
4551902
4551932
4551972
4552042
4552062
4552082
4552112
4552182
4552192
4552222
4552242
4552252
4552312
4552352
4552372
4552382
4552412
4552442
4552462
4552472
4552532
4552682
4552772
4552832
4552942
4552962
4552982
4553022
4553162
4553272
4553362
4553452
4553502
4553612
4553622
4553632
4553692
4553712
4553722
4553862
4553942
4554052
4554062
4554092
4554112
4554152
4554392
4554502
4554532
4554562
4554572
4554692
4554702
4554722
4554892
4554982
4555012
4555332
4555362
4555422
4555442
4555452
4555482
4555542
4555592
4555622
4555642
4555692
4555702
4555722
4555792
4555802
4555882
4555922
4555962
4555972
4555982
4556072
4556142
4556182
4556232
4556282
4556292
4556332
4556342
4556382
4556422
4556462
4556482
4556502
4556532
4556542
4556552
4556572
4556592
4556722
4556802
4556872
4556912
4556932
4557052
4557072
4557082
4557092
4557172
4557232
4557242
4557262
4557272
4557302
4557382
4557402
4557412
4557422
4557432
4557482
4557492
4557532
4557572
4557592
4557672
4557712
4557742
4557782
4557822
4557942
4558032
4558082
4558162
4558202
4558552
4558582
4558622
4558692
4558852
4558862
4558902
4558932
4558942
4558962
4558982
4558992
4559022
4559032
4559062
4559092
4559132
4559142
4559602
4559722
4559732
4559952
4559962
4559972
4559982
4559992
4560002
4560012
4560022
4560032
4560042
4560112
4560142
4560182
4560232
4560282
4560322
4560332
4560412
4560422
4560462
4560472
4560512
4560532
4560552
4560582
4560592
4560612
4560642
4560652
4560672
4560692
4560702
4560762
4560782
4560812
4560932
4560942
4560952
4560972
4560982
4560992
4561012
4561032
4561072
4561102
4561152
4561162
4561172
4561182
4561192
4561202
4561212
4561262
4561272
4561282
4561292
4561312
4561352
4561362
4561372
4561382
4561402
4561412
4561452
4561472
4561492
4561502
4561512
4561532
4561552
4561602
4561622
4561702
4561722
4561832
4561852
4561862
4561932
4561942
4562042
4562472
4562522
4562562
4562572
4562642
4562662
4562672
4562732
4562802
4562832
4562862
4562882
4562982
4563042
4563092
4563132
4563152
4563252
4563282
4563292
4563312
4563372
4563392
4563412
4563512
4563522
4563532
4563612
4563682
4563792
4563802
4563892
4563902
4564092
4564102
4564312
4564402
4564442
4564452
4564462
4564482
4564492
4564562
4564572
4564722
4565072
4565302
4565362
4565792
4565882
4565892
4566112
4566152
4566202
4566232
4566272
4566312
4566352
4566442
4566452
4566532
4566672
4566722
4566822
4566852
4566872
4566962
4566982
4567032
4567102
4567152
4567192
4567252
4567262
4567272
4567282
4567302
4567312
4567362
4567392
4567402
4567412
4567432
4567442
4567472
4567482
4567502
4567552
4567612
4567802
4568352
4568392
4568442
4568482
4568492
4568532
4568592
4568612
4568622
4568632
4568662
4568692
4568702
4568742
4568812
4568832
4568842
4568862
4568872
4568882
4568892
4568902
4568912
4568922
4568952
4568982
4569052
4569082
4569102
4569122
4569142
4569252
4569292
4569332
4569482
4569692
4569752
4569772
4569812
4569852
4569892
4569932
4570002
4570042
4570092
4570102
4570122
4570172
4570312
4570332
4570342
4570352
4570362
4570372
4570422
4570452
4570462
4570482
4570502
4570672
4570702
4570712
4570722
4570732
4570742
4570752
4570762
4570772
4570792
4570802
4570812
4570842
4570902
4570982
4571012
4571232
4571472
4571612
4571642
4571712
4571772
4571802
4571812
4571842
4571912
4571952
4571982
4572032
4572102
4572152
4572302
4572352
4572422
4572452
4572502
4572532
4572602
4572642
4572692
4572712
4572732
4572762
4572772
4572812
4572862
4572872
4572972
4573072
4573092
4573112
4573152
4573182
4573272
4573342
4573452
4573512
4573532
4573542
4573622
4573632
4573642
4573672
4573702
4573722
4573812
4573872
4573882
4573952
4574012
4574052
4574082
4574102
4574242
4574282
4574302
4574312
4574502
4574582
4574622
4574782
4574822
4575022
4575052
4575092
4575212
4575242
4575252
4575262
4575472
4575502
4575512
4575692
4575702
4575712
4575722
4575732
4575742
4575752
4575762
4575782
4576002
4576012
4576032
4576062
4576132
4576212
4576252
4576262
4576312
4576422
4576682
4576722
4577432
4577442
4577682
4577832
4577922
4577992
4578032
4578222
4578262
4578542
4578662
4578682
4578702
4578982
4579012
4579052
4579112
4579132
4579152
4579212
4579222
4579242
4579252
4579272
4579292
4579362
4579502
4579522
4579542
4579552
4579562
4579602
4579682
4579702
4579802
4579892
4579942
4580042
4580052
4580072
4580122
4580132
4580152
4580172
4580182
4580222
4580252
4580262
4580352
4580392
4580402
4580422
4580432
4580452
4580472
4580492
4580522
4580552
4580602
4580692
4580712
4580732
4580762
4580802
4580822
4580902
4580952
4581012
4581042
4581052
4581102
4581172
4581322
4581362
4581482
4581502
4581522
4581542
4581552
4581572
4581612
4581752
4581842
4581852
4581922
4581932
4581952
4581982
4582072
4582082
4582122
4582252
4582262
4582272
4582372
4582392
4582412
4582482
4582532
4582552
4582822
4582892
4582902
4582942
4582952
4582972
4582982
4582992
4583012
4583102
4583132
4583212
4583242
4583262
4583302
4583352
4583422
4583462
4583552
4583562
4583632
4583682
4583702
4583722
4583772
4583792
4583842
4583892
4583912
4583942
4583952
4583962
4584032
4584042
4584122
4584292
4584302
4584352
4584382
4584422
4584482
4584672
4584912
4585082
4585172
4585242
4585312
4585372
4585402
4585482
4585512
4585642
4585862
4585872
4585902
4585912
4585942
4585972
4586002
4586092
4586312
4586322
4586432
4586472
4586532
4586982
4587082
4587112
4587232
4587292
4587312
4587332
4587352
4587362
4587372
4587382
4587492
4587512
4587592
4587612
4587672
4587712
4587742
4587932
4587952
4587962
4588062
4588252
4588302
4588342
4588362
4588402
4588442
4588462
4588472
4588572
4588612
4588632
4588642
4588652
4588672
4588692
4588772
4588792
4588802
4588822
4588832
4588862
4588872
4588992
4589042
4589072
4589102
4589112
4589122
4589132
4589142
4589162
4589202
4589262
4589322
4589382
4589402
4589442
4589462
4589532
4589552
4589562
4589612
4589662
4589672
4589702
4589712
4589732
4589762
4589852
4589962
4590082
4590132
4590212
4590222
4590242
4590272
4590302
4590312
4590322
4590332
4590342
4590352
4590362
4590372
4590382
4590392
4590402
4590412
4590442
4590492
4590502
4590562
4590622
4590632
4590642
4590742
4590782
4590822
4590842
4590882
4590912
4591212
4591252
4591432
4591442
4591482
4591492
4591532
4591642
4591952
4592052
4592062
4592082
4592092
4592192
4592212
4592222
4592232
4592272
4592302
4592372
4592452
4592512
4592522
4592562
4592592
4592622
4592652
4592662
4592712
4592742
4592812
4592952
4592992
4593022
4593062
4593162
4593222
4593232
4593262
4593322
4593352
4593362
4593382
4593422
4593472
4593492
4593512
4593622
4593652
4593672
4593702
4593722
4593812
4593842
4593852
4593892
4593912
4593942
4593952
4593962
4594012
4594022
4594062
4594072
4594132
4594152
4594162
4594182
4594192
4594202
4594262
4594272
4594332
4594372
4594402
4594422
4594432
4594442
4594472
4594542
4594762
4594772
4594812
4595052
4595182
4595272
4595282
4595302
4595322
4595372
4595482
4595512
4595832
4595842
4595862
4595882
4595892
4595902
4595912
4595922
4595932
4595952
4596102
4596172
4596192
4596202
4596212
4596222
4596282
4596322
4596342
4596352
4596382
4596422
4596452
4596472
4596482
4596532
4596562
4596642
4596652
4596712
4596782
4596802
4596822
4596842
4596862
4596922
4596932
4596942
4596952
4596972
4597012
4597042
4597072
4597092
4597112
4597142
4597152
4597192
4597352
4597392
4597412
4597422
4597462
4597482
4597552
4597582
4597652
4597682
4597732
4597742
4597782
4597922
4597932
4597972
4597982
4598012
4598042
4598052
4598062
4598072
4598092
4598112
4598122
4598142
4598222
4598232
4598302
4598312
4598332
4598402
4598422
4598442
4598482
4598512
4598532
4598552
4598612
4598692
4598722
4598752
4598812
4598822
4598852
4598932
4598952
4599022
4599072
4599122
4599152
4599172
4599182
4599192
4599202
4599212
4599242
4599252
4599262
4599282
4599322
4599362
4599442
4599482
4599502
4599532
4599582
4599622
4599642
4599702
4599712
4599802
4599822
4599832
4599872
4599922
4599952
4599972
4599982
4600002
4600022
4600042
4600062
4600072
4600092
4600102
4600162
4600232
4600262
4600272
4600332
4600342
4600392
4600442
4600482
4600492
4600502
4600512
4600532
4600592
4600612
4600652
4600692
4600902
4600922
4600932
4601052
4601372
4601392
4601402
4601422
4601452
4601482
4601492
4601512
4601522
4601542
4601562
4601582
4601592
4601622
4601652
4601682
4601742
4601792
4601822
4601872
4601892
4601902
4602012
4602022
4602042
4602132
4602152
4602182
4602242
4602282
4602302
4602332
4602342
4602372
4602422
4602442
4602542
4602582
4602602
4602652
4602682
4602772
4602782
4602822
4602852
4602872
4602882
4602892
4602932
4602942
4602952
4602972
4602992
4603102
4603112
4603142
4603152
4603172
4603352
4603372
4603382
4603392
4603402
4603422
4603462
4603482
4603502
4603522
4603582
4603602
4603652
4603872
4603892
4603902
4603942
4603962
4603972
4603992
4604022
4604032
4604072
4604092
4604102
4604242
4604302
4604412
4604422
4604442
4604472
4604482
4604492
4604502
4604532
4604552
4604682
4604712
4604722
4604742
4604772
4604792
4604852
4604942
4604952
4604962
4604982
4604992
4605022
4605042
4605052
4605062
4605132
4605142
4605152
4605162
4605292
4605632
4605742
4605762
4605772
4605792
4605802
4605812
4605822
4605832
4605842
4605852
4605882
4605892
4605902
4605922
4605932
4605942
4605952
4605972
4606002
4606032
4606062
4606082
4606102
4606122
4606132
4606162
4606252
4606282
4606312
4606352
4606402
4606432
4606462
4606472
4606532
4606542
4606552
4606562
4606572
4606582
4606612
4606642
4606662
4606682
4606692
4606712
4606722
4606762
4606792
4606802
4606812
4606822
4606832
4606852
4606882
4606932
4606952
4606962
4606982
4606992
4607032
4607042
4607062
4607102
4607112
4607132
4607152
4607162
4607172
4607202
4607212
4607222
4607242
4607262
4607272
4607302
4607312
4607362
4607422
4607502
4607522
4607542
4607552
4607592
4607622
4607632
4607642
4607672
4607682
4607712
4607742
4607762
4607772
4607852
4607912
4607932
4608002
4608092
4608142
4608232
4608352
4608462
4608482
4608542
4608582
4608602
4608612
4608642
4608662
4608772
4608792
4608802
4608812
4608822
4608832
4608992
4609022
4609232
4609242
4609342
4609372
4609442
4609452
4609532
4609552
4609602
4609622
4609712
4609762
4609792
4609832
4609842
4609872
4609912
4609932
4609982
4610022
4610062
4610112
4610152
4610172
4610182
4610222
4610242
4610252
4610272
4610312
4610332
4610372
4610412
4610422
4610442
4610462
4610582
4610642
4610672
4610722
4610742
4610842
4610882
4610892
4610902
4610912
4610922
4610932
4610942
4610982
4610992
4611012
4611032
4611092
4611132
4611142
4611172
4611232
4611242
4611252
4611292
4611312
4611322
4611332
4611342
4611352
4611372
4611392
4611412
4611422
4611512
4611542
4611562
4611622
4611642
4611692
4611732
4611742
4611802
4611822
4611842
4611852
4611892
4611922
4612062
4612082
4612132
4612162
4612232
4612282
4612322
4612342
4612352
4612372
4612392
4612402
4612412
4612472
4612482
4612522
4612542
4612562
4612582
4612602
4612612
4612622
4612642
4612662
4612682
4612782
4612822
4612882
4612922
4612932
4612952
4612962
4612982
4612992
4613052
4613062
4613082
4613132
4613142
4613182
4613222
4613242
4613252
4613292
4613302
4613342
4613402
4613422
4613452
4613512
4613542
4614112
4614372
4614382
4614392
4614572
4614622
4614752
4614822
4614962
4614982
4615032
4615052
4615062
4615072
4615342
4615392
4615452
4615472
4615482
4615502
4615652
4615762
4615812
4615862
4615892
4616002
4616032
4616042
4616052
4616082
4616102
4616122
4616222
4616352
4616372
4616422
4616432
4616452
4616482
4616522
4616562
4616582
4616602
4616612
4616682
4616702
4616712
4616732
4616752
4616762
4616792
4616822
4616842
4616872
4616882
4616912
4616922
4616932
4616942
4616952
4617032
4617052
4617062
4617082
4617112
4617172
4617182
4617192
4617322
4617372
4617392
4617412
4617432
4617462
4617492
4617532
4617582
4617622
4617632
4617672
4617682
4617772
4617802
4617832
4617922
4618032
4618052
4618072
4618102
4618322
4618332
4618392
4618402
4618412
4618442
4618462
4618472
4618492
4618532
4618542
4618572
4618692
4618712
4618722
4618772
4618802
4618852
4618872
4618902
4618912
4618932
4618942
4619002
4619062
4619072
4619142
4619192
4619202
4619212
4619262
4619302
4619362
4619432
4619522
4619542
4619602
4619692
4619702
4619712
4619722
4619772
4619792
4619862
4619872
4620312
4620422
4620442
4620462
4620482
4620492
4620512
4620522
4620552
4620672
4620682
4620712
4620742
4620772
4620832
4620872
4620892
4620902
4620922
4620942
4621032
4621042
4621092
4621272
4621282
4621292
4621302
4621312
4621322
4621402
4621542
4621572
4621602
4621632
4621652
4621692
4621702
4621732
4621742
4621752
4621762
4621862
4621882
4621902
4621932
4622012
4622102
4622192
4622272
4622402
4622462
4622482
4622552
4622632
4622652
4622842
4622912
4622952
4623012
4623042
4623052
4623072
4623082
4623132
4623162
4623172
4623232
4623262
4623282
4623322
4623512
4623552
4623572
4623582
4623602
4623662
4623732
4623792
4623812
4623882
4623902
4623912
4623942
4624042
4624072
4624152
4624232
4624252
4624282
4624312
4624322
4624372
4624382
4624422
4624442
4624482
4624542
4624552
4624612
4624642
4624652
4624672
4624712
4624752
4624772
4624792
4624802
4624812
4624912
4624982
4625032
4625082
4625092
4625142
4625232
4625282
4625342
4625352
4625362
4625392
4625442
4625452
4625722
4625752
4625882
4625892
4625902
4625962
4625972
4626032
4626042
4626062
4626212
4626232
4626382
4626402
4626462
4626482
4626532
4626592
4626642
4626662
4626702
4626752
4626792
4626822
4626832
4626852
4626862
4626882
4626892
4627092
4627342
4627412
4627452
4627462
4627502
4627532
4627752
4627782
4627902
4627912
4628052
4628102
4628222
4628262
4628282
4628292
4628312
4628342
4628352
4628372
4628392
4628432
4628442
4628482
4628492
4628512
4628532
4628702
4628712
4628722
4628762
4628792
4628972
4629162
4629242
4629262
4629362
4629422
4629432
4629482
4629512
4629552
4629562
4629592
4629622
4629662
4629682
4629692
4629712
4629742
4629752
4629762
4629782
4629802
4629852
4629922
4630142
4630152
4630282
4630332
4630352
4630572
4630772
4630782
4630802
4631042
4631092
4631142
4631202
4631252
4631272
4631282
4631292
4631322
4631342
4631392
4631402
4631412
4631442
4631452
4631482
4631492
4631512
4631532
4631552
4631682
4631722
4631742
4631772
4631832
4631852
4631872
4631902
4631922
4631962
4632072
4632162
4632192
4632242
4632252
4632362
4632402
4632412
4632502
4632512
4632532
4632542
4632582
4632662
4632712
4632722
4632772
4632822
4632922
4632932
4632972
4633232
4633332
4633352
4633402
4633462
4633482
4633532
4633552
4633602
4633672
4633702
4633782
4633902
4633932
4633982
4634032
4634102
4634132
4634152
4634162
4634192
4634212
4634282
4634352
4634412
4634422
4634482
4634522
4634612
4634622
4634642
4634672
4634682
4634702
4634722
4634752
4634822
4634892
4634952
4634982
4634992
4635022
4635042
4635052
4635092
4635152
4635162
4635202
4635222
4635232
4635332
4635342
4635382
4635392
4635402
4635412
4635422
4635462
4635482
4635522
4635532
4635582
4635652
4635722
4635742
4635762
4635892
4635912
4635952
4636042
4636152
4636192
4636252
4636302
4636332
4636342
4636362
4636372
4636502
4636532
4636612
4636662
4636672
4636732
4636812
4636862
4636872
4636892
4636912
4636952
4636972
4637022
4637062
4637172
4637192
4637212
4637232
4637242
4637302
4637532
4637782
4637792
4637952
4637962
4638052
4638112
4638162
4638272
4638342
4638452
4638462
4638492
4638542
4638592
4638612
4638632
4638662
4638742
4638752
4638782
4638822
4638832
4638872
4638902
4638952
4639022
4639042
4639102
4639192
4639222
4639232
4639252
4639262
4639282
4639412
4639442
4639482
4639522
4639612
4639622
4639632
4639672
4639692
4639722
4639732
4639782
4639802
4639842
4639882
4639892
4639912
4639962
4640182
4640212
4640232
4640262
4640302
4640412
4640472
4640502
4640592
4640672
4640692
4640702
4640712
4640732
4640752
4640772
4640782
4640792
4640802
4640812
4640872
4640982
4641022
4641102
4641142
4641192
4641202
4641222
4641262
4641302
4641402
4641412
4641482
4641492
4641532
4641542
4641562
4641572
4641612
4641832
4641862
4641872
4641962
4642002
4642092
4642112
4642122
4642142
4642152
4642172
4642222
4642232
4642252
4642292
4642332
4642362
4642372
4642412
4642432
4642462
4642492
4642622
4642702
4642732
4642742
4642782
4642792
4642822
4642832
4642842
4642932
4642952
4642972
4643042
4643122
4643152
4643322
4643392
4643462
4643472
4643552
4643562
4643662
4643672
4643692
4643712
4643812
4643842
4643882
4643972
4643982
4643992
4644002
4644022
4644092
4644122
4644142
4644172
4644192
4644212
4644562
4644572
4644582
4644672
4644682
4644692
4644702
4644712
4644772
4644792
4644872
4644882
4644892
4644902
4644912
4644962
4644972
4644992
4645012
4645062
4645102
4645142
4645162
4645182
4645192
4645222
4645242
4645252
4645262
4645292
4645302
4645312
4645352
4645362
4645372
4645382
4645402
4645432
4645442
4645482
4645502
4645532
4645542
4645572
4645612
4645652
4645662
4645692
4645712
4645752
4645762
4645862
4645932
4645992
4646052
4646062
4646072
4646092
4646132
4646252
4646312
4646352
4646382
4646402
4646422
4646462
4646472
4646482
4646512
4646522
4646572
4646582
4646622
4646632
4646662
4646692
4646722
4646792
4646802
4646952
4647022
4647072
4647112
4647212
4647232
4647242
4647312
4647342
4647362
4647452
4647462
4647512
4647542
4647572
4647612
4647672
4647812
4647882
4647912
4647962
4647982
4648022
4648052
4648102
4648112
4648182
4648452
4648472
4648522
4648532
4648582
4648602
4648652
4648862
4648882
4648892
4648962
4648982
4648992
4649062
4649132
4649152
4649172
4649212
4649232
4649252
4649262
4649292
4649322
4649502
4649752
4649972
4650072
4650172
4650382
4650402
4650412
4650482
4650572
4650632
4650772
4650792
4650872
4651062
4651182
4651242
4651262
4651292
4651302
4651322
4651332
4651352
4651462
4651532
4651632
4651642
4651682
4651722
4651772
4651872
4651922
4651982
4652022
4652072
4652102
4652162
4652222
4652322
4652342
4652382
4652422
4652502
4652522
4652582
4652602
4652632
4652722
4652742
4652762
4652992
4653002
4653092
4653112
4653222
4653252
4653332
4653342
4653372
4653412
4653442
4653482
4653662
4653772
4653922
4653982
4654092
4654102
4654112
4654132
4654222
4654242
4654362
4654382
4654392
4654402
4654582
4654592
4654622
4654632
4654642
4654662
4654682
4654712
4654722
4654732
4654742
4654752
4654772
4654782
4654812
4654832
4654852
4654862
4654882
4654932
4654982
4655042
4655172
4655362
4655422
4655462
4655502
4655552
4655832
4655902
4656192
4656222
4656242
4656422
4656702
4656732
4656762
4656962
4657142
4657232
4657242
4657532
4657582
4657602
4657622
4657672
4657682
4657692
4657702
4657712
4657722
4657742
4657782
4657792
4657822
4657842
4657902
4657932
4657952
4657962
4657972
4657992
4658062
4658072
4658082
4658102
4658122
4658142
4658232
4658292
4658332
4658352
4658362
4658422
4658452
4658462
4658572
4658582
4658612
4658622
4658642
4658702
4658712
4658872
4658932
4659002
4659062
4659072
4659092
4659102
4659122
4659142
4659252
4659262
4659382
4659392
4659422
4659452
4659482
4659492
4659522
4659552
4659562
4659672
4659712
4659722
4659752
4659782
4659792
4659882
4659932
4659942
4659962
4660062
4660122
4660142
4660172
4660192
4660212
4660232
4660282
4660292
4660302
4660322
4660422
4660542
4660562
4660772
4660782
4660812
4660852
4660872
4660932
4660942
4660952
4660992
4661002
4661122
4661282
4661292
4661332
4661352
4661362
4661392
4661402
4661422
4661452
4661502
4661512
4661542
4661642
4661742
4661792
4661802
4661852
4661882
4661902
4661912
4661952
4661962
4661982
4662002
4662062
4662072
4662092
4662102
4662112
4662152
4662202
4662212
4662232
4662272
4662342
4662352
4662462
4662572
4662622
4662642
4662662
4662672
4662752
4662762
4662792
4662812
4662882
4662892
4662922
4662942
4662962
4662982
4663012
4663042
4663072
4663112
4663142
4663182
4663212
4663222
4663242
4663272
4663282
4663352
4663412
4663512
4663542
4663572
4663592
4663602
4663632
4663642
4663652
4663692
4663702
4663712
4663722
4663752
4663762
4663772
4663852
4663862
4663882
4663912
4663992
4664002
4664022
4664072
4664092
4664122
4664152
4664162
4664202
4664332
4664342
4664402
4664432
4664472
4664482
4664552
4664562
4664642
4664702
4664712
4664722
4664732
4664792
4664802
4664812
4664822
4664852
4664862
4664872
4664882
4664892
4664902
4664912
4664922
4664932
4664942
4665002
4665012
4665022
4665032
4665052
4665072
4665082
4665112
4665152
4665162
4665192
4665212
4665272
4665312
4665342
4665362
4665372
4665382
4665422
4665462
4665522
4665532
4665542
4665552
4665562
4665572
4665582
4665602
4665612
4665622
4665712
4665932
4665982
4666002
4666022
4666032
4666102
4666232
4666252
4666312
4666332
4666352
4666362
4666372
4666382
4666392
4666432
4666442
4666462
4666512
4666522
4666602
4666612
4666622
4666632
4666642
4666702
4666752
4666782
4666792
4666812
4666842
4666902
4666922
4666962
4666982
4666992
4667012
4667022
4667032
4667052
4667072
4667112
4667132
4667162
4667172
4667212
4667222
4667232
4667252
4667262
4667312
4667372
4667382
4667392
4667402
4667432
4667462
4667502
4667562
4667572
4667602
4667632
4667672
4667682
4667722
4667732
4667742
4667792
4667832
4667932
4667942
4667952
4667992
4668012
4668042
4668072
4668092
4668122
4668152
4668182
4668202
4668222
4668232
4668242
4668262
4668292
4668342
4668362
4668372
4668392
4668442
4668482
4668532
4668632
4668722
4668732
4668862
4668902
4668972
4669012
4669022
4669072
4669082
4669132
4669152
4669182
4669212
4669232
4669242
4669262
4669282
4669302
4669342
4669352
4669392
4669442
4669472
4669502
4669532
4669542
4669562
4669672
4669732
4669782
4669832
4669912
4670112
4670152
4670182
4670192
4670262
4670272
4670302
4670332
4670352
4670392
4670402
4670482
4670492
4670552
4670572
4670582
4670662
4670672
4670692
4670712
4670722
4670732
4670742
4670752
4670792
4670802
4670822
4670872
4670882
4670922
4670932
4670962
4670992
4671052
4671202
4671322
4671352
4671372
4671392
4671402
4671412
4671442
4671482
4671542
4671602
4671652
4671702
4671732
4671762
4671792
4671812
4671822
4671842
4671852
4671862
4671882
4671902
4671942
4672012
4672022
4672072
4672102
4672162
4672172
4672202
4672222
4672252
4672272
4672282
4672302
4672342
4672352
4672412
4672472
4672492
4672542
4672572
4672602
4672642
4672652
4672662
4672682
4672692
4672712
4672722
4672732
4672792
4672852
4672902
4672922
4672942
4672992
4673012
4673042
4673072
4673082
4673092
4673122
4673162
4673182
4673192
4673202
4673222
4673262
4673292
4673362
4673412
4673442
4673512
4673542
4673582
4673622
4673652
4673662
4673672
4673712
4673722
4673802
4673852
4673862
4673892
4673922
4674012
4674032
4674062
4674072
4674142
4674172
4674182
4674272
4674282
4674352
4674372
4674442
4674502
4674512
4674522
4674592
4674602
4674612
4674622
4674652
4674672
4674692
4674702
4674722
4674742
4674752
4674772
4674782
4674792
4674812
4674822
4674842
4674862
4674912
4674942
4674972
4674982
4675002
4675062
4675072
4675102
4675142
4675172
4675312
4675412
4675422
4675442
4675472
4675522
4675542
4675562
4675572
4675582
4675612
4675622
4675632
4675642
4675662
4675672
4675702
4675722
4675752
4675772
4675782
4675802
4675812
4675822
4675832
4675842
4675852
4675862
4675872
4675902
4675952
4675962
4675982
4676002
4676012
4676042
4676052
4676072
4676082
4676122
4676142
4676212
4676222
4676242
4676262
4676282
4676322
4676362
4676372
4676382
4676392
4676412
4676452
4676482
4676502
4676512
4676532
4676542
4676562
4676592
4676632
4676642
4676662
4676692
4676752
4676782
4676792
4676812
4676832
4676892
4676972
4677042
4677062
4677072
4677162
4677172
4677182
4677192
4677202
4677232
4677242
4677282
4677332
4677342
4677362
4677432
4677452
4677582
4677672
4677682
4677702
4677742
4677792
4677812
4677822
4677852
4677952
4677982
4678082
4678122
4678132
4678222
4678312
4678332
4678392
4678412
4678422
4678432
4678442
4678462
4678472
4678482
4678492
4678502
4678512
4678532
4678552
4678572
4678592
4678622
4678632
4678712
4678742
4678832
4678882
4679462
4679482
4679502
4679742
4679882
4679932
4679972
4680012
4680102
4680122
4680142
4680152
4680212
4680222
4680272
4680302
4680322
4680362
4680572
4680582
4681882
4681972
4681982
4682022
4682192
4682222
4682232
4682242
4682252
4682262
4682272
4682282
4682292
4682302
4682312
4682322
4682332
4682342
4682352
4682362
4682372
4682382
4682392
4682402
4682412
4682422
4682432
4682452
4682462
4682642
4682672
4682682
4682692
4682712
4682732
4682742
4682762
4682782
4682812
4682852
4682872
4682892
4682902
4682912
4682922
4682932
4682942
4682982
4682992
4683042
4683052
4683062
4683122
4683142
4683372
4683512
4683712
4683862
4683892
4683902
4684022
4684042
4684142
4684322
4684332
4684342
4684352
4684372
4684382
4684412
4684422
4684432
4684452
4684462
4684472
4684482
4684502
4684522
4684532
4684882
4684892
4684912
4684932
4684962
4684982
4685002
4685102
4685232
4685272
4685312
4685322
4685342
4685352
4685392
4685482
4685572
4685602
4685692
4685722
4685882
4685892
4685902
4685912
4685922
4686072
4686122
4686132
4686212
4686272
4686362
4686392
4686422
4686592
4686832
4686862
4687032
4687242
4687282
4687382
4687412
4687442
4687472
4687492
4687542
4687602
4687652
4687692
4687702
4687712
4687732
4688032
4688052
4688062
4688112
4688242
4688252
4688272
4688322
4688332
4688352
4688362
4688422
4688432
4688442
4688472
4688482
4688552
4688602
4688652
4688702
4688812
4688872
4688922
4689002
4689102
4689112
4689132
4689142
4689162
4689172
4689192
4689212
4689222
4689242
4689252
4689262
4689342
4689502
4689542
4689582
4689642
4689662
4689822
4690112
4690122
4690132
4690422
4690472
4690542
4690622
4690632
4690642
4690662
4690702
4690762
4690772
4690802
4690812
4690822
4690842
4690852
4690862
4690872
4690902
4690912
4690922
4691012
4691102
4691142
4691162
4691182
4691192
4691202
4691212
4691222
4691242
4691252
4691262
4691272
4691302
4691312
4691332
4691342
4691352
4691382
4691392
4691462
4691482
4691492
4691512
4691572
4691602
4691832
4692122
4692172
4692182
4692192
4692372
4692392
4692402
4692462
4692482
4692542
4692552
4692612
4692622
4692632
4692652
4692702
4692762
4692802
4692842
4692872
4692892
4692952
4692962
4693012
4693282
4693362
4693512
4693572
4693602
4693622
4693782
4693792
4693892
4693912
4694022
4694082
4694092
4694142
4694172
4694182
4694202
4694372
4694382
4694392
4694402
4694412
4694422
4694442
4694502
4694562
4694612
4694682
4694692
4694702
4694712
4694722
4694822
4694842
4694852
4694862
4694882
4694902
4694922
4694972
4695182
4695222
4695242
4695282
4695312
4695442
4695452
4695472
4695822
4695882
4695902
4695922
4696162
4696322
4696342
4696382
4696482
4696712
4696802
4696892
4696952
4696982
4697002
4697062
4697082
4697092
4697112
4697132
4697152
4697172
4697182
4697192
4697202
4697212
4697222
4697242
4697262
4697282
4697292
4697302
4697322
4697492
4697572
4697592
4697792
4697802
4698382
4698402
4698562
4698632
4699182
4699472
4699482
4699502
4699572
4699602
4699742
4699772
4699992
4700102
4700122
4700172
4700212
4700262
4700272
4700462
4700492
4700532
4700552
4700562
4700582
4700632
4700652
4700672
4700682
4700692
4700752
4700802
4700842
4700902
4700922
4701032
4701102
4701152
4701262
4701292
4701322
4701672
4701752
4701832
4701862
4701872
4701912
4701942
4701982
4702022
4702042
4702052
4702142
4702202
4702262
4702412
4702432
4702492
4702532
4702552
4702572
4702712
4702722
4702752
4702832
4703022
4703072
4703152
4703162
4703202
4703252
4703272
4703282
4703322
4703332
4703342
4703362
4703442
4703452
4703462
4703522
4703552
4703662
4703672
4703942
4703962
4704162
4704242
4704312
4704392
4704452
4704472
4704492
4704512
4704602
4704732
4704752
4704762
4704772
4704832
4704892
4705052
4705092
4705112
4705162
4705192
4705242
4705312
4705332
4705372
4705382
4705392
4705412
4705512
4705522
4705582
4705642
4705652
4705682
4706052
4706082
4706152
4706182
4706312
4706322
4706332
4706402
4706512
4706542
4706692
4706702
4706742
4706782
4707132
4707212
4707232
4707302
4707312
4707342
4707492
4707532
4707572
4707712
4707742
4707842
4707902
4707922
4707982
4708052
4708252
4708282
4708292
4708372
4708432
4708612
4708622
4708672
4708682
4708752
4708762
4708792
4708802
4708852
4708952
4708982
4708992
4709002
4709042
4709052
4709172
4709242
4709262
4709272
4709362
4709452
4709472
4709652
4709752
4709962
4710072
4710092
4710112
4710152
4710242
4710272
4710282
4710322
4710382
4710422
4710472
4710492
4710572
4710632
4710642
4710652
4710672
4710732
4710822
4710852
4710922
4711052
4711092
4711202
4711252
4711322
4711352
4711582
4711632
4711662
4711692
4711762
4711872
4711972
4711982
4712032
4712052
4712382
4712402
4712492
4712702
4712742
4712842
4712952
4712972
4713102
4713282
4713332
4713372
4713412
4713422
4713602
4713662
4713692
4713702
4713712
4713782
4713792
4713812
4714002
4714062
4714082
4714102
4714112
4714152
4714162
4714172
4714202
4714212
4714222
4714242
4714262
4714302
4714562
4714812
4714832
4714852
4714862
4714962
4714992
4715022
4715052
4715132
4715152
4715252
4715312
4715382
4715462
4715622
4715642
4715772
4715852
4715902
4715932
4715942
4715992
4716022
4716052
4716102
4716112
4716152
4716182
4716222
4716232
4716272
4716292
4716332
4716352
4716382
4716452
4716482
4716492
4716512
4716582
4716602
4716632
4716642
4716662
4716682
4716792
4716832
4716852
4716872
4716882
4716892
4716932
4716952
4716972
4716982
4716992
4717002
4717012
4717042
4717052
4717062
4717082
4717112
4717122
4717312
4717352
4717362
4717392
4717502
4717602
4717642
4717652
4717672
4717722
4717732
4717772
4717792
4717972
4718012
4718072
4718242
4718352
4718492
4718502
4718522
4718532
4718572
4718582
4718622
4718642
4718792
4718852
4718922
4718972
4718982
4719052
4719072
4719142
4719192
4719362
4719442
4719792
4719862
4720032
4720042
4720052
4720062
4720192
4720212
4720272
4720352
4720602
4720632
4720672
4720692
4720712
4720732
4720742
4720762
4720782
4720852
4720952
4721002
4721172
4721182
4721202
4721282
4721292
4721332
4721352
4721362
4721382
4721602
4721652
4721682
4721692
4721752
4721822
4722052
4722062
4722102
4722122
4722132
4722142
4722162
4722342
4722352
4722392
4722482
4722502
4722612
4722642
4722652
4722712
4722732
4722742
4722772
4722852
4722892
4722912
4722942
4723052
4723102
4723192
4723212
4723292
4723342
4723442
4723472
4723802
4723932
4723942
4723962
4724012
4724022
4724042
4724052
4724062
4724072
4724082
4724162
4724172
4724212
4724222
4724262
4724272
4724292
4724302
4724332
4724352
4724362
4724482
4724492
4724582
4724622
4724672
4724702
4724722
4724752
4724782
4724792
4724802
4724812
4724842
4724852
4724882
4724892
4725052
4725142
4725212
4725242
4725262
4725352
4725422
4725442
4725482
4725512
4725562
4725582
4725592
4725602
4725722
4725772
4725782
4725792
4725802
4725862
4725902
4725922
4725932
4725942
4725962
4725972
4725992
4726052
4726072
4726102
4726112
4726122
4726132
4726142
4726162
4726172
4726212
4726252
4726422
4726482
4726562
4726652
4726682
4726772
4726812
4726822
4726882
4726892
4726922
4727052
4727082
4727102
4727152
4727172
4727242
4727262
4727282
4727292
4727312
4727352
4727372
4727382
4727412
4727422
4727432
4727522
4727532
4727542
4727552
4727572
4727582
4727602
4727652
4727712
4727752
4727822
4727842
4727872
4727932
4727962
4727992
4728102
4728132
4728162
4728172
4728182
4728202
4728222
4728242
4728322
4728352
4728572
4728622
4728732
4728892
4728912
4728922
4728992
4729022
4729062
4729122
4729262
4729272
4729302
4729312
4729332
4729382
4729402
4729412
4729432
4729472
4729492
4729512
4729552
4729702
4729772
4729912
4729922
4730042
4730142
4730162
4730282
4730332
4730352
4730452
4730572
4730582
4730632
4730642
4730702
4730732
4730772
4730792
4730852
4730882
4730912
4730932
4730952
4730962
4730972
4730982
4730992
4731002
4731032
4731092
4731122
4731132
4731142
4731152
4731182
4731192
4731222
4731232
4731242
4731252
4731262
4731272
4731282
4731302
4731312
4731322
4731332
4731342
4731372
4731382
4731402
4731432
4731442
4731462
4731472
4731502
4731512
4731542
4731582
4731602
4731612
4731632
4731652
4731672
4731682
4731702
4731712
4731722
4731732
4731742
4731772
4731782
4731802
4731812
4731832
4731842
4731852
4731862
4731872
4731882
4731892
4731912
4731922
4731952
4731962
4731972
4731992
4732002
4732022
4732032
4732042
4732072
4732102
4732122
4732132
4732152
4732162
4732182
4732222
4732232
4732282
4732332
4732372
4732462
4732482
4732492
4732582
4732592
4732602
4732612
4732622
4732662
4732682
4732692
4732712
4732762
4732812
4732902
4732912
4732922
4732952
4732962
4732972
4732992
4733012
4733032
4733042
4733052
4733062
4733072
4733082
4733092
4733152
4733162
4733182
4733192
4733202
4733212
4733232
4733252
4733292
4733312
4733332
4733352
4733362
4733372
4733382
4733392
4733412
4733452
4733462
4733472
4733482
4733492
4733502
4733552
4733582
4733612
4733622
4733632
4733642
4733662
4733672
4733682
4733702
4733722
4733772
4733782
4733812
4733832
4733842
4733862
4733882
4733892
4734262
4734282
4734392
4734542
4734842
4734882
4734942
4734972
4734982
4735002
4735122
4735262
4735282
4735422
4735452
4735502
4735562
4735632
4735652
4735722
4735752
4735782
4735872
4735882
4735902
4735912
4735952
4735972
4735992
4736042
4736102
4736172
4736262
4736362
4736402
4736412
4736472
4736502
4736642
4736732
4736782
4736792
4736842
4736922
4736932
4737032
4737062
4737162
4737222
4737262
4737342
4737452
4737462
4737492
4737522
4737532
4737562
4737572
4737582
4737632
4737642
4737662
4737682
4737702
4737752
4737812
4737822
4737832
4737862
4737882
4737892
4737902
4737932
4737942
4737952
4737962
4737982
4737992
4738022
4738092
4738122
4738132
4738172
4738322
4738342
4738362
4738372
4738382
4738412
4738422
4738432
4738442
4738462
4738472
4738482
4738492
4738502
4738512
4738522
4738612
4738622
4738712
4738872
4738922
4739082
4739182
4739192
4739212
4739222
4739232
4739242
4739252
4739282
4739292
4739302
4739322
4739332
4739342
4739362
4739392
4739402
4739412
4739422
4739432
4739442
4739462
4739472
4739482
4739502
4739512
4739522
4739562
4739572
4739582
4739592
4739632
4739662
4739692
4739932
4740022
4740082
4740142
4740152
4740202
4740212
4740252
4740262
4740272
4740282
4740312
4740382
4740452
4740492
4740572
4740612
4740632
4740662
4740732
4740772
4740812
4740842
4740852
4740862
4740882
4740902
4740942
4741002
4741122
4741142
4741182
4741202
4741282
4741302
4741312
4741362
4741572
4741612
4741822
4741872
4741902
4742092
4742142
4742152
4742172
4742182
4742202
4742212
4742232
4742262
4742282
4742312
4742322
4742392
4742442
4742452
4742512
4742552
4742572
4742582
4742732
4742922
4742942
4742952
4742962
4742972
4742982
4742992
4743002
4743012
4743022
4743032
4743052
4743102
4743212
4743222
4743232
4743242
4743252
4743262
4743272
4743282
4743292
4743312
4743322
4743332
4743342
4743362
4743422
4743532
4743542
4743692
4743752
4743762
4743822
4743862
4743882
4743982
4744092
4744102
4744112
4744192
4744252
4744272
4744282
4744292
4744312
4744342
4744362
4744382
4744392
4744402
4744432
4744462
4744482
4744522
4744782
4744902
4745092
4745242
4745292
4745312
4745402
4745412
4745432
4745442
4745652
4745732
4745742
4745762
4745782
4745862
4745902
4746102
4746112
4746212
4746232
4746242
4746342
4746692
4746702
4746772
4746812
4746822
4746832
4746842
4746862
4746882
4746962
4747002
4747032
4747062
4747212
4747292
4747342
4747362
4747422
4747632
4747732
4747772
4747792
4747802
4747882
4747932
4748012
4748392
4748452
4748702
4748772
4748792
4748802
4748922
4748932
4748942
4748952
4748962
4748972
4748982
4748992
4749212
4749222
4749232
4749252
4749262
4749272
4749282
4749292
4749302
4749312
4749322
4749352
4749412
4749442
4749472
4749492
4749502
4749512
4749522
4749532
4749542
4749552
4749562
4749582
4749602
4749612
4749622
4749652
4749742
4749752
4749762
4749772
4749782
4749792
4750082
4750092
4750102
4750152
4750162
4750192
4750212
4750282
4750412
4750422
4750442
4750452
4750472
4750492
4750502
4750512
4750532
4750542
4750552
4750562
4750572
4750582
4750602
4750612
4750622
4750652
4750682
4750702
4750712
4750722
4750732
4750742
4750752
4750782
4750802
4750822
4750852
4750862
4750882
4751112
4751132
4751162
4751172
4751182
4751212
4751262
4751302
4751312
4751352
4751372
4751392
4751452
4751472
4751522
4751672
4751712
4751722
4751732
4751762
4751772
4751852
4752002
4752062
4752192
4752202
4752222
4752232
4752392
4752402
4752432
4752452
4752472
4752512
4752622
4752632
4752712
4752722
4752802
4752912
4752932
4752942
4752972
4753002
4753032
4753092
4753102
4753112
4753132
4753182
4753202
4753212
4753262
4753272
4753352
4753382
4753392
4753402
4753462
4753492
4753562
4753572
4753722
4753742
4753812
4753822
4753842
4753852
4753872
4753882
4753982
4753992
4754002
4754012
4754022
4754032
4754042
4754052
4754062
4754072
4754092
4754102
4754122
4754132
4754142
4754152
4754172
4754192
4754202
4754212
4754222
4754242
4754262
4754292
4754312
4754332
4754342
4754352
4754372
4754382
4754422
4754442
4754452
4754462
4754472
4754492
4754532
4754562
4754572
4754592
4754612
4754622
4754632
4754642
4754662
4754672
4754702
4754742
4754782
4754812
4754842
4754872
4754902
4754922
4754992
4755042
4755052
4755082
4755122
4755142
4755232
4755262
4755302
4755312
4755352
4755362
4755392
4755462
4755492
4755522
4755612
4755622
4755652
4755662
4755672
4755692
4755712
4755752
4755762
4755802
4755832
4755842
4755942
4755952
4756012
4756042
4756062
4756122
4756162
4756172
4756202
4756212
4756242
4756252
4756262
4756272
4756302
4756342
4756362
4756412
4756452
4756462
4756482
4756492
4756532
4756552
4756592
4756622
4756762
4756782
4756792
4756802
4756812
4756882
4756902
4756932
4757002
4757092
4757132
4757152
4757182
4757282
4757392
4757412
4757432
4757462
4757482
4757512
4757532
4757542
4757562
4757582
4757602
4757612
4757622
4757642
4757672
4757682
4757762
4757792
4757942
4757982
4757992
4758022
4758102
4758152
4758252
4758292
4758312
4758332
4758382
4758432
4758462
4758492
4758522
4758582
4758632
4758652
4758662
4758672
4758702
4758732
4758772
4758802
4758832
4758872
4758952
4758972
4758982
4759002
4759072
4759132
4759152
4759182
4759292
4759322
4759392
4759652
4759672
4759692
4760072
4760082
4760192
4760222
4760262
4760292
4760302
4760312
4760342
4760422
4760562
4760712
4760792
4760802
4760862
4760922
4761132
4761362
4761372
4761392
4761422
4761542
4761552
4761582
4761652
4761702
4761742
4761962
4761992
4762042
4762102
4762132
4762182
4762192
4762222
4762292
4762332
4762382
4762442
4762472
4762602
4762702
4762742
4762812
4762832
4762852
4762862
4762932
4762992
4763002
4763012
4763092
4763132
4763212
4763252
4763262
4763272
4763432
4763442
4763452
4763462
4763492
4763532
4763602
4763662
4763692
4763712
4763722
4763732
4763842
4763862
4764092
4764142
4764192
4764262
4764442
4764472
4764492
4764572
4764632
4764702
4764762
4764822
4764842
4764952
4764962
4764992
4765012
4765092
4765102
4765162
4765192
4765252
4765312
4765422
4765442
4765452
4765462
4765472
4765482
4765672
4765712
4765722
4765732
4765852
4765862
4765882
4765922
4765932
4765942
4765952
4765982
4766022
4766312
4766332
4766472
4766632
4766702
4766712
4766722
4766802
4766912
4766952
4766962
4766982
4766992
4767042
4767152
4767182
4767192
4767312
4767402
4767412
4767442
4767552
4767592
4767662
4767712
4767772
4767792
4767822
4767862
4767932
4767952
4767972
4768042
4768152
4768202
4768212
4768222
4768232
4768252
4768292
4768302
4768322
4768402
4768412
4768432
4768482
4768542
4769162
4769172
4769272
4769432
4769492
4769502
4769522
4769532
4769562
4769572
4769702
4769742
4769812
4769882
4769952
4770102
4770142
4770152
4770232
4770252
4770262
4770352
4770392
4770442
4770452
4770632
4770692
4770752
4770802
4770812
4770892
4771002
4771042
4771072
4771082
4771122
4771132
4771152
4771182
4771192
4771202
4771212
4771222
4771242
4771252
4771332
4775482
4776212
4776432
4778482
4778642
4778712
4778942
4778972
4778992
4779152
4779182
4779242
4779252
4779282
4779302
4779312
4779322
4779352
4779402
4779462
4779492
4779572
4779632
4779672
4779682
4779732
4779752
4779922
4779982
4779992
4780002
4780032
4780082
4780102
4780162
4780192
4780242
4780272
4780292
4780402
4780482
4780542
4780602
4780612
4780622
4780742
4780782
4780832
4780952
4780982
4780992
4781002
4781092
4781102
4781112
4781142
4781212
4781252
4781292
4781342
4781392
4781422
4781432
4781452
4781502
4781552
4781612
4781622
4781642
4781702
4781712
4781722
4781742
4781842
4781862
4781872
4781912
4781922
4781952
4782042
4782112
4782172
4782192
4782222
4782232
4782262
4782292
4782332
4782342
4782372
4782402
4782412
4782422
4782442
4782452
4782502
4782542
4782592
4782662
4782682
4782802
4782862
4782892
4782902
4782982
4783112
4783142
4783252
4783272
4783312
4783342
4783352
4783362
4783372
4783392
4783402
4783412
4783442
4783452
4783462
4783482
4783572
4783732
4783792
4783832
4783902
4783922
4783942
4784032
4784112
4784292
4784362
4784452
4784462
4784472
4784482
4784492
4784522
4784612
4784662
4784682
4784692
4784732
4784742
4784782
4784812
4784822
4784842
4784872
4784882
4784892
4784922
4784972
4785042
4785162
4785172
4785192
4785232
4785252
4785262
4785282
4785322
4785352
4785362
4785372
4785442
4785462
4785602
4785632
4785692
4785702
4785852
4785892
4785902
4786122
4786132
4786142
4786282
4786342
4786352
4786462
4786472
4786482
4786492
4786512
4786522
4786542
4786552
4786582
4786612
4786642
4786682
4786722
4786782
4786802
4786832
4786842
4786902
4786912
4786922
4786952
4787002
4787022
4787052
4787072
4787082
4787102
4787122
4787142
4787172
4787212
4787232
4787242
4787352
4787432
4787492
4787572
4787592
4787692
4787792
4787822
4787842
4787852
4787872
4787912
4787922
4787932
4787962
4787972
4787982
4787992
4788002
4788032
4788072
4788082
4788112
4788162
4788212
4788242
4788272
4788322
4788402
4788412
4788432
4788472
4788492
4788502
4788552
4788702
4788712
4788732
4788792
4788802
4788822
4788832
4788842
4788862
4788902
4788942
4788952
4788962
4788972
4788992
4789002
4789012
4789152
4789212
4789232
4789252
4789272
4789322
4789342
4789392
4789422
4789432
4789442
4789462
4789472
4789482
4789502
4789522
4789532
4789542
4789562
4789582
4789592
4789612
4789622
4789632
4789652
4789662
4789722
4789802
4789812
4789852
4789862
4789902
4789922
4789962
4789982
4790162
4790252
4790272
4790292
4790302
4790352
4790372
4790432
4790562
4790572
4790582
4790642
4790692
4790702
4790752
4790762
4790832
4790842
4790882
4790932
4790972
4791012
4791032
4791072
4791102
4791112
4791132
4791142
4791152
4791182
4791242
4791272
4791282
4791302
4791342
4791412
4791432
4791442
4791452
4791472
4791502
4791532
4791572
4791632
4791662
4791702
4791732
4791752
4791762
4791822
4791852
4791872
4791902
4791912
4791952
4792052
4792182
4792362
4792502
4792512
4792792
4792842
4792862
4792922
4792932
4792942
4792952
4792982
4793012
4793042
4793052
4793102
4793122
4793142
4793232
4793252
4793262
4793302
4793402
4793412
4793422
4793432
4793472
4793492
4793532
4793542
4793582
4793592
4793602
4793612
4793622
4793632
4793712
4793752
4793762
4793982
4793992
4794082
4794132
4794142
4794152
4794162
4794182
4794192
4794202
4794222
4794322
4794402
4794412
4794432
4794442
4794512
4794522
4794552
4794562
4794582
4794592
4794602
4794632
4794642
4794652
4794672
4794682
4794692
4794722
4794732
4794862
4794882
4794932
4794952
4795042
4795052
4795072
4795082
4795092
4795102
4795122
4795142
4795172
4795182
4795202
4795212
4795232
4795242
4795272
4795282
4795302
4795312
4795332
4795372
4795402
4795442
4795472
4795502
4795532
4795552
4795642
4795662
4795682
4795692
4795702
4795712
4795732
4795752
4795772
4795792
4795832
4795862
4795912
4795922
4795942
4795952
4795972
4796022
4796052
4796062
4796092
4796132
4796182
4796192
4796292
4796302
4796322
4796412
4796472
4796662
4796672
4796682
4796702
4796712
4796722
4796732
4796752
4796762
4796772
4796782
4796822
4796852
4796862
4796872
4796892
4796902
4796912
4796932
4796952
4796962
4796972
4796982
4796992
4797002
4797012
4797022
4797032
4797042
4797052
4797062
4797072
4797082
4797102
4797112
4797122
4797132
4797142
4797152
4797162
4797172
4797182
4797192
4797202
4797222
4797232
4797242
4797252
4797262
4797272
4797292
4797302
4797322
4797332
4797342
4797352
4797362
4797372
4797382
4797392
4797402
4797412
4797422
4797432
4797452
4797462
4797472
4797482
4797502
4797532
4797542
4797552
4797562
4797572
4797592
4797612
4797622
4797632
4797642
4797652
4797662
4797672
4797692
4797702
4797722
4797732
4797742
4797762
4797772
4797802
4797842
4797852
4797952
4797962
4797972
4797982
4798012
4798102
4798112
4798142
4798252
4798292
4798302
4798312
4798322
4798352
4798362
4798382
4798402
4798422
4798472
4798512
4798552
4798602
4798622
4798632
4798692
4798712
4798722
4798802
4798812
4798822
4798832
4798852
4798892
4798902
4798922
4798962
4798982
4799002
4799012
4799062
4799082
4799092
4799152
4799162
4799172
4799322
4799462
4799472
4799482
4799542
4799602
4799642
4799652
4799682
4799692
4799762
4799812
4799832
4799852
4799872
4799882
4799952
4799982
4800002
4800082
4800092
4800112
4800152
4800162
4800192
4800202
4800212
4800252
4800262
4800282
4800302
4800372
4800402
4800432
4800452
4800462
4800522
4800572
4800612
4800632
4800642
4800712
4800732
4800782
4800792
4800802
4800882
4801062
4801072
4801082
4801092
4801122
4801182
4801202
4801212
4801282
4801472
4801482
4801512
4801592
4801612
4801652
4801662
4801702
4801712
4801782
4801802
4801822
4801832
4801862
4801902
4801942
4801952
4801972
4801992
4802032
4802042
4802052
4802092
4802122
4802142
4802182
4802202
4802242
4802262
4802272
4802312
4802322
4802372
4802382
4802402
4802412
4802432
4802522
4802552
4802572
4802622
4802632
4802642
4802652
4802692
4802712
4802732
4802762
4802852
4802862
4802912
4802932
4802942
4802952
4802962
4802992
4803102
4803112
4803132
4803172
4803192
4803212
4803222
4803232
4803392
4803622
4803652
4803702
4804832
4805082
4805272
4805292
4805532
4806812
4807262
4807392
4807662
4808132
4808532
4808592
4809122
4809132
4809142
4809152
4809162
4809172
4809182
4809192
4809202
4809212
4809222
4809232
4809242
4809252
4809262
4809272
4809282
4809292
4809302
4809312
4809322
4809332
4809342
4809352
4809362
4809372
4809382
4809392
4809402
4809412
4809422
4809432
4809442
4809452
4809462
4809472
4809482
4809492
4809502
4809512
4809522
4809532
4809542
4809552
4809562
4809572
4809582
4809592
4809602
4809612
4809622
4809632
4809642
4809652
4809662
4809672
4809682
4809692
4809702
4809712
4809722
4809732
4809742
4809752
4809762
4809772
4809782
4809792
4809802
4809812
4809822
4809832
4809842
4809852
4809862
4809872
4809882
4809892
4809902
4809912
4809922
4809932
4809942
4809952
4809962
4809972
4809982
4809992
4810002
4810012
4810022
4810032
4810042
4810052
4810062
4810072
4810082
4810092
4810102
4810112
4810142
4810152
4810162
4810172
4810182
4810192
4810202
4810212
4810222
4810232
4810242
4810252
4810262
4810282
4810302
4810342
4810362
4810402
4810542
4810642
4810712
4810722
4810782
4810852
4810872
4810942
4811022
4811072
4811132
4811172
4811192
4811222
4811292
4811312
4811362
4811392
4811412
4811442
4811472
4811492
4811502
4811572
4811682
4811692
4811722
4811752
4811852
4811892
4811912
4811932
4811972
4812052
4812062
4812092
4812112
4812142
4812292
4812392
4812442
4812472
4812532
4812602
4812612
4812672
4812752
4812792
4812812
4812952
4812972
4812992
4813032
4813062
4813212
4813292
4813302
4813312
4813332
4813362
4813432
4813462
4813512
4813542
4813552
4813602
4813642
4813662
4813712
4813752
4813772
4813812
4813892
4813902
4813962
4813982
4813992
4814002
4814032
4814072
4814092
4814102
4814212
4814222
4814252
4814332
4814352
4814462
4814502
4814522
4814542
4814552
4814562
4814572
4814582
4814602
4814622
4814662
4814732
4814752
4814802
4814812
4814912
4814972
4815012
4815032
4815072
4815082
4815092
4815112
4815132
4815162
4815222
4815282
4815332
4815632
4815692
4815702
4815712
4815722
4815732
4815762
4815822
4815842
4815852
4815932
4815942
4815992
4816042
4816062
4816212
4816232
4816322
4816362
4816442
4816502
4816552
4816592
4816692
4816702
4816712
4816742
4816752
4816762
4816782
4816802
4816812
4816912
4816932
4816942
4816972
4817002
4817112
4817162
4817172
4817182
4817192
4817312
4817382
4817442
4817452
4817512
4817542
4817622
4817682
4817692
4817712
4817752
4817772
4817852
4817862
4817882
4818162
4818172
4818192
4818212
4818332
4818352
4818402
4818422
4818462
4818472
4818512
4818572
4818632
4818652
4818672
4818682
4818702
4818792
4818822
4818882
4818892
4818912
4818922
4818972
4819052
4819182
4819202
4819252
4819272
4819282
4819292
4819322
4819462
4819482
4819532
4819542
4819562
4819602
4819692
4819712
4819722
4819772
4819872
4819882
4819892
4819902
4819912
4819922
4820072
4820192
4820262
4820292
4820312
4820352
4820362
4820402
4820522
4820592
4820632
4820702
4820712
4820752
4820782
4820872
4820932
4820952
4820982
4821132
4821312
4821552
4821692
4821722
4821732
4821752
4821762
4821802
4821822
4821892
4821962
4821972
4821992
4822082
4822112
4822142
4822162
4822172
4822192
4822262
4822302
4822312
4822342
4822372
4822502
4822522
4822542
4822602
4822612
4822622
4822642
4822662
4822682
4822692
4822762
4822792
4822832
4822872
4822902
4822912
4822922
4822942
4822962
4823012
4823032
4823082
4823092
4823122
4823132
4823252
4823272
4823382
4823402
4823442
4823472
4823492
4823512
4823532
4823542
4823612
4823692
4823722
4823762
4823772
4823802
4823832
4823902
4823952
4824082
4824102
4824172
4824222
4824252
4824272
4824342
4824362
4824412
4824422
4824452
4824472
4824492
4824502
4824572
4824582
4824592
4824602
4824622
4824632
4824652
4824662
4824672
4824702
4824722
4824742
4824762
4824772
4824782
4824802
4824812
4824882
4824962
4825002
4825012
4825052
4825102
4825222
4825302
4825322
4825382
4825542
4825602
4825652
4825662
4825672
4825692
4825702
4825722
4825732
4825742
4825772
4825822
4825972
4826332
4826362
4826392
4826432
4826462
4826492
4826522
4826592
4826732
4826742
4826762
4826792
4826822
4826832
4826852
4826902
4826932
4826962
4826972
4826992
4827012
4827042
4827362
4827422
4827442
4827592
4827622
4827662
4827702
4827822
4827872
4827902
4827922
4827942
4827952
4827972
4827982
4827992
4828082
4828122
4828232
4828362
4828412
4828432
4828672
4828692
4828732
4828752
4828802
4828842
4828882
4828912
4828922
4828972
4828982
4829012
4829022
4829032
4829092
4829332
4829382
4829442
4829482
4829532
4829552
4829612
4829622
4829642
4829652
4829752
4829762
4829852
4829902
4829962
4830072
4830102
4830142
4830172
4830242
4830302
4830332
4830372
4830382
4830432
4830512
4830522
4830542
4830572
4830582
4830632
4830792
4830812
4830852
4830982
4831022
4831042
4831192
4831242
4831282
4831292
4831302
4831312
4831322
4831362
4831412
4831502
4831532
4831552
4831572
4831582
4831592
4831712
4831742
4831752
4831772
4831792
4831802
4832182
4832192
4832222
4832242
4832282
4832292
4832322
4832412
4832472
4832522
4832532
4832542
4832552
4832582
4832602
4832642
4832652
4832662
4832672
4832712
4832742
4832772
4832802
4832812
4832842
4832882
4832942
4832992
4833182
4833192
4833202
4833242
4833342
4833352
4833372
4833392
4833472
4833482
4833492
4833502
4833552
4833592
4833632
4833642
4833682
4833692
4833712
4833722
4833782
4833792
4833802
4833812
4833822
4833832
4833852
4833872
4833882
4833902
4833932
4833962
4833972
4834012
4834022
4834032
4834042
4834062
4834072
4834092
4834102
4834122
4834132
4834152
4834162
4834172
4834182
4834212
4834222
4834242
4834272
4834292
4834322
4834342
4834372
4834412
4834432
4834442
4834452
4834482
4834572
4834582
4834592
4834612
4834622
4834642
4834652
4834672
4834712
4834722
4834742
4834772
4834782
4834802
4834812
4834822
4834852
4834872
4834882
4834892
4834902
4834912
4834932
4834942
4834962
4834972
4834982
4834992
4835002
4835022
4835072
4835132
4835152
4835232
4835292
4835342
4835362
4835392
4835422
4835432
4835452
4835462
4835472
4835492
4835512
4835542
4835552
4835562
4835592
4835722
4835732
4835752
4835832
4835892
4835902
4835962
4835972
4835992
4836012
4836032
4836062
4836072
4836082
4836132
4836262
4836322
4836472
4836492
4836512
4836662
4836712
4836722
4836752
4836782
4836792
4836832
4836902
4836942
4837022
4837042
4837062
4837072
4837082
4837142
4837162
4837202
4837222
4837292
4837332
4837372
4837412
4837432
4837452
4837472
4837492
4837502
4837512
4837522
4837572
4837602
4837682
4837742
4837812
4837902
4837952
4838032
4838152
4838182
4838232
4838392
4838462
4838502
4838522
4838832
4838952
4839122
4839242
4839282
4839342
4839352
4839372
4839422
4839582
4839612
4839622
4839632
4839652
4839672
4839722
4839772
4839852
4839872
4839882
4839952
4839962
4840002
4840022
4840072
4840112
4840122
4840162
4840202
4840252
4840272
4840282
4840362
4840442
4840502
4840522
4840542
4840552
4840592
4840622
4840652
4840672
4840682
4840732
4840792
4840822
4840842
4840872
4840952
4840962
4841012
4841062
4841282
4841312
4841412
4841502
4841532
4841542
4841662
4841832
4841862
4841892
4842062
4842082
4842092
4842132
4842242
4842372
4842402
4842412
4842472
4842542
4842572
4842612
4842662
4842692
4842802
4842822
4842852
4843002
4843082
4843092
4843292
4843682
4843692
4843772
4843802
4844112
4844132
4844172
4844242
4844332
4844362
4844372
4844392
4844572
4844592
4844622
4844682
4844702
4844852
4844882
4844902
4844932
4844972
4845012
4845032
4845082
4845132
4845152
4845182
4845202
4845252
4845282
4845382
4845462
4845492
4845542
4845602
4845652
4845702
4845722
4845772
4845822
4845842
4845852
4845932
4845942
4845962
4845992
4846032
4846112
4846122
4846152
4846172
4846352
4846382
4846472
4846532
4846722
4846732
4846762
4846772
4846852
4846872
4847002
4847022
4847042
4847052
4847172
4847232
4847302
4847312
4847372
4847402
4847442
4847462
4847552
4847602
4847642
4847662
4847682
4847692
4847782
4847852
4847862
4847942
4847962
4847982
4848032
4848082
4848192
4848262
4848292
4848322
4848332
4848352
4848382
4848402
4848432
4848452
4848482
4848572
4848602
4848622
4848662
4848682
4848692
4848792
4848802
4848852
4848862
4848882
4849092
4849172
4849242
4849252
4849282
4849302
4849422
4849432
4849462
4849562
4849592
4849602
4849622
4849642
4849672
4849692
4849702
4849712
4849762
4849772
4849782
4849792
4849852
4849882
4849912
4849952
4849962
4849972
4849992
4850002
4850292
4850512
4850552
4850682
4850832
4850992
4851002
4851082
4851112
4851132
4851282
4851352
4851492
4851502
4851542
4851552
4851562
4851602
4851632
4851672
4851772
4851812
4851832
4851852
4851872
4851882
4851912
4851962
4851982
4852012
4852022
4852042
4852052
4852112
4852122
4852132
4852162
4852172
4852182
4852302
4852362
4852472
4852492
4852512
4852552
4852602
4852622
4852632
4852662
4852712
4852722
4852782
4852922
4853122
4853202
4853272
4853292
4853312
4853332
4853352
4853362
4853412
4853422
4853462
4853482
4853582
4853622
4853692
4853722
4853742
4853812
4853882
4853932
4853992
4854002
4854012
4854042
4854062
4854112
4854132
4854142
4854182
4854192
4854242
4854252
4854282
4854292
4854312
4854352
4854372
4854402
4854412
4854462
4854532
4854542
4854562
4854572
4854582
4854592
4854602
4854662
4854682
4854692
4854842
4854872
4854922
4854932
4855002
4855032
4855042
4855082
4855092
4855142
4855152
4855182
4855202
4855272
4855302
4855312
4855382
4855402
4855412
4855462
4855482
4855582
4855612
4855642
4855702
4855742
4855772
4855792
4855822
4855832
4855862
4855882
4855912
4855922
4855962
4856032
4856232
4856352
4856502
4856622
4856722
4856752
4856772
4856792
4856882
4857052
4857152
4857172
4857202
4857222
4857232
4857282
4857402
4857452
4857512
4857522
4857552
4857572
4857582
4857632
4857652
4857662
4857742
4857782
4857852
4857862
4857872
4857922
4857942
4858012
4858062
4858252
4858262
4858322
4858342
4858382
4858402
4858422
4858452
4858462
4858472
4858512
4858562
4858582
4858602
4858632
4858702
4858792
4858812
4858862
4858932
4858942
4858972
4858992
4859002
4859012
4859022
4859132
4859152
4859172
4859192
4859202
4859252
4859282
4859302
4859312
4859322
4859342
4859422
4859452
4859492
4859502
4859512
4859542
4859612
4859622
4859642
4859652
4859692
4859712
4859732
4859742
4859762
4859822
4859912
4860022
4860032
4860042
4860052
4860082
4860092
4860102
4860112
4860122
4860132
4860152
4860172
4860192
4860202
4860302
4860312
4860332
4860372
4860382
4860392
4860402
4860412
4860442
4860462
4860472
4860482
4860502
4860512
4860542
4860562
4860582
4860602
4860612
4860642
4860662
4860692
4860752
4860802
4860812
4860892
4860912
4860952
4860962
4861002
4861012
4861062
4861082
4861122
4861152
4861162
4861172
4861252
4861282
4861322
4861332
4861362
4861412
4861422
4861432
4861482
4861532
4861552
4861562
4861592
4861602
4861642
4861682
4861692
4861702
4861752
4861772
4861782
4861792
4861812
4861832
4861852
4861892
4861922
4861952
4861962
4861972
4861982
4861992
4862002
4862022
4862042
4862052
4862062
4862072
4862082
4862092
4862142
4862162
4862222
4862282
4862302
4862332
4862342
4862392
4862402
4862422
4862502
4862512
4862522
4862532
4862552
4862562
4862592
4862602
4862632
4862672
4862702
4862712
4862772
4862832
4862842
4862852
4862952
4862972
4862982
4862992
4863002
4863022
4863042
4863052
4863132
4863192
4863292
4863302
4863362
4863392
4863432
4863492
4863502
4863532
4863542
4863602
4863622
4863642
4863652
4863692
4863702
4863732
4863782
4863822
4863842
4863852
4863942
4863982
4864042
4864072
4864192
4864232
4864242
4864262
4864282
4864292
4864322
4864342
4864362
4864412
4864442
4864452
4864472
4864562
4864582
4864602
4864622
4864632
4864692
4864712
4864762
4864772
4864792
4864812
4864872
4864942
4864972
4864982
4864992
4865002
4865012
4865052
4865062
4865102
4865172
4865222
4865312
4865322
4865332
4865342
4865352
4865402
4865432
4865442
4865462
4865472
4865482
4865512
4865532
4865572
4865672
4865732
4865802
4865832
4865872
4865902
4866092
4866292
4866302
4866312
4866322
4866332
4866432
4866992
4867022
4867032
4867062
4867142
4867272
4867302
4867322
4867332
4867392
4867432
4867452
4867492
4867532
4867742
4867802
4867852
4867952
4868082
4868092
4868112
4868142
4868172
4868202
4868212
4868232
4868522
4868542
4868562
4868582
4868612
4868632
4868642
4868672
4868742
4868762
4868772
4868782
4868792
4868802
4868812
4868822
4868842
4868992
4869012
4869022
4869032
4869102
4869162
4869182
4869202
4869212
4869242
4869252
4869262
4869272
4869282
4869292
4869302
4869322
4869332
4869342
4869362
4869412
4869472
4869502
4869562
4869702
4869762
4869782
4869802
4869822
4869932
4869952
4869972
4870012
4870032
4870092
4870102
4870132
4870142
4870192
4870282
4870392
4870442
4870482
4870542
4870552
4870572
4870602
4870622
4870642
4870752
4870772
4870792
4870842
4870852
4870912
4870982
4871142
4871222
4871232
4871262
4871272
4871392
4871422
4871482
4871542
4871552
4871562
4871592
4871612
4871632
4871642
4871652
4871772
4871792
4871842
4871852
4871922
4871942
4871962
4872182
4872232
4872252
4872282
4872312
4872322
4872332
4872372
4872392
4872432
4872452
4872492
4872502
4872542
4872612
4872642
4872652
4872662
4872672
4872692
4872752
4872792
4872802
4872812
4872862
4872892
4872912
4873042
4873082
4873152
4873172
4873192
4873252
4873292
4873322
4873332
4873352
4873362
4873382
4873412
4873422
4873472
4873492
4873522
4873542
4873612
4873642
4873672
4873702
4873752
4873762
4873772
4873802
4873942
4873972
4874092
4874152
4874162
4874172
4874182
4874342
4874372
4874402
4874412
4874422
4874522
4874532
4874542
4874562
4874592
4874632
4874662
4874702
4874752
4874762
4874772
4874782
4874792
4874802
4874822
4874842
4874902
4874922
4874942
4874972
4874982
4875002
4875022
4875062
4875072
4875102
4875132
4875162
4875182
4875222
4875282
4875292
4875352
4875362
4875432
4875482
4875502
4875532
4875582
4875592
4875622
4875642
4875682
4875702
4875852
4875872
4875882
4875922
4875952
4875962
4875992
4876002
4876022
4876062
4876082
4876102
4876162
4876212
4876232
4876262
4876272
4876312
4876332
4876342
4876362
4876402
4876432
4876462
4876472
4876532
4876592
4876602
4876612
4876622
4876632
4876642
4876682
4876702
4876712
4876742
4876752
4876832
4876842
4876872
4876912
4876932
4876942
4876982
4877002
4877042
4877052
4877062
4877072
4877092
4877102
4877152
4877212
4877222
4877292
4877312
4877352
4877432
4877442
4877462
4877492
4877512
4877572
4877592
4877632
4877662
4877672
4877682
4877732
4877772
4877792
4877812
4877822
4877852
4877882
4877892
4877902
4877932
4877972
4878012
4878052
4878072
4878082
4878112
4878142
4878152
4878172
4878182
4878192
4878202
4878212
4878222
4878242
4878262
4878322
4878332
4878342
4878392
4878522
4878552
4878562
4878582
4878602
4878632
4878642
4878662
4878702
4878752
4878772
4878812
4878932
4878952
4878962
4878972
4879012
4879052
4879062
4879092
4879102
4879152
4879172
4879262
4879272
4879302
4879322
4879342
4879402
4879452
4879482
4879492
4879502
4879522
4879562
4879582
4879592
4879612
4879632
4879662
4879672
4879752
4879792
4879872
4879932
4879942
4880002
4880032
4880062
4880092
4880112
4880142
4880152
4880162
4880212
4880242
4880272
4880302
4880342
4880372
4880432
4880482
4880522
4880532
4880552
4880602
4880642
4880662
4880702
4880712
4880772
4880802
4880822
4880842
4880852
4880862
4880912
4880932
4880952
4881042
4881052
4881062
4881072
4881082
4881112
4881122
4881172
4881202
4881232
4881262
4881272
4881282
4881312
4881342
4881542
4881612
4881642
4881652
4881812
4881862
4881872
4881882
4881892
4881902
4881912
4881962
4881982
4881992
4882072
4882092
4882102
4882112
4882122
4882132
4882142
4882162
4882172
4882182
4882192
4882202
4882212
4882222
4882232
4882242
4882252
4882262
4882302
4882422
4882442
4882452
4882502
4882512
4882552
4882582
4882602
4882612
4882652
4882672
4882682
4882702
4882732
4882742
4882772
4882812
4882832
4882862
4882892
4882912
4882932
4882962
4882982
4883022
4883082
4883092
4883112
4883132
4883212
4883252
4883292
4883302
4883322
4883332
4883342
4883352
4883362
4883392
4883402
4883412
4883422
4883432
4883482
4883502
4883552
4883562
4883572
4883592
4883612
4883632
4883642
4883662
4883682
4883712
4883732
4883742
4883752
4883792
4883832
4883902
4883932
4884012
4884032
4884052
4884062
4884072
4884112
4884132
4884142
4884152
4884192
4884202
4884212
4884252
4884292
4884312
4884342
4884362
4884442
4884452
4884482
4884492
4884512
4884552
4884562
4884572
4884602
4884612
4884642
4884672
4884702
4884792
4884812
4884822
4884832
4884862
4884892
4884922
4884932
4884942
4885002
4885092
4885102
4885152
4885192
4885202
4885282
4885292
4885312
4885352
4885372
4885382
4885412
4885442
4885452
4885462
4885482
4885522
4885532
4885542
4885682
4885692
4885722
4885752
4885762
4885782
4885802
4885842
4885912
4885932
4885952
4885982
4885992
4886042
4886062
4886072
4886092
4886112
4886122
4886132
4886152
4886162
4886172
4886182
4886192
4886202
4886212
4886222
4886232
4886242
4886252
4886282
4886362
4886382
4886422
4886452
4886472
4886502
4886612
4886622
4886652
4886662
4886682
4886692
4886702
4886722
4886752
4886762
4886772
4886842
4886862
4886902
4886962
4886982
4886992
4887012
4887022
4887052
4887062
4887122
4887172
4887192
4887232
4887252
4887272
4887322
4887362
4887382
4887412
4887462
4887472
4887492
4887542
4887552
4887602
4887672
4887732
4887742
4887752
4887792
4887822
4887852
4887872
4887992
4888032
4888042
4888062
4888112
4888132
4888152
4888172
4888192
4888202
4888212
4888232
4888242
4888252
4888262
4888272
4888292
4888342
4888382
4888442
4888462
4888592
4888722
4888752
4888782
4888872
4888912
4888952
4888962
4888972
4888982
4888992
4889002
4889012
4889022
4889032
4889052
4889062
4889072
4889082
4889092
4889102
4889112
4889122
4889132
4889142
4889152
4889162
4889172
4889182
4889222
4889242
4889252
4889272
4889282
4889292
4889442
4889622
4889652
4889742
4889772
4889782
4889812
4889822
4889832
4889842
4889872
4889882
4889912
4889942
4889962
4889972
4890062
4890082
4890122
4890162
4890242
4890262
4890382
4890442
4890462
4890502
4890582
4890622
4890792
4890812
4890872
4890912
4891032
4891132
4891172
4891512
4891542
4891552
4891572
4891582
4891592
4891602
4891622
4891762
4891772
4891792
4891812
4891822
4891932
4891942
4891952
4891962
4891982
4892002
4892052
4892142
4892222
4892232
4892252
4892332
4892382
4892402
4892422
4892432
4892532
4892602
4892632
4892642
4892662
4892672
4892682
4892722
4892732
4892772
4892782
4892792
4892802
4892822
4892842
4892852
4892862
4892872
4892882
4892952
4893062
4893122
4893142
4893152
4893182
4893202
4893312
4893432
4893552
4893562
4893642
4893752
4893772
4893822
4893842
4893872
4893902
4893912
4893962
4893972
4894022
4894042
4894082
4894112
4894142
4894442
4894532
4894612
4894632
4894652
4894662
4894712
4894742
4894752
4894802
4894832
4894862
4894872
4894932
4894962
4894992
4895002
4895082
4895122
4895142
4895172
4895202
4895262
4895272
4895282
4895302
4895312
4895342
4895352
4895382
4895392
4895432
4895452
4895482
4895502
4895542
4895562
4895572
4895582
4895612
4895622
4895642
4895682
4895732
4895742
4895822
4895852
4895902
4895932
4895942
4895992
4896002
4896052
4896072
4896082
4896132
4896142
4896172
4896192
4896242
4896292
4896312
4896342
4896352
4896402
4896432
4896492
4896502
4896542
4896632
4896652
4896672
4896682
4896702
4896722
4896792
4896812
4896822
4896832
4896842
4896852
4896862
4896892
4896932
4896982
4897012
4897042
4897072
4897092
4897112
4897132
4897152
4897172
4897182
4897262
4897432
4897452
4897542
4897552
4897562
4897572
4897582
4897592
4897602
4897612
4897632
4897662
4897692
4897742
4897772
4897802
4897812
4897902
4897952
4897992
4898002
4898122
4898132
4898142
4898152
4898192
4898202
4898212
4898292
4898322
4898342
4898352
4898382
4898392
4898412
4898422
4898542
4898572
4898702
4898722
4898782
4898822
4898842
4898862
4898892
4898912
4898922
4898962
4898972
4898992
4899022
4899042
4899092
4899152
4899162
4899192
4899232
4899282
4899352
4899392
4899432
4899462
4899492
4899502
4899552
4899572
4899582
4899632
4899692
4899862
4899962
4900012
4900042
4900052
4900072
4900122
4900132
4900142
4900152
4900202
4900242
4900282
4900382
4900392
4900502
4900512
4900522
4900542
4900572
4900612
4900672
4900802
4900822
4900842
4900862
4900872
4900952
4900982
4901012
4901022
4901072
4901082
4901092
4901102
4901122
4901182
4901202
4901222
4901262
4901302
4901332
4901342
4901352
4901362
4901372
4901392
4901402
4901422
4901442
4901462
4901472
4901482
4901492
4901572
4901582
4901632
4901672
4901682
4901712
4901742
4901792
4901832
4901882
4901892
4901902
4901912
4901942
4901972
4901982
4902012
4902052
4902062
4902072
4902082
4902102
4902112
4902122
4902192
4902322
4902482
4902582
4902622
4902642
4902672
4902692
4902802
4902872
4902892
4902902
4902932
4902952
4902972
4903002
4903012
4903022
4903052
4903062
4903082
4903092
4903102
4903122
4903132
4903142
4903162
4903172
4903182
4903192
4903202
4903212
4903222
4903252
4903282
4903312
4903412
4903422
4903462
4903482
4903492
4903502
4903512
4903522
4903532
4903542
4903552
4903582
4903592
4903602
4903642
4903722
4903752
4903772
4903782
4903792
4903842
4903912
4903932
4904092
4904152
4904192
4904252
4904282
4904322
4904332
4904372
4904382
4904392
4904432
4904452
4904462
4904472
4904482
4904492
4904502
4904512
4904522
4904552
4904572
4904582
4904602
4904622
4904632
4904652
4904662
4904672
4904712
4904742
4904752
4904832
4904962
4905072
4905102
4905312
4905412
4905422
4905442
4905452
4905472
4905492
4905512
4905532
4905542
4905552
4905562
4905572
4905642
4905672
4905682
4905702
4905722
4905732
4905752
4905822
4905842
4905892
4905922
4905992
4906042
4906082
4906112
4906142
4906152
4906192
4906232
4906272
4906282
4906332
4906382
4906432
4906442
4906452
4906472
4906492
4906522
4906612
4906712
4906782
4906792
4906842
4906882
4907002
4907012
4907032
4907102
4907132
4907162
4907172
4907212
4907312
4907322
4907332
4907352
4907372
4907382
4907442
4907492
4907502
4907562
4907592
4907612
4907652
4907662
4907672
4907722
4907762
4907782
4907802
4907812
4907842
4907852
4907862
4907872
4907882
4907892
4907902
4907942
4907952
4907982
4907992
4908062
4908082
4908092
4908122
4908142
4908172
4908182
4908192
4908202
4908212
4908222
4908262
4908282
4908332
4908342
4908352
4908462
4908522
4908532
4908542
4908552
4908562
4908572
4908582
4908602
4908612
4908622
4908632
4908672
4908682
4908692
4908702
4908712
4908722
4908732
4908742
4908752
4908762
4908842
4908852
4908872
4908882
4908902
4908922
4908952
4908962
4908992
4909012
4909022
4909032
4909042
4909062
4909072
4909092
4909142
4909152
4909162
4909172
4909182
4909202
4909212
4909222
4909232
4909242
4909282
4909292
4909302
4909312
4909322
4909332
4909342
4909362
4909372
4909402
4909462
4909482
4909512
4909552
4909572
4909642
4909662
4909742
4909752
4909772
4909802
4909842
4909852
4909902
4910012
4910052
4910072
4910102
4910122
4910142
4910152
4910172
4910182
4910192
4910202
4910212
4910242
4910272
4910302
4910312
4910332
4910342
4910482
4910502
4910532
4910542
4910552
4910582
4910622
4910682
4910732
4910752
4910822
4910832
4910842
4910852
4910862
4910872
4910882
4910892
4910902
4910912
4910932
4910942
4910952
4910962
4910972
4911022
4911052
4911062
4911072
4911092
4911162
4911182
4911202
4911212
4911232
4911242
4911282
4911382
4911472
4911562
4911602
4911622
4911682
4911692
4911712
4911732
4911742
4911762
4911772
4911782
4911792
4911802
4911812
4911822
4911872
4911902
4911922
4911932
4911972
4912002
4912012
4912052
4912172
4912212
4912222
4912232
4912312
4912352
4912362
4912402
4912422
4912462
4912472
4912502
4912562
4912612
4912662
4912702
4912792
4912882
4912902
4913002
4913072
4913082
4913112
4913132
4913162
4913212
4913222
4913232
4913332
4913352
4913362
4913372
4913532
4913582
4913602
4913612
4913692
4913712
4913782
4913802
4913852
4913862
4913872
4913882
4913922
4913932
4914002
4914012
4914032
4914082
4914092
4914152
4914202
4914222
4914232
4914262
4914282
4914322
4914342
4914352
4914382
4914582
4914642
4914662
4914682
4914702
4914722
4914742
4914802
4914852
4914872
4914912
4914922
4915022
4915032
4915042
4915072
4915122
4915142
4915192
4915222
4915232
4915282
4915292
4915392
4915422
4915462
4915522
4915552
4915562
4915582
4915602
4915642
4915662
4915692
4915742
4915882
4915962
4916042
4916092
4916152
4916212
4916232
4916252
4916272
4916292
4916312
4916362
4916372
4916422
4916432
4916462
4916482
4916492
4916512
4916532
4916672
4916722
4916862
4916902
4916982
4917062
4917152
4917172
4917272
4917302
4917342
4917472
4917712
4917722
4917822
4917882
4917922
4917952
4918012
4918022
4918032
4918042
4918092
4918102
4918132
4918152
4918182
4918192
4918222
4918252
4918272
4918352
4918382
4918412
4918472
4918482
4918512
4918562
4918572
4918582
4918642
4918662
4918682
4918722
4918752
4918802
4918892
4918992
4919012
4919022
4919042
4919072
4919102
4919152
4919182
4919192
4919202
4919222
4919232
4919242
4919252
4919282
4919302
4919322
4919372
4919392
4919432
4919452
4919472
4919512
4919572
4919592
4919612
4919622
4919662
4919712
4919752
4919762
4919772
4919782
4919822
4919852
4919912
4920032
4920042
4920062
4920072
4920092
4920102
4920122
4920132
4920172
4920232
4920242
4920252
4920312
4920332
4920352
4920382
4920402
4920412
4920442
4920472
4920482
4920572
4920592
4920602
4920662
4920702
4920712
4920722
4920732
4920822
4920832
4920872
4920892
4920902
4920922
4920972
4921002
4921012
4921042
4921052
4921072
4921152
4921202
4921212
4921352
4921432
4921442
4921512
4921522
4921582
4921632
4921662
4921682
4921762
4921792
4921802
4921822
4921892
4921972
4922042
4922052
4922092
4922112
4922192
4922222
4922242
4922332
4922392
4922412
4922432
4922462
4922472
4922502
4922512
4922542
4922552
4922632
4922682
4922742
4922782
4922822
4922842
4922862
4922962
4922972
4923032
4923162
4923172
4923202
4923212
4923232
4923262
4923272
4923282
4923342
4923442
4923482
4923512
4923542
4923662
4923672
4923702
4923752
4923802
4923812
4923822
4923852
4923872
4924032
4924052
4924112
4924162
4924182
4924302
4924342
4924352
4924382
4924392
4924422
4924432
4924442
4924452
4924482
4924492
4924512
4924552
4924602
4924652
4924662
4924772
4924792
4924842
4924852
4924912
4924922
4924962
4924972
4924992
4925002
4925042
4925052
4925062
4925072
4925092
4925102
4925142
4925302
4925332
4925342
4925432
4925492
4925772
4925842
4925922
4926022
4926052
4926072
4926162
4926222
4926232
4926262
4926282
4926302
4926312
4926332
4926422
4926462
4926502
4926522
4926532
4926552
4926572
4926672
4926742
4926762
4926842
4926892
4926942
4926982
4927022
4927042
4927082
4927112
4927132
4927172
4927202
4927222
4927252
4927272
4927312
4927372
4927382
4927452
4927492
4927622
4927642
4927702
4927712
4927722
4927742
4927772
4927802
4927822
4927832
4927882
4927902
4927942
4928142
4928202
4928292
4928342
4928352
4928382
4928432
4928522
4928622
4928632
4928652
4928672
4928682
4928722
4928762
4928832
4928862
4928872
4928882
4929032
4929042
4929072
4929082
4929122
4929132
4929162
4929172
4929192
4929202
4929222
4929232
4929242
4929252
4929342
4929382
4929402
4929422
4929472
4929492
4929512
4929612
4929632
4929682
4929712
4929762
4929782
4929802
4929822
4929832
4929842
4929882
4929912
4929922
4929932
4929962
4929972
4930032
4930102
4930122
4930132
4930192
4930202
4930242
4930272
4930282
4930312
4930332
4930342
4930382
4930442
4930452
4930502
4930572
4930582
4930602
4930612
4930642
4930682
4930712
4930782
4930862
4930972
4931002
4931022
4931032
4931052
4931062
4931082
4931092
4931112
4931122
4931132
4931142
4931152
4931162
4931172
4931182
4931192
4931262
4931312
4931322
4931382
4931392
4931432
4931522
4931542
4931562
4931572
4931582
4931632
4931692
4931752
4931782
4931812
4931842
4931892
4931932
4931982
4932112
4932172
4932212
4932222
4932262
4932292
4932372
4932402
4932412
4932422
4932452
4932462
4932552
4932562
4932592
4932602
4932632
4932642
4932662
4932692
4932712
4932732
4932742
4932792
4932802
4932812
4932842
4932922
4932942
4932952
4932962
4932972
4933002
4933012
4933022
4933032
4933062
4933072
4933082
4933132
4933142
4933212
4933242
4933262
4933282
4933302
4933312
4933322
4933332
4933342
4933362
4933372
4933382
4933392
4933402
4933412
4933432
4933442
4933462
4933482
4933532
4933562
4933582
4933642
4933712
4933752
4933842
4933882
4933892
4933972
4934022
4934052
4934122
4934132
4934222
4934252
4934262
4934272
4934292
4934312
4934322
4934352
4934372
4934392
4934402
4934412
4934432
4934472
4934562
4934582
4934622
4934632
4934682
4934702
4934712
4934732
4934752
4934782
4934852
4934862
4934972
4934992
4935012
4935062
4935102
4935112
4935142
4935252
4935282
4935302
4935382
4935402
4935522
4935542
4935602
4935612
4935662
4935702
4935722
4935752
4935902
4935912
4935922
4935932
4936222
4936232
4936272
4936292
4936422
4936482
4936492
4936552
4936602
4936662
4936692
4936792
4936812
4936822
4936862
4936872
4936912
4936922
4936962
4936992
4937002
4937022
4937032
4937082
4937132
4937162
4937172
4937242
4937432
4937492
4937532
4937612
4937632
4937652
4937812
4937832
4937912
4937922
4937952
4937962
4937972
4938002
4938012
4938072
4938102
4938162
4938182
4938232
4938252
4938302
4938312
4938332
4938342
4938362
4938392
4938432
4938502
4938542
4938552
4938582
4938592
4938602
4938612
4938632
4938702
4938712
4938772
4938822
4938902
4938982
4939012
4939022
4939062
4939142
4939232
4939242
4939312
4939342
4939472
4939482
4939492
4939532
4939562
4939632
4939652
4939702
4939722
4939792
4939912
4939942
4939992
4940012
4940042
4940052
4940072
4940082
4940102
4940112
4940122
4940152
4940172
4940242
4940292
4940352
4940372
4940382
4940532
4940552
4940562
4940572
4940602
4940612
4940642
4940712
4940752
4940782
4940812
4940822
4940852
4940872
4940932
4940942
4940972
4941022
4941062
4941092
4941102
4941162
4941182
4941222
4941322
4941362
4941382
4941392
4941422
4941442
4941492
4941522
4941532
4941562
4941682
4941722
4941832
4941852
4941952
4941962
4941982
4942052
4942062
4942122
4942222
4942232
4942262
4942412
4942442
4942452
4942462
4942492
4942512
4942552
4942602
4942642
4942652
4942682
4942692
4942742
4942752
4942762
4942792
4942802
4942842
4942912
4942952
4943092
4943202
4943252
4943272
4943322
4943342
4943392
4943402
4943482
4943542
4943552
4943572
4943582
4943762
4943772
4943852
4943902
4943942
4943982
4944092
4944112
4944132
4944152
4944242
4944342
4944382
4944412
4944422
4944622
4944662
4944702
4944762
4944792
4944832
4944872
4944902
4944952
4944972
4945022
4945052
4945062
4945092
4945112
4945202
4945222
4945252
4945322
4945402
4945422
4945462
4945522
4945572
4945682
4945732
4945752
4945762
4945802
4945832
4945862
4945872
4945902
4945912
4945922
4945992
4946002
4946072
4946102
4946122
4946142
4946152
4946232
4946282
4946302
4946352
4946362
4946392
4946472
4946492
4946602
4946612
4946682
4946712
4946792
4946812
4946922
4946932
4946952
4946982
4947012
4947052
4947162
4947402
4947552
4947572
4947582
4947642
4947722
4947752
4947792
4947842
4947852
4947922
4947962
4948042
4948102
4948212
4948242
4948302
4948322
4948392
4948462
4948512
4948562
4948602
4948612
4948642
4948702
4948742
4948822
4948872
4948922
4948972
4948982
4949142
4949212
4949222
4949292
4949382
4949402
4949432
4949442
4949472
4949502
4949542
4949642
4949792
4949822
4949912
4949972
4950002
4950012
4950042
4950052
4950092
4950132
4950152
4950202
4950282
4950352
4950372
4950472
4950552
4950652
4950672
4950862
4950872
4950902
4950952
4951102
4951152
4951282
4951292
4951382
4951402
4951462
4951522
4951532
4951542
4951612
4951632
4951672
4951692
4951802
4951842
4951862
4951882
4951892
4951932
4951942
4952012
4952042
4952092
4952162
4952192
4952222
4952482
4952522
4952602
4952632
4952662
4952672
4952772
4952902
4952922
4952942
4953092
4953272
4953282
4953302
4953332
4953342
4953362
4953392
4953422
4953532
4953582
4953622
4953862
4953952
4953962
4954002
4954072
4954112
4954142
4954172
4954202
4954212
4954222
4954262
4954282
4954352
4954422
4954502
4954552
4954622
4954692
4954722
4954812
4954842
4954982
4955102
4955112
4955122
4955142
4955192
4955212
4955252
4955272
4955402
4955432
4955462
4955472
4955632
4955682
4955712
4955772
4955812
4956022
4956042
4956062
4956082
4956092
4956142
4956162
4956202
4956222
4956372
4956382
4956392
4956502
4956522
4956602
4956612
4956652
4956672
4956702
4956712
4956722
4956772
4956792
4956812
4956902
4956912
4956922
4956932
4956942
4957072
4957152
4957212
4957312
4957322
4957362
4957372
4957432
4957452
4957512
4957612
4957702
4957732
4957742
4957762
4957772
4957782
4957792
4957812
4957822
4957832
4957842
4957852
4957912
4957942
4958012
4958032
4958062
4958202
4958242
4958292
4958352
4958362
4958422
4958442
4958452
4958462
4958472
4958482
4958492
4958502
4958512
4958522
4958542
4958552
4958572
4958582
4958592
4958602
4958612
4958642
4958652
4958672
4958752
4958782
4958942
4958962
4959002
4959032
4959102
4959132
4959222
4959332
4959392
4959432
4959472
4959582
4959612
4959652
4959702
4959712
4959762
4959782
4959792
4959842
4959902
4959952
4960012
4960022
4960172
4960222
4960292
4960322
4960372
4960462
4960502
4960532
4960572
4960612
4960682
4960712
4960732
4960742
4960772
4960832
4960882
4960922
4960952
4961002
4961142
4961152
4961172
4961182
4961192
4961202
4961262
4961272
4961302
4961332
4961392
4961482
4961522
4961602
4961622
4961642
4961652
4961702
4961722
4961732
4961812
4961882
4961912
4961922
4961932
4961992
4962042
4962072
4962152
4962192
4962322
4962362
4962392
4962492
4962502
4962672
4962782
4962802
4962822
4962882
4962942
4962972
4963002
4963102
4963142
4963182
4963212
4963282
4963342
4963352
4963392
4963452
4963502
4963552
4963642
4963672
4963762
4963792
4963812
4963832
4963972
4964162
4964182
4964292
4964332
4964402
4964542
4964582
4964602
4964642
4964652
4964682
4964742
4964752
4964862
4964922
4964982
4965002
4965022
4965052
4965082
4965092
4965122
4965162
4965212
4965292
4965302
4965312
4965372
4965492
4965502
4965572
4965632
4965692
4965762
4965772
4965842
4965852
4965882
4965892
4965922
4965932
4966042
4966102
4966132
4966142
4966372
4966432
4966522
4966562
4966652
4966682
4966722
4966752
4966762
4966852
4966862
4966882
4966892
4966902
4966912
4966922
4966942
4966982
4966992
4967012
4967032
4967072
4967112
4967132
4967142
4967152
4967182
4967222
4967302
4967312
4967342
4967352
4967362
4967382
4967392
4967402
4967412
4967422
4967442
4967452
4967492
4967642
4967662
4967732
4967742
4967802
4967872
4967902
4967912
4968002
4968032
4968052
4968092
4968352
4968392
4968402
4968502
4968582
4968702
4968732
4968762
4968802
4968912
4968952
4968972
4969022
4969042
4969102
4969142
4969172
4969212
4969222
4969272
4969372
4969392
4969442
4969482
4969512
4969572
4969602
4969622
4969652
4969672
4969702
4969732
4969742
4969782
4969892
4969912
4970002
4970032
4970092
4970272
4970292
4970312
4970332
4970522
4970562
4970612
4970622
4970762
4970782
4970842
4970852
4970972
4971052
4971062
4971182
4971192
4971252
4971292
4971332
4971442
4971542
4971612
4971622
4971642
4971822
4971832
4971892
4971932
4972022
4972032
4972102
4972232
4972242
4972282
4972332
4972372
4972382
4972422
4972462
4972582
4972672
4972772
4972822
4972832
4972982
4973042
4973052
4973102
4973162
4973192
4973242
4973362
4973462
4973532
4973732
4973862
4973872
4973902
4973942
4974022
4974032
4974052
4974062
4974092
4974112
4974122
4974212
4974332
4974382
4974432
4974602
4974642
4974692
4974782
4974832
4974932
4975022
4975372
4975382
4975462
4975472
4975512
4975592
4975622
4975732
4975792
4975842
4975892
4976032
4976092
4976252
4976322
4976332
4976552
4976682
4976842
4976872
4977152
4977172
4977202
4977222
4977242
4977302
4977342
4977412
4977682
4977772
4977842
4977902
4977992
4978012
4978022
4978072
4978092
4978182
4978362
4978512
4978582
4978792
4978802
4978852
4978882
4979022
4979062
4979082
4979162
4979172
4979212
4979382
4979392
4979472
4979522
4979552
4979612
4979652
4979672
4979682
4979722
4979752
4979852
4979982
4979992
4980052
4980122
4980152
4980262
4980352
4980402
4980432
4980472
4980482
4980512
4980552
4980602
4980672
4980682
4980922
4980932
4980942
4980982
4981012
4981032
4981122
4981142
4981202
4981302
4981372
4981412
4981422
4981442
4981462
4981532
4981542
4981562
4981672
4981742
4981752
4981822
4982032
4982052
4982092
4982102
4982122
4982132
4982142
4982522
4982632
4982702
4982762
4983032
4983152
4983192
4983242
4983282
4983382
4983412
4983522
4983562
4983602
4983662
4983672
4983732
4983922
4983972
4984062
4984182
4984222
4984282
4984322
4984332
4984382
4984402
4984412
4984452
4984602
4984712
4984822
4984892
4984942
4984962
4984972
4985092
4985142
4985152
4985162
4985212
4985222
4985292
4985312
4985322
4985332
4985372
4985382
4985392
4985402
4985462
4985502
4985512
4985552
4985592
4985692
4985732
4985752
4985762
4985822
4985832
4985872
4985882
4985892
4985992
4986042
4986102
4986122
4986132
4986162
4986172
4986182
4986192
4986212
4986222
4986262
4986292
4986312
4986322
4986362
4986372
4986382
4986392
4986412
4986422
4986432
4986452
4986462
4986482
4986492
4986502
4986592
4986602
4986692
4986712
4986752
4986872
4986882
4986902
4986932
4986942
4986952
4986972
4987002
4987042
4987102
4987112
4987132
4987142
4987162
4987182
4987202
4987212
4987222
4987232
4987242
4987252
4987262
4987272
4987282
4987292
4987302
4987332
4987342
4987352
4987362
4987372
4987402
4987412
4987432
4987452
4987462
4987482
4987582
4987592
4987602
4987612
4987622
4987632
4987642
4987652
4987662
4987682
4987702
4987712
4987732
4987742
4987792
4987802
4987812
4987832
4987852
4987872
4987882
4987922
4987972
4987982
4988032
4988042
4988082
4988112
4988122
4988152
4988172
4988182
4988202
4988212
4988232
4988242
4988262
4988282
4988302
4988312
4988322
4988342
4988352
4988362
4988372
4988392
4988402
4988412
4988422
4988432
4988442
4988452
4988462
4988482
4988492
4988602
4988672
4988682
4988692
4988702
4988722
4988762
4988772
4988822
4988842
4988852
4988862
4988872
4988882
4988892
4988902
4988922
4989132
4989192
4989202
4989612
4989622
4989632
4989702
4989742
4989812
4989822
4989832
4989842
4989852
4989862
4989882
4989892
4989902
4990022
4990112
4990132
4990172
4990192
4990312
4990332
4990402
4990412
4990422
4990442
4990482
4990512
4990562
4990572
4990672
4990692
4990712
4990722
4990752
4990792
4990822
4990872
4990882
4990892
4990902
4990922
4990932
4990942
4990952
4990972
4991092
4991112
4991132
4991152
4991172
4991182
4991202
4991232
4991242
4991252
4991262
4991272
4991282
4991292
4991302
4991312
4991362
4991442
4991452
4991462
4991472
4991482
4991492
4991502
4991512
4991562
4991572
4991602
4991632
4991662
4991672
4991702
4991732
4991762
4991772
4991792
4991802
4991832
4991842
4991862
4991872
4991882
4991892
4991902
4991912
4991922
4991932
4991942
4991952
4991962
4991972
4991982
4991992
4992012
4992072
4992092
4992112
4992122
4992152
4992162
4992182
4992212
4992222
4992242
4992252
4992282
4992292
4992342
4992352
4992362
4992372
4992382
4992392
4992402
4992412
4992432
4992442
4992472
4992562
4992572
4992582
4992602
4992622
4992632
4992642
4992712
4992722
4992742
4992792
4992802
4992812
4992852
4992902
4992912
4992962
4992972
4993012
4993022
4993042
4993072
4993092
4993102
4993112
4993182
4993192
4993232
4993242
4993282
4993292
4993302
4993322
4993332
4993342
4993352
4993372
4993382
4993392
4993412
4993442
4993472
4993482
4993492
4993502
4993512
4993532
4993562
4993572
4993582
4993602
4993612
4993622
4993632
4993642
4993662
4993672
4993682
4993702
4993712
4993752
4993762
4993812
4993822
4993842
4993852
4993882
4993902
4993982
4993992
4994002
4994012
4994042
4994082
4994102
4994122
4994132
4994192
4994222
4994242
4994262
4994272
4994292
4994302
4994362
4994422
4994452
4994472
4994502
4994512
4994532
4994562
4994572
4994602
4994622
4994662
4994672
4994712
4994742
4994762
4994812
4994822
4994852
4994912
4994972
4994982
4994992
4995002
4995012
4995052
4995072
4995152
4995182
4995202
4995222
4995232
4995252
4995262
4995272
4995282
4995292
4995312
4995322
4995332
4995352
4995372
4995382
4995402
4995422
4995452
4995472
4995482
4995492
4995502
4995522
4995532
4995542
4995552
4995562
4995572
4995592
4995602
4995622
4995632
4995672
4995722
4995732
4995752
4995772
4995802
4995812
4995822
4995832
4995842
4995862
4995872
4995882
4995902
4995912
4995932
4995942
4995952
4995972
4995982
4996002
4996042
4996052
4996072
4996082
4996092
4996102
4996142
4996152
4996162
4996182
4996202
4996232
4996242
4996352
4996362
4996372
4996432
4996442
4996452
4996492
4996502
4996512
4996522
4996532
4996552
4996692
4996702
4996712
4996722
4996772
4996792
4996822
4996842
4996892
4996942
4996952
4996972
4996992
4997022
4997032
4997052
4997082
4997092
4997152
4997192
4997212
4997292
4997302
4997312
4997322
4997332
4997422
4997442
4997462
4997472
4997552
4997562
4997582
4997602
4997622
4997632
4997642
4997672
4997682
4997742
4997752
4997762
4997782
4997792
4997812
4997832
4997852
4997872
4997882
4997892
4997922
4997932
4997942
4997972
4997982
4998002
4998052
4998062
4998072
4998082
4998112
4998132
4998142
4998192
4998202
4998232
4998262
4998282
4998302
4998322
4998332
4998402
4998412
4998462
4998472
4998482
4998492
4998512
4998542
4998572
4998622
4998632
4998642
4998652
4998672
4998682
4998692
4998702
4998712
4998722
4998732
4998742
4998772
4998782
4998882
4998942
4998972
4998982
4998992
4999032
4999062
4999102
4999142
4999172
4999192
4999252
4999282
4999292
4999302
4999372
4999382
4999392
4999442
4999522
4999552
4999652
4999672
4999682
4999752
4999762
4999782
4999792
4999852
4999872
4999902
4999912
4999932
4999952
4999972
5000012
5000022
5000042
5000052
5000072
5000122
5000142
5000162
5000172
5000182
5000192
5000212
5000222
5000242
5000252
5000262
5000292
5000342
5000432
5000452
5000462
5000472
5000482
5000492
5000512
5000532
5000552
5000582
5000602
5000632
5000642
5000662
5000682
5000702
5000712
5000722
5000732
5000742
5000772
5000782
5000802
5000822
5000832
5000842
5000852
5000872
5000882
5000892
5000922
5000942
5000952
5000982
5000992
5001002
5001012
5001072
5001082
5001092
5001122
5001132
5001162
5001172
5001222
5001232
5001252
5001282
5001322
5001362
5001372
5001402
5001432
5001482
5001512
5001542
5001582
5001592
5001612
5001742
5001772
5001782
5001792
5001802
5001812
5001822
5001842
5001852
5001872
5001882
5001892
5001922
5001932
5001972
5002002
5002012
5002032
5002062
5002072
5002082
5002132
5002142
5002162
5002192
5002202
5002212
5002222
5002232
5002242
5002252
5002262
5002272
5002292
5002302
5002332
5002342
5002372
5002392
5002402
5002422
5002442
5002462
5002482
5002512
5002592
5002602
5002622
5002642
5002682
5002692
5002712
5002722
5002732
5002762
5002772
5002802
5002822
5002852
5002892
5002902
5002912
5002922
5002932
5002942
5002952
5002962
5002972
5002982
5002992
5003002
5003012
5003022
5003032
5003052
5003072
5003082
5003102
5003132
5003182
5003202
5003222
5003292
5003302
5003312
5003332
5003342
5003362
5003392
5003402
5003452
5003492
5003502
5003512
5003522
5003542
5003562
5003572
5003652
5003702
5003712
5003782
5003832
5003842
5003852
5003862
5003872
5003882
5003912
5003952
5003962
5003992
5004032
5004042
5004052
5004082
5004092
5004102
5004112
5004122
5004182
5004192
5004212
5004222
5004232
5004292
5004312
5004322
5004332
5004352
5004372
5004432
5004452
5004492
5004522
5004562
5004572
5004582
5004602
5004652
5004662
5004672
5004682
5004692
5004702
5004712
5004732
5004752
5004762
5004772
5004792
5004832
5004842
5004872
5004882
5004902
5004912
5004922
5004952
5004992
5005002
5005012
5005022
5005032
5005052
5005072
5005082
5005122
5005152
5005162
5005172
5005182
5005212
5005242
5005272
5005282
5005322
5005342
5005362
5005392
5005402
5005412
5005422
5005432
5005442
5005452
5005462
5005482
5005492
5005502
5005522
5005532
5005542
5005552
5005572
5005602
5005622
5005632
5005672
5005682
5005692
5005702
5005712
5005752
5005762
5005782
5005792
5005852
5005872
5005882
5005912
5005922
5005932
5005942
5005952
5005972
5006012
5006022
5006032
5006042
5006052
5006062
5006072
5006082
5006092
5006112
5006122
5006132
5006142
5006152
5006192
5006202
5006212
5006222
5006232
5006252
5006262
5006272
5006282
5006292
5006302
5006312
5006322
5006332
5006342
5006352
5006372
5006382
5006392
5006402
5006412
5006422
5006442
5006452
5006462
5006472
5006482
5006502
5006512
5006532
5006542
5006552
5006572
5006592
5006612
5006622
5006642
5006652
5006662
5006672
5006682
5006692
5006702
5006712
5006722
5006752
5006762
5006772
5006802
5006812
5006822
5006842
5006862
5006872
5006892
5006902
5006922
5006932
5006942
5006952
5006962
5006972
5006992
5007002
5007012
5007022
5007062
5007072
5007132
5007162
5007182
5007232
5007272
5007322
5007352
5007362
5007372
5007382
5007392
5007402
5007412
5007422
5007452
5007482
5007492
5007502
5007512
5007522
5007572
5007582
5007642
5007662
5007682
5007702
5007722
5007732
5007762
5007792
5007802
5007812
5007832
5007852
5007872
5007882
5007902
5007912
5007922
5007952
5007962
5007972
5007982
5008002
5008012
5008062
5008072
5008082
5008092
5008112
5008162
5008192
5008202
5008222
5008252
5008282
5008312
5008322
5008342
5008412
5008462
5008502
5008512
5008522
5008532
5008542
5008582
5008622
5008652
5008662
5008672
5008682
5008692
5008702
5008712
5008722
5008732
5008742
5008752
5008762
5008772
5008782
5008802
5008812
5008822
5008872
5008892
5008902
5008952
5008972
5009002
5009022
5009052
5009072
5009082
5009092
5009162
5009172
5009232
5009242
5009282
5009342
5009372
5009392
5009422
5009432
5009442
5009452
5009492
5009522
5009542
5009562
5009592
5009622
5009632
5009652
5009662
5009672
5009702
5009722
5009732
5009762
5009782
5009802
5009812
5009902
5009922
5009942
5009962
5010022
5010072
5010112
5010122
5010142
5010182
5010192
5010212
5010222
5010232
5010252
5010262
5010282
5010292
5010302
5010362
5010372
5010382
5010432
5010442
5010472
5010482
5010502
5010562
5010602
5010632
5010642
5010662
5010672
5010682
5010692
5010742
5010752
5010762
5010782
5010792
5010802
5010812
5010842
5010872
5010882
5010892
5010912
5010932
5010962
5010982
5011012
5011022
5011052
5011062
5011072
5011082
5011132
5011152
5011162
5011172
5011192
5011212
5011262
5011302
5011312
5011352
5011362
5011372
5011382
5011402
5011492
5011532
5011572
5011592
5011602
5011612
5011632
5011652
5011662
5011672
5011692
5011702
5011722
5011742
5011752
5011762
5011772
5011782
5011802
5011812
5011822
5011842
5011852
5011862
5011882
5011902
5011912
5011922
5011932
5011942
5011952
5011962
5011982
5011992
5012002
5012012
5012022
5012032
5012062
5012072
5012112
5012202
5012222
5012252
5012292
5012312
5012332
5012342
5012392
5012412
5012432
5012472
5012532
5012642
5012672
5012692
5012722
5012802
5012812
5012822
5012832
5012842
5012852
5012862
5012892
5012902
5012912
5012922
5012942
5012952
5012962
5012972
5012992
5013002
5013042
5013072
5013092
5013122
5013282
5013322
5013332
5013392
5013432
5013472
5013482
5013512
5013532
5013552
5013572
5013592
5013642
5013652
5013672
5013692
5013702
5013732
5013752
5013782
5013792
5013802
5013812
5013842
5013862
5013872
5013892
5013962
5013972
5013992
5014002
5014032
5014042
5014142
5014192
5014302
5014312
5014332
5014342
5014352
5014432
5014482
5014562
5014602
5014662
5014672
5014682
5014692
5014702
5014712
5014752
5014782
5014792
5014802
5014822
5014842
5014852
5014882
5014892
5014982
5015042
5015072
5015092
5015122
5015152
5015162
5015172
5015192
5015202
5015222
5015272
5015282
5015352
5015372
5015482
5015552
5015622
5015682
5015712
5015722
5015742
5015762
5015782
5015832
5015842
5015852
5015942
5015952
5015992
5016022
5016042
5016052
5016072
5016102
5016192
5016212
5016222
5016232
5016242
5016272
5016282
5016302
5016312
5016322
5016362
5016372
5016412
5016422
5016452
5016462
5016472
5016482
5016502
5016522
5016532
5016542
5016562
5016572
5016582
5016602
5016622
5016632
5016642
5016682
5016712
5016722
5016742
5016782
5016802
5016832
5016852
5016872
5016892
5016902
5016912
5016942
5016952
5016962
5016972
5016992
5017002
5017022
5017032
5017042
5017052
5017062
5017072
5017102
5017112
5017162
5017182
5017192
5017252
5017282
5017322
5017332
5017342
5017352
5017372
5017392
5017422
5017432
5017442
5017462
5017502
5017512
5017542
5017662
5017702
5017752
5017762
5017772
5017842
5017862
5017892
5017942
5017952
5017962
5017982
5018022
5018072
5018082
5018182
5018192
5018222
5018232
5018242
5018252
5018262
5018272
5018282
5018292
5018302
5018312
5018322
5018332
5018342
5018352
5018362
5018372
5018382
5018392
5018402
5018412
5018422
5018432
5018442
5018452
5018472
5018482
5018492
5018672
5018682
5018752
5018782
5018792
5018802
5018862
5018982
5018992
5019002
5019022
5019052
5019072
5019092
5019102
5019122
5019202
5019232
5019242
5019252
5019262
5019272
5019282
5019292
5019332
5019402
5019412
5019432
5019462
5019472
5019482
5019492
5019502
5019512
5019522
5019532
5019542
5019562
5019662
5019692
5019702
5019782
5019862
5019882
5019912
5019922
5019952
5019992
5020002
5020012
5020032
5020042
5020052
5020062
5020072
5020082
5020092
5020102
5020112
5020122
5020132
5020142
5020152
5020162
5020172
5020192
5020232
5020242
5020252
5020272
5020292
5020312
5020322
5020332
5020342
5020352
5020362
5020372
5020382
5020392
5020402
5020422
5020442
5020462
5020472
5020482
5020492
5020582
5020602
5020622
5020662
5020672
5020692
5020702
5020742
5020762
5020772
5020792
5020802
5020852
5020962
5020982
5021032
5021042
5021052
5021072
5021082
5021122
5021142
5021182
5021192
5021262
5021272
5021292
5021312
5021322
5021372
5021402
5021422
5021462
5021472
5021502
5021512
5021522
5021542
5021552
5021582
5021622
5021632
5021642
5021682
5021702
5021732
5021762
5021812
5021822
5021832
5021842
5021872
5021882
5021912
5021952
5021962
5021972
5022122
5022152
5022222
5022252
5022382
5022412
5022422
5022452
5022482
5022522
5022562
5022572
5022582
5022602
5022612
5022622
5022642
5022652
5022662
5022672
5022692
5022702
5022722
5022732
5022742
5022782
5023042
5023052
5023072
5023092
5023102
5023112
5023132
5023152
5023192
5023202
5023222
5023232
5023252
5023282
5023292
5023302
5023322
5023342
5023362
5023372
5023442
5023452
5023462
5023472
5023492
5023512
5023522
5023532
5023542
5023562
5023572
5023582
5023592
5023602
5023622
5023642
5023652
5023662
5023692
5023712
5023722
5023752
5023762
5023772
5023782
5023792
5023812
5023832
5023842
5023862
5023972
5023982
5024002
5024092
5024112
5024122
5024162
5024182
5024202
5024212
5024232
5024272
5024302
5024352
5024392
5024402
5024422
5024442
5024452
5024482
5024512
5024522
5024562
5024582
5024602
5024612
5024632
5024642
5024652
5024692
5024782
5024792
5024852
5024872
5024982
5024992
5025082
5025112
5025132
5025172
5025182
5025242
5025362
5025382
5025662
5025702
5025712
5025722
5025742
5025752
5025762
5025772
5025792
5025862
5025982
5026002
5026062
5026082
5026102
5026122
5026182
5026202
5026212
5026242
5026262
5026322
5026402
5026482
5026492
5026562
5026592
5026612
5026632
5026682
5026702
5026722
5026752
5026782
5026792
5026802
5026812
5026862
5027132
5027192
5027202
5027262
5027282
5027322
5027382
5027422
5027432
5027452
5027472
5027512
5027532
5027572
5027592
5027632
5027642
5027682
5027702
5027712
5027732
5027742
5027802
5027972
5027992
5028002
5028012
5028032
5028062
5028102
5028132
5028162
5028202
5028222
5028232
5028272
5028282
5028552
5028612
5028722
5028942
5029022
5029082
5029092
5029112
5029132
5029142
5029272
5029322
5029342
5029372
5029382
5029442
5029472
5029522
5029532
5029552
5029572
5029582
5029592
5029602
5029622
5029632
5029652
5029662
5029692
5029702
5029712
5029722
5029742
5029762
5029772
5029792
5029802
5029832
5029842
5029852
5029872
5029972
5029982
5030092
5030142
5030152
5030162
5030192
5030252
5030262
5030332
5030602
5030692
5030782
5030822
5030842
5030852
5030862
5030992
5031122
5031162
5031172
5031192
5031302
5031322
5031332
5031452
5031462
5031502
5031552
5031562
5031602
5031642
5031652
5031672
5031682
5031702
5031752
5031762
5031772
5031792
5031822
5031852
5031872
5031892
5031902
5031912
5031942
5031952
5032032
5032062
5032092
5032132
5032142
5032152
5032162
5032192
5032202
5032232
5032242
5032292
5032422
5033012
5033152
5033592
5033612
5034802
5034902
5035252
5035592
5036212
5036302
5036672
5037152
5037502
5037882
5038322
5038662
5038882
5039472
5040222
5040292
5040352
5040602
5040722
5040742
5040792
5040852
5041332
5041372
5041422
5041432
5041452
5041512
5041532
5041552
5041562
5041582
5041612
5041632
5041642
5041702
5041722
5041732
5041762
5041772
5041812
5041852
5041882
5041892
5041912
5041922
5041942
5041952
5041962
5041972
5042002
5042012
5042022
5042032
5042072
5042102
5042112
5042122
5042152
5042172
5042192
5042212
5042232
5042242
5042252
5042282
5042292
5042332
5042342
5042352
5042362
5042432
5042502
5042592
5042622
5042632
5042642
5042752
5042762
5042792
5042852
5042882
5042932
5043002
5043042
5043082
5043092
5043102
5043182
5043262
5043302
5043332
5043372
5043402
5043412
5043442
5043482
5043492
5043512
5043522
5043582
5043652
5043662
5043682
5043752
5043782
5043832
5043962
5044002
5044032
5044042
5044062
5044102
5044122
5044142
5044272
5044302
5044322
5044332
5044342
5044372
5044502
5044542
5044612
5044642
5044812
5044822
5044912
5044932
5044982
5045002
5045012
5045032
5045092
5045102
5045112
5045192
5045402
5045412
5045502
5045652
5045712
5045782
5045802
5045842
5045862
5045932
5046022
5046142
5046262
5046302
5046832
5046842
5046852
5046872
5046902
5046912
5046952
5047002
5047062
5047102
5047192
5047202
5047242
5047272
5047322
5047332
5047342
5047352
5047402
5047412
5047442
5047522
5047572
5047582
5047602
5047612
5047622
5047642
5047652
5047662
5047672
5047682
5047692
5047702
5047712
5047722
5047732
5047772
5047812
5047842
5047882
5047902
5047912
5047992
5048002
5048012
5048022
5048032
5048052
5048102
5048122
5048142
5048212
5048272
5048292
5048312
5048332
5048382
5048432
5048542
5048572
5048662
5048682
5048702
5048872
5048912
5048942
5049002
5049062
5049132
5049142
5049192
5049242
5049272
5049412
5049422
5049452
5049462
5049472
5049512
5049522
5049532
5049552
5049572
5049602
5049632
5049662
5049672
5049702
5049712
5049742
5049792
5049832
5049842
5049932
5049942
5049982
5050002
5050022
5050032
5050052
5050062
5050072
5050082
5050142
5050152
5050182
5050192
5050212
5050222
5050232
5050282
5050292
5050332
5050352
5050412
5050442
5050452
5050462
5050492
5050502
5050542
5050572
5050592
5050602
5050622
5050652
5050672
5050682
5050732
5050742
5050772
5050792
5050832
5050862
5050892
5050982
5051002
5051122
5051142
5051152
5051172
5051192
5051222
5051232
5051252
5051312
5051322
5051332
5051352
5051362
5051372
5051402
5051422
5051462
5051472
5051482
5051522
5051542
5051562
5051572
5051652
5051682
5051742
5051792
5051802
5051872
5051922
5051942
5051952
5051962
5051982
5051992
5052012
5052032
5052052
5052232
5052252
5052292
5052372
5052382
5052452
5052472
5052502
5052582
5052622
5052632
5052672
5052682
5052762
5052782
5052822
5052872
5053012
5053022
5053062
5053112
5053142
5053322
5053352
5053362
5053382
5053402
5053412
5053432
5053442
5053482
5053492
5053512
5053532
5053662
5053692
5053752
5053762
5053772
5053792
5053822
5053842
5053862
5053892
5053902
5053932
5054012
5054022
5054032
5054042
5054082
5054092
5054102
5054122
5054162
5054212
5054242
5054262
5054282
5054302
5054372
5054382
5054422
5054432
5054442
5054492
5054532
5054552
5054572
5054612
5054662
5054672
5054682
5054692
5054702
5054722
5054742
5054772
5054782
5054802
5054862
5054892
5055012
5055042
5055152
5055172
5055222
5055232
5055252
5055282
5055332
5055452
5055472
5055502
5055562
5055602
5055642
5055732
5055772
5055782
5055792
5055822
5055852
5055962
5056032
5056042
5056572
5056582
5056662
5056672
5056862
5056872
5056892
5056932
5056952
5056962
5056992
5057042
5057052
5057062
5057112
5057122
5057132
5057142
5057222
5057242
5057312
5057392
5057402
5057412
5057422
5057432
5057442
5057452
5057462
5057472
5057482
5057562
5057582
5057752
5057772
5057802
5057892
5057912
5057962
5057972
5057982
5057992
5058002
5058032
5058042
5058112
5058122
5058152
5058162
5058182
5058192
5058202
5058232
5058292
5058322
5058342
5058362
5058422
5058442
5058452
5058472
5058522
5058542
5058552
5058572
5058782
5058792
5058802
5058812
5058832
5058872
5058882
5058892
5058902
5058922
5058962
5058982
5059012
5059032
5059052
5059082
5059102
5059122
5059132
5059142
5059162
5059172
5059182
5059192
5059212
5059232
5059242
5059252
5059272
5059282
5059322
5059332
5059352
5059362
5059372
5059382
5059392
5059422
5059442
5059462
5059522
5059582
5059652
5059662
5059682
5059692
5059772
5059792
5059802
5059882
5059922
5059952
5059982
5060022
5060052
5060062
5060072
5060082
5060132
5060142
5060222
5060242
5060262
5060272
5060312
5060322
5060342
5060362
5060372
5060382
5060472
5060512
5060522
5060562
5060572
5060592
5060622
5060632
5060662
5060672
5060692
5060742
5060802
5060872
5060892
5060962
5061102
5061132
5061152
5061212
5061222
5061342
5061392
5061522
5061532
5061562
5061572
5061582
5061592
5061612
5061642
5061652
5061702
5061752
5061762
5061782
5061792
5061802
5061822
5061832
5061842
5061862
5061872
5061892
5061902
5061912
5061942
5061952
5061962
5061972
5062002
5062022
5062052
5062062
5062082
5062112
5062122
5062152
5062162
5062192
5062202
5062222
5062252
5062262
5062292
5062342
5062382
5062392
5062432
5062442
5062482
5062492
5062522
5062612
5062622
5062632
5062642
5062722
5062732
5062762
5062772
5062802
5062822
5062832
5062892
5062902
5062922
5062942
5062962
5063042
5063062
5063182
5063192
5063232
5063242
5063292
5063322
5063332
5063342
5063352
5063362
5063412
5063432
5063472
5063492
5063522
5063552
5063622
5063722
5063742
5063782
5063852
5063892
5063902
5063922
5063942
5064062
5064102
5064382
5064592
5064622
5064812
5064822
5065102
5065172
5065232
5065242
5065252
5065282
5065302
5065352
5065382
5065402
5065432
5065442
5065522
5065572
5065582
5065602
5065642
5065652
5065672
5065692
5065712
5065722
5065762
5065772
5065782
5065802
5065812
5065832
5065842
5065872
5065882
5065932
5065942
5065952
5065972
5065992
5066002
5066012
5066052
5066092
5066102
5066132
5066162
5066242
5066382
5066392
5066442
5066462
5066482
5066542
5066562
5066592
5066602
5066662
5066732
5066762
5066782
5066802
5066812
5066832
5066852
5066862
5066902
5066932
5066942
5066952
5066972
5066982
5066992
5067002
5067022
5067032
5067052
5067072
5067102
5067152
5067162
5067172
5067262
5067272
5067292
5067312
5067342
5067352
5067372
5067442
5067482
5067502
5067552
5067562
5067572
5067662
5067672
5067722
5067732
5067752
5067832
5067842
5067912
5068052
5068102
5068172
5068232
5068282
5068302
5068322
5068402
5068452
5068472
5068512
5068572
5068632
5068672
5068682
5068692
5068712
5068732
5068842
5068852
5068882
5068892
5068902
5068932
5068942
5068952
5068962
5068972
5069012
5069022
5069032
5069062
5069072
5069112
5069172
5069182
5069232
5069252
5069262
5069342
5069482
5069502
5069512
5069562
5069572
5069592
5069602
5069622
5069632
5069682
5069692
5069722
5069732
5069742
5069772
5069822
5069842
5069852
5069862
5069892
5069922
5069932
5069942
5069972
5069982
5069992
5070002
5070032
5070062
5070072
5070082
5070112
5070142
5070162
5070172
5070182
5070192
5070232
5070272
5070292
5070332
5070342
5070382
5070392
5070412
5070422
5070442
5070452
5070462
5070472
5070482
5070502
5070532
5070632
5070672
5070682
5070762
5070772
5070812
5070872
5070922
5071012
5071042
5071052
5071102
5071112
5071162
5071182
5071262
5071292
5071322
5071392
5071402
5071422
5071522
5071532
5071552
5071572
5071582
5071612
5071672
5071692
5071792
5071892
5071902
5071972
5072092
5072152
5072162
5072542
5072562
5072622
5072762
5072902
5072922
5072932
5072952
5072962
5073032
5073062
5074022
5074562
5074572
5074582
5074592
5074602
5074612
5074642
5074672
5074812
5074832
5074972
5074982
5075012
5075342
5075392
5075402
5075412
5075452
5075512
5075522
5075542
5075562
5075602
5075642
5075652
5075672
5075692
5075702
5075712
5075742
5075752
5075762
5075772
5075802
5075812
5075822
5075832
5075842
5075862
5075872
5075902
5075932
5075942
5075972
5075982
5075992
5076002
5076012
5076032
5076042
5076112
5076122
5076132
5076172
5076262
5076372
5076392
5076412
5076422
5076442
5076452
5076462
5076472
5076482
5076522
5076532
5076542
5076572
5076592
5076622
5076652
5076702
5076712
5076772
5076792
5076812
5076822
5076832
5076852
5076882
5076922
5076942
5077132
5077142
5077162
5077202
5077232
5077252
5077332
5077382
5077392
5077402
5077432
5077442
5077452
5077492
5077562
5077572
5077612
5077722
5077732
5077742
5077752
5077762
5077772
5077792
5077812
5077832
5077892
5077922
5077942
5077952
5077962
5077982
5078022
5078032
5078092
5078102
5078132
5078172
5078302
5078312
5078332
5078362
5078472
5078492
5078512
5078522
5078542
5078582
5078652
5078722
5078802
5078822
5078892
5078912
5078922
5078932
5078942
5078952
5079052
5079062
5079072
5079102
5079122
5079162
5079172
5079182
5079332
5079352
5079392
5079412
5079462
5079502
5079592
5079612
5079632
5079752
5079832
5079912
5079932
5080022
5080032
5080062
5080072
5080082
5080122
5080152
5080162
5080172
5080182
5080192
5080212
5080222
5080232
5080252
5080272
5080302
5080322
5080332
5080352
5080362
5080372
5080382
5080402
5080412
5080422
5080432
5080452
5080582
5080592
5080612
5080642
5080672
5080682
5080702
5080712
5080722
5080732
5080742
5080752
5080772
5080782
5080792
5080822
5080872
5080882
5080892
5080902
5080912
5080932
5080942
5080952
5080992
5081002
5081042
5081082
5081092
5081142
5081152
5081182
5081192
5081202
5081222
5081232
5081252
5081262
5081272
5081312
5081342
5081352
5081362
5081372
5081392
5081402
5081422
5081432
5081442
5081472
5081522
5081542
5081562
5081572
5081592
5081602
5081622
5081632
5081652
5081672
5081682
5081702
5081712
5081722
5081732
5081742
5081762
5081772
5081782
5081792
5081802
5081812
5081892
5081952
5081962
5081972
5081982
5082022
5082042
5082052
5082062
5082102
5082112
5082122
5082132
5082142
5082202
5082212
5082222
5082232
5082242
5082252
5082292
5082302
5082322
5082332
5082352
5082362
5082382
5082402
5082462
5082492
5082502
5082562
5082582
5082632
5082692
5082742
5082802
5082822
5082842
5082872
5082902
5082912
5082932
5082982
5083012
5083022
5083072
5083092
5083102
5083112
5083122
5083152
5083162
5083202
5083242
5083252
5083262
5083292
5083302
5083322
5083332
5083352
5083362
5083382
5083392
5083402
5083442
5083462
5083472
5083502
5083512
5083532
5083552
5083562
5083582
5083602
5083622
5083632
5083642
5083662
5083682
5083692
5083722
5083732
5083752
5083762
5083772
5083812
5083832
5083872
5083892
5083902
5083922
5083932
5083972
5083982
5084042
5084052
5084062
5084072
5084082
5084092
5084152
5084172
5084202
5084232
5084242
5084252
5084262
5084272
5084302
5084312
5084332
5084342
5084352
5084392
5084432
5084452
5084482
5084512
5084532
5084552
5084602
5084682
5084702
5084712
5084742
5084752
5084822
5084862
5084892
5084912
5084922
5084942
5084992
5085042
5085052
5085062
5085082
5085112
5085142
5085152
5085162
5085192
5085202
5085222
5085262
5085272
5085282
5085312
5085342
5085462
5085472
5085482
5085542
5085582
5085622
5085652
5085662
5085702
5085732
5085752
5085772
5085782
5085792
5085812
5085842
5085852
5085912
5085922
5085942
5085962
5085972
5085982
5086002
5086032
5086132
5086142
5086152
5086182
5086192
5086202
5086232
5086242
5086292
5086392
5086422
5086432
5086442
5086452
5086472
5086542
5086552
5086592
5086602
5086622
5086662
5086682
5086702
5086732
5086762
5086792
5086812
5086822
5086842
5086852
5086872
5086882
5086892
5086912
5086932
5086982
5086992
5087012
5087022
5087042
5087102
5087112
5087142
5087192
5087222
5087242
5087342
5087362
5087392
5087422
5087442
5087472
5087602
5087612
5087622
5087652
5087682
5087702
5087712
5087722
5087752
5087762
5087772
5087782
5087792
5087812
5087842
5087882
5088162
5088232
5088242
5088252
5088262
5088272
5088282
5088332
5088342
5088352
5088362
5088372
5088412
5088542
5088612
5088632
5088652
5088702
5088722
5088762
5088812
5088822
5088872
5088882
5088912
5088922
5088932
5088962
5088972
5088982
5089112
5089142
5089152
5089222
5089232
5089252
5089262
5089342
5089392
5089442
5089462
5089472
5089522
5089552
5089612
5089632
5089652
5089712
5089722
5089752
5089772
5089782
5089822
5089852
5089862
5089872
5089882
5089912
5089922
5089972
5089982
5090002
5090012
5090022
5090032
5090092
5090122
5090132
5090152
5090162
5090172
5090182
5090202
5090212
5090232
5090252
5090302
5090322
5090332
5090352
5090362
5090372
5090392
5090402
5090412
5090422
5090442
5090472
5090482
5090502
5090522
5090532
5090552
5090562
5090582
5090592
5090612
5090632
5090652
5090662
5090692
5090702
5090732
5090742
5090752
5090782
5090802
5090812
5090832
5090862
5090872
5090912
5090932
5090942
5090952
5090962
5090982
5090992
5091012
5091042
5091052
5091062
5091072
5091102
5091122
5091142
5091182
5091192
5091212
5091222
5091232
5091252
5091302
5091342
5091402
5091412
5091422
5091432
5091442
5091472
5091502
5091522
5091562
5091572
5091602
5091622
5091632
5091642
5091682
5091722
5091762
5091792
5091832
5091842
5091852
5091912
5092012
5092022
5092032
5092052
5092062
5092102
5092122
5092172
5092182
5092202
5092222
5092232
5092252
5092262
5092272
5092312
5092322
5092342
5092382
5092392
5092412
5092422
5092432
5092442
5092452
5092482
5092492
5092582
5092622
5092672
5092692
5092712
5092732
5092742
5092752
5092772
5092792
5092802
5092812
5092832
5092842
5092852
5092862
5092872
5092892
5092922
5092932
5092942
5092962
5092972
5092982
5093002
5093012
5093022
5093042
5093062
5093072
5093092
5093102
5093122
5093132
5093152
5093172
5093182
5093192
5093222
5093282
5093372
5093382
5093392
5093432
5093482
5093502
5093522
5093532
5093562
5093602
5093632
5093732
5093772
5093782
5093812
5093862
5093922
5093932
5093942
5094022
5094082
5094112
5094152
5094162
5094232
5094252
5094412
5094472
5094502
5094532
5094662
5094722
5094922
5095032
5095042
5095062
5095072
5095102
5095132
5095152
5095242
5095332
5095342
5095352
5095362
5095372
5095422
5095442
5095462
5095472
5095502
5095532
5095542
5095552
5095642
5095682
5095742
5095862
5095872
5095882
5095952
5095982
5096032
5096042
5096072
5096152
5096162
5096182
5096202
5096232
5096242
5096252
5096322
5096392
5096482
5096512
5096542
5096562
5096632
5096692
5096702
5096712
5096752
5096772
5096782
5096792
5096812
5096862
5096882
5096892
5096902
5096912
5096952
5096992
5097022
5097032
5097042
5097062
5097072
5097082
5097092
5097122
5097182
5097192
5097222
5097242
5097252
5097262
5097292
5097342
5097362
5097382
5097412
5097422
5097462
5097472
5097512
5097532
5097542
5097562
5097572
5097582
5097592
5097602
5097612
5097622
5097662
5097672
5097682
5097692
5097702
5097722
5097732
5097742
5097752
5097762
5097782
5097852
5097862
5097922
5097952
5097972
5097992
5098002
5098052
5098062
5098082
5098112
5098142
5098172
5098192
5098222
5098262
5098272
5098352
5098452
5098472
5098512
5098562
5098602
5098642
5098672
5098682
5098762
5098772
5098822
5098852
5098872
5098912
5098922
5098932
5098952
5098962
5099062
5099072
5099122
5099182
5099192
5099222
5099242
5099262
5099312
5099322
5099332
5099372
5099422
5099462
5099482
5099512
5099522
5099552
5099632
5099652
5099662
5099722
5099732
5099742
5099772
5099802
5099812
5099832
5099862
5099882
5099912
5099922
5099932
5099942
5099972
5099992
5100092
5100112
5100122
5100162
5100232
5100242
5100252
5100372
5100422
5100432
5100442
5100462
5100502
5100512
5100532
5100542
5100552
5100572
5100582
5100602
5100622
5100672
5100682
5100702
5100722
5100762
5100772
5100782
5100802
5100812
5100822
5100842
5100912
5100932
5101012
5101032
5101042
5101052
5101072
5101092
5101102
5101122
5101142
5101192
5101212
5101232
5101242
5101262
5101282
5101292
5101312
5101322
5101332
5101372
5101412
5101462
5101472
5101482
5101492
5101582
5101642
5101662
5101672
5101682
5101742
5101752
5101762
5101772
5101822
5101842
5101912
5101922
5101932
5101942
5101962
5101982
5101992
5102022
5102052
5102072
5102102
5102132
5102152
5102212
5102222
5102232
5102242
5102292
5102352
5102412
5102422
5102482
5102492
5102502
5102532
5102552
5102562
5102612
5102622
5102632
5102652
5102662
5102772
5102782
5102792
5102812
5102852
5102862
5102882
5102972
5103042
5103232
5103262
5103352
5103372
5103392
5103422
5103442
5103452
5103492
5103502
5103512
5103562
5103602
5103612
5103622
5103652
5103692
5103702
5103712
5103792
5103802
5103902
5103962
5103972
5103982
5103992
5104012
5104052
5104092
5104102
5104112
5104122
5104132
5104142
5104152
5104162
5104172
5104182
5104192
5104202
5104212
5104262
5104292
5104302
5104312
5104322
5104352
5104442
5104452
5104462
5104482
5104492
5104502
5104522
5104532
5104592
5104602
5104622
5104632
5104642
5104662
5104702
5104732
5104742
5104752
5104762
5104792
5104832
5104852
5104862
5104872
5104882
5104922
5104952
5104962
5104972
5104982
5105002
5105032
5105042
5105052
5105062
5105072
5105152
5105202
5105232
5105242
5105252
5105272
5105282
5105312
5105322
5105392
5105412
5105432
5105442
5105452
5105462
5105482
5105502
5105512
5105532
5105542
5105552
5105562
5105572
5105602
5105622
5105632
5105642
5105652
5105672
5105682
5105692
5105702
5105712
5105732
5105912
5105982
5106022
5106062
5106082
5106112
5106132
5106142
5106152
5106172
5106202
5106242
5106252
5106282
5106292
5106302
5106312
5106332
5106342
5106382
5106402
5106452
5106472
5106522
5106532
5106582
5106632
5106652
5106662
5106672
5106682
5106732
5106772
5106792
5106812
5106822
5106842
5106872
5106902
5106932
5106942
5106982
5107002
5107052
5107072
5107102
5107112
5107202
5107212
5107252
5107302
5107322
5107362
5107372
5107402
5107412
5107442
5107462
5107482
5107552
5107672
5107752
5107762
5107782
5107802
5107822
5107882
5107892
5107922
5107932
5107952
5107972
5107982
5108022
5108052
5108132
5108152
5108172
5108182
5108202
5108212
5108242
5108302
5108412
5108432
5108512
5108522
5108532
5108542
5108582
5108592
5108642
5108662
5108692
5108722
5108732
5108742
5108772
5108802
5108812
5108842
5108872
5108892
5108952
5109002
5109012
5109022
5109042
5109072
5109082
5109092
5109122
5109132
5109242
5109262
5109292
5109372
5109382
5109532
5109592
5109602
5109612
5109642
5109702
5109722
5109732
5109792
5109802
5109822
5109832
5109842
5109932
5109942
5109982
5110022
5110032
5110162
5110182
5110192
5110202
5110242
5110392
5110402
5110412
5110442
5110502
5110512
5110522
5110552
5110562
5110582
5110602
5110612
5110632
5110652
5110662
5110782
5110802
5110892
5110942
5110982
5110992
5111002
5111012
5111072
5111112
5111142
5111172
5111252
5111312
5111322
5111332
5111352
5111372
5111402
5111412
5111482
5111542
5111562
5111582
5111602
5111642
5111662
5111702
5111722
5111742
5111782
5111802
5111812
5111822
5111842
5111882
5111892
5111902
5111962
5111972
5111982
5111992
5112012
5112042
5112052
5112062
5112072
5112082
5112102
5112112
5112142
5112152
5112172
5112182
5112192
5112212
5112222
5112242
5112252
5112272
5112282
5112302
5112312
5112322
5112342
5112352
5112372
5112382
5112392
5112442
5112462
5112492
5112522
5112542
5112562
5112592
5112612
5112662
5112672
5112682
5112692
5112712
5112722
5112742
5112762
5112782
5112832
5112872
5112882
5112892
5112902
5112912
5112962
5112972
5112982
5113032
5113062
5113082
5113102
5113112
5113122
5113172
5113222
5113242
5113272
5113292
5113302
5113322
5113342
5113382
5113402
5113432
5113472
5113572
5113602
5113632
5113662
5113672
5113682
5113722
5113732
5113742
5113752
5113782
5113792
5113802
5113832
5113842
5113852
5113862
5113872
5113882
5113902
5113922
5113932
5113942
5114002
5114032
5114042
5114052
5114072
5114122
5114142
5114172
5114212
5114232
5114242
5114272
5114282
5114302
5114322
5114352
5114372
5114432
5114442
5114462
5114482
5114602
5114632
5114652
5114662
5114672
5114712
5114722
5114742
5114772
5114802
5114902
5114922
5114942
5114972
5114992
5115012
5115022
5115042
5115052
5115072
5115082
5115092
5115122
5115132
5115142
5115192
5115212
5115222
5115232
5115242
5115252
5115262
5115292
5115342
5115362
5115372
5115402
5115412
5115422
5115432
5115442
5115462
5115472
5115482
5115492
5115502
5115552
5115592
5115612
5115622
5115662
5115692
5115772
5115792
5115802
5115812
5115832
5115842
5115852
5115862
5115902
5115922
5115932
5115942
5115962
5116002
5116012
5116152
5116172
5116192
5116202
5116212
5116242
5116302
5116312
5116322
5116332
5116342
5116352
5116382
5116392
5116402
5116422
5116432
5116442
5116462
5116472
5116482
5116502
5116512
5116522
5116542
5116552
5116562
5116572
5116582
5116592
5116602
5116612
5116622
5116632
5116642
5116652
5116662
5116672
5116682
5116692
5116702
5116712
5116722
5116732
5116742
5116762
5116772
5116782
5116792
5116802
5116812
5116822
5116832
5116842
5116852
5116862
5116872
5116882
5116892
5116912
5116982
5116992
5117042
5117052
5117132
5117222
5117252
5117282
5117302
5117322
5117362
5117372
5117382
5117612
5117652
5117712
5117802
5117942
5118012
5118022
5118032
5118052
5118082
5118092
5118112
5118142
5118162
5118172
5118252
5118302
5118332
5118402
5118482
5118552
5118582
5118602
5118682
5118702
5118802
5118832
5118842
5118862
5118932
5118972
5118982
5119042
5119052
5119072
5119152
5119202
5119252
5119282
5119292
5119312
5119322
5119342
5119352
5119402
5119432
5119472
5119492
5119622
5119632
5119682
5119712
5119722
5119752
5119782
5119922
5119932
5119942
5119972
5120012
5120062
5120072
5120132
5120172
5120182
5120222
5120232
5120242
5120262
5120272
5120312
5120322
5120412
5120432
5120472
5120482
5120542
5120572
5120602
5120622
5120672
5120712
5120722
5120762
5120782
5120802
5120832
5120842
5120862
5120872
5120892
5120922
5120932
5120942
5121012
5121062
5121072
5121082
5121112
5121132
5121182
5121242
5121252
5121272
5121302
5121322
5121342
5121352
5121372
5121382
5121402
5121412
5121432
5121452
5121482
5121512
5121532
5121602
5121662
5121682
5121742
5121802
5121832
5121842
5121862
5121872
5121902
5121912
5121932
5121952
5121962
5121992
5122022
5122042
5122092
5122142
5122152
5122162
5122242
5122252
5122302
5122322
5122332
5122342
5122352
5122392
5122402
5122412
5122442
5122462
5122492
5122502
5122532
5122562
5122572
5122582
5122592
5122602
5122612
5122622
5122632
5122642
5122652
5122662
5122672
5122682
5122692
5122702
5122722
5122732
5122752
5122772
5122842
5122892
5122922
5122932
5122992
5123422
5123512
5123522
5123542
5123552
5123572
5123582
5123592
5123612
5123802
5123812
5123842
5123852
5123862
5123882
5123892
5123912
5123932
5123942
5123952
5124002
5124022
5124102
5124112
5124152
5124172
5124192
5124232
5124282
5124292
5124312
5124372
5124402
5124452
5124532
5124542
5124562
5124582
5124592
5124612
5124632
5124672
5124692
5124722
5124732
5124772
5124812
5124822
5124852
5124892
5124912
5124962
5124982
5125062
5125082
5125092
5125102
5125122
5125132
5125172
5125202
5125242
5125252
5125262
5125322
5125332
5125382
5125402
5125412
5125472
5125492
5125512
5125582
5125622
5125662
5125682
5125702
5125772
5125782
5125812
5125842
5125852
5125872
5125892
5125912
5125932
5125992
5126002
5126012
5126022
5126052
5126072
5126082
5126092
5126162
5126192
5126202
5126232
5126262
5126282
5126312
5126352
5126362
5126372
5126392
5126482
5126492
5126502
5126562
5126572
5126582
5126602
5126612
5126632
5126642
5126672
5126742
5126752
5126842
5126852
5126882
5126912
5126922
5126972
5127022
5127052
5127062
5127082
5127092
5127102
5127122
5127152
5127202
5127212
5127242
5127272
5127332
5127422
5127572
5127642
5127652
5127692
5127722
5127752
5127772
5127792
5127812
5127832
5127852
5127862
5127912
5127952
5128022
5128042
5128082
5128132
5128162
5128252
5128302
5128382
5128402
5128412
5128422
5128472
5128552
5128562
5128572
5128602
5128622
5128632
5128642
5128682
5128692
5128712
5128742
5128772
5128792
5128832
5128842
5128852
5128862
5128902
5128912
5128942
5128952
5128982
5129002
5129032
5129052
5129102
5129302
5129382
5129472
5129582
5129592
5129642
5129662
5129692
5129712
5129722
5129792
5129812
5129862
5129902
5129922
5129932
5129982
5130062
5130072
5130082
5130092
5130102
5130122
5130132
5130142
5130152
5130222
5130232
5130242
5130252
5130262
5130272
5130292
5130302
5130352
5130402
5130412
5130422
5130442
5130452
5130462
5130482
5130492
5130522
5130532
5130542
5130552
5130562
5130572
5130582
5130602
5130622
5130632
5130652
5130672
5130692
5130712
5130722
5130732
5130742
5130772
5130792
5130812
5130822
5130832
5130852
5130872
5130912
5130922
5130962
5130972
5131012
5131022
5131032
5131042
5131052
5131082
5131132
5131172
5131212
5131222
5131242
5131252
5131262
5131272
5131282
5131302
5131312
5131322
5131332
5131352
5131362
5131372
5131382
5131402
5131422
5131432
5131442
5131472
5131482
5131492
5131502
5131532
5131542
5131552
5131562
5131572
5131582
5131592
5131602
5131612
5131692
5131762
5131772
5131812
5131982
5132032
5132102
5132122
5132172
5132192
5132252
5132292
5132312
5132332
5132342
5132402
5132432
5132442
5132452
5132462
5132472
5132482
5132522
5132562
5132572
5132582
5132602
5132612
5132652
5132742
5132752
5132762
5132772
5132782
5132802
5132812
5132822
5132842
5132862
5132872
5132882
5132912
5132922
5132932
5132952
5132962
5133012
5133022
5133032
5133042
5133062
5133072
5133132
5133142
5133192
5133202
5133222
5133232
5133302
5133332
5133352
5133372
5133392
5133432
5133492
5133502
5133522
5133532
5133562
5133582
5133602
5133612
5133652
5133672
5133722
5133732
5133752
5133802
5133822
5133842
5133852
5133872
5133902
5133932
5133942
5133952
5133972
5133982
5133992
5134002
5134012
5134022
5134032
5134042
5134062
5134072
5134092
5134112
5134122
5134132
5134142
5134152
5134172
5134192
5134202
5134212
5134222
5134232
5134252
5134262
5134272
5134282
5134292
5134302
5134322
5134332
5134342
5134352
5134372
5134382
5134402
5134412
5134422
5134442
5134452
5134462
5134472
5134482
5134502
5134512
5134532
5134542
5134552
5134562
5134572
5134582
5134592
5134612
5134622
5134632
5134642
5134652
5134662
5134672
5134682
5134692
5134722
5134742
5134752
5134792
5134802
5134812
5134822
5134842
5134862
5134872
5134882
5134892
5134912
5134922
5134932
5134942
5134952
5134962
5134972
5134982
5134992
5135032
5135042
5135052
5135062
5135082
5135102
5135122
5135132
5135152
5135172
5135182
5135212
5135232
5135242
5135272
5135282
5135302
5135312
5135322
5135342
5135352
5135372
5135402
5135412
5135442
5135462
5135492
5135502
5135532
5135572
5135622
5135632
5135642
5135652
5135662
5135672
5135692
5135712
5135722
5135742
5135752
5135782
5135792
5135822
5135852
5135902
5135932
5135952
5135992
5136002
5136022
5136032
5136042
5136072
5136102
5136142
5136152
5136162
5136192
5136202
5136232
5136242
5136252
5136292
5136312
5136342
5136352
5136372
5136382
5136402
5136412
5136422
5136432
5136442
5136452
5136472
5136492
5136512
5136532
5136542
5136572
5136602
5136612
5136642
5136652
5136662
5136672
5136692
5136722
5136752
5136772
5136822
5136842
5136852
5136872
5136922
5136932
5137022
5137102
5137132
5137142
5137192
5137212
5137282
5137312
5137322
5137342
5137362
5137432
5137442
5137452
5137472
5137482
5137492
5137502
5137522
5137562
5137582
5137612
5137652
5137672
5137702
5137712
5137792
5137802
5137882
5137902
5137912
5137922
5138012
5138022
5138052
5138062
5138112
5138122
5138142
5138152
5138162
5138172
5138202
5138212
5138222
5138262
5138272
5138422
5138502
5138512
5138542
5138572
5138582
5138602
5138612
5138652
5138672
5138682
5138692
5138702
5138712
5138742
5138792
5138802
5138822
5138832
5138852
5138882
5138892
5138902
5138922
5138932
5138952
5138962
5138972
5138982
5138992
5139002
5139022
5139032
5139182
5139252
5139432
5139512
5139552
5139562
5139572
5139592
5139682
5139692
5139702
5139712
5139722
5139732
5139742
5139752
5139762
5139792
5139842
5139862
5139962
5139972
5140002
5140112
5140142
5140202
5140252
5140272
5140302
5140312
5140322
5140332
5140342
5140352
5140372
5140402
5140482
5140502
5140522
5140582
5140592
5140602
5140622
5140632
5140642
5140682
5140702
5140712
5140772
5140812
5140832
5140842
5140852
5140862
5140872
5140882
5140892
5140922
5140932
5140992
5141022
5141052
5141152
5141182
5141202
5141212
5141282
5141292
5141302
5141312
5141322
5141332
5141352
5141382
5141392
5141402
5141422
5141452
5141462
5141472
5141492
5141502
5141512
5141522
5141542
5141622
5141662
5141672
5141682
5141722
5141752
5141762
5141772
5141792
5141832
5141852
5141882
5141892
5141902
5141922
5141962
5141982
5141992
5142012
5142042
5142102
5142112
5142152
5142192
5142212
5142272
5142282
5142332
5142372
5142392
5142452
5142502
5142522
5142532
5142552
5142592
5142622
5142632
5142642
5142652
5142672
5142682
5142692
5142782
5142792
5142822
5142832
5142842
5142852
5142872
5142882
5142902
5142912
5142942
5142962
5142972
5143022
5143052
5143082
5143092
5143102
5143122
5143142
5143152
5143172
5143212
5143232
5143242
5143252
5143272
5143292
5143342
5143352
5143362
5143382
5143412
5143422
5143442
5143502
5143542
5143662
5143672
5143692
5143712
5143732
5143772
5143792
5143832
5143852
5143862
5143872
5143892
5143922
5143932
5143952
5144112
5144122
5144152
5144192
5144202
5144262
5144282
5144352
5144362
5144402
5144442
5144482
5144512
5144592
5144612
5144622
5144632
5144662
5144702
5144712
5144722
5144752
5144762
5144792
5144802
5144812
5144832
5144892
5144922
5144962
5144982
5145052
5145072
5145082
5145112
5145122
5145162
5145172
5145182
5145202
5145212
5145242
5145262
5145272
5145302
5145312
5145322
5145332
5145362
5145372
5145382
5145402
5145432
5145442
5145462
5145512
5145522
5145552
5145572
5145632
5145642
5145762
5145782
5145832
5145892
5145942
5145962
5145992
5146012
5146022
5146042
5146062
5146102
5146162
5146172
5146192
5146202
5146262
5146342
5146412
5146482
5146492
5146502
5146522
5146542
5146572
5146582
5146672
5146732
5146752
5146822
5146832
5146852
5146862
5146892
5146922
5146932
5146972
5147002
5147032
5147062
5147142
5147212
5147222
5147262
5147272
5147282
5147302
5147322
5147332
5147362
5147372
5147422
5147472
5147592
5147622
5147632
5147702
5147722
5147732
5147752
5147772
5147862
5147962
5147982
5147992
5148022
5148052
5148072
5148102
5148192
5148232
5148332
5148352
5148392
5148462
5148502
5148512
5148572
5148632
5148692
5148842
5148852
5148892
5148952
5149012
5149022
5149032
5149052
5149062
5149072
5149082
5149092
5149112
5149122
5149152
5149162
5149172
5149202
5149212
5149222
5149232
5149242
5149262
5149272
5149282
5149302
5149322
5149332
5149342
5149352
5149362
5149372
5149382
5149392
5149412
5149422
5149442
5149472
5149522
5149572
5149592
5149602
5149612
5149632
5149702
5149712
5149722
5149742
5149752
5149762
5149772
5149782
5149812
5149822
5149842
5149852
5149912
5149942
5149952
5149982
5150072
5150112
5150122
5150132
5150142
5150162
5150172
5150232
5150272
5150302
5150342
5150372
5150412
5150432
5150442
5150452
5150462
5150482
5150492
5150502
5150512
5150532
5150542
5150552
5150562
5150572
5150612
5150632
5150642
5150662
5150672
5150682
5150702
5150722
5150732
5150772
5150782
5150792
5150802
5150812
5150822
5150832
5150852
5150872
5150882
5150902
5150922
5150932
5150942
5150952
5150962
5150982
5151002
5151062
5151102
5151192
5151202
5151272
5151342
5151362
5151392
5151422
5151462
5151482
5151492
5151522
5151532
5151542
5151552
5151582
5151592
5151612
5151632
5151732
5151762
5151782
5151802
5151812
5151822
5151852
5151862
5151892
5151912
5151942
5151962
5151982
5152002
5152082
5152122
5152212
5152242
5152252
5152302
5152322
5152332
5152362
5152402
5152412
5152482
5152502
5152512
5152532
5152572
5152592
5152642
5152662
5152672
5152692
5152702
5152742
5152772
5152822
5152982
5153002
5153022
5153042
5153052
5153072
5153092
5153102
5153142
5153152
5153212
5153222
5153242
5153282
5153342
5153352
5153542
5153572
5153582
5153642
5153742
5153772
5153802
5153832
5153952
5154002
5154172
5154502
5154522
5154582
5154592
5154612
5154642
5154742
5154752
5154852
5154872
5154992
5155002
5155032
5155042
5155052
5155062
5155072
5155172
5155182
5155192
5155212
5155242
5155252
5155332
5155392
5155412
5155502
5155552
5155582
5155592
5155632
5155662
5155682
5155702
5155842
5155882
5155912
5155932
5155962
5155972
5155992
5156012
5156052
5156082
5156092
5156102
5156142
5156262
5156302
5156362
5156402
5156442
5156502
5156632
5156662
5156682
5156742
5156772
5156792
5156802
5156842
5156922
5157062
5157072
5157092
5157152
5157202
5157212
5157232
5157272
5157282
5157332
5157472
5157492
5157552
5157622
5157642
5157652
5157662
5157672
5157692
5157712
5157722
5157752
5157782
5157822
5157832
5157842
5157892
5158012
5158122
5158132
5158212
5158292
5158372
5158392
5158412
5158422
5158432
5158442
5158452
5158482
5158522
5158582
5158592
5158612
5158632
5158652
5158672
5158702
5158712
5158722
5158732
5158742
5158762
5158772
5158792
5158862
5158882
5158922
5158952
5158962
5159012
5159092
5159122
5159142
5159182
5159202
5159212
5159232
5159242
5159252
5159262
5159272
5159302
5159312
5159322
5159332
5159352
5159362
5159372
5159392
5159402
5159412
5159422
5159432
5159452
5159622
5159632
5159692
5159742
5159752
5159852
5159892
5159902
5160042
5160112
5160142
5160152
5160202
5160242
5160352
5160402
5160472
5160572
5160612
5160622
5160632
5160652
5160662
5160682
5160702
5160722
5160732
5160762
5160802
5160882
5160902
5160912
5160952
5160992
5161012
5161042
5161062
5161192
5161232
5161252
5161282
5161312
5161322
5161332
5161352
5161372
5161402
5161452
5161472
5161502
5161522
5161582
5161702
5161752
5161772
5161822
5161862
5161872
5161902
5161912
5161932
5161942
5161952
5161962
5161982
5161992
5162022
5162032
5162042
5162052
5162162
5162432
5162462
5162512
5162532
5162542
5162562
5162632
5162692
5162702
5162732
5162742
5162752
5162792
5162812
5162842
5162882
5162892
5162932
5163042
5163062
5163072
5163082
5163112
5163122
5163132
5163142
5163172
5163192
5163222
5163232
5163242
5163292
5163362
5163372
5163382
5163392
5163432
5163462
5163482
5163502
5163512
5163542
5163692
5163722
5163732
5163742
5163752
5163762
5163782
5163792
5163842
5163862
5163882
5163892
5163902
5163912
5163932
5163962
5163982
5163992
5164012
5164022
5164062
5164112
5164152
5164192
5164232
5164242
5164252
5164272
5164302
5164312
5164322
5164332
5164362
5164402
5164442
5164452
5164462
5164472
5164482
5164492
5164502
5164512
5164522
5164552
5164562
5164572
5164592
5164622
5164672
5164702
5164722
5164742
5164762
5164772
5164832
5164862
5164882
5164932
5164962
5164982
5165012
5165102
5165112
5165142
5165172
5165232
5165242
5165252
5165342
5165352
5165362
5165372
5165402
5165442
5165462
5165472
5165522
5165562
5165612
5165682
5165722
5165742
5165772
5165812
5165822
5165882
5165892
5166042
5166132
5166202
5166232
5166252
5166282
5166292
5166342
5166382
5166392
5166412
5166432
5166472
5166512
5166532
5166542
5166622
5166632
5166642
5166652
5166662
5166672
5166692
5166722
5166772
5166802
5166882
5166892
5166922
5166932
5166952
5166982
5167032
5167042
5167062
5167182
5167212
5167222
5167262
5167282
5167292
5167322
5167342
5167362
5167372
5167382
5167392
5167402
5167412
5167422
5167432
5167442
5167462
5167472
5167512
5167572
5167582
5167602
5167612
5167622
5167632
5167642
5167652
5167672
5167682
5167692
5167702
5167712
5167742
5167752
5167762
5167772
5167802
5167812
5167832
5167842
5167872
5167882
5167892
5167902
5167912
5167952
5167992
5168002
5168012
5168022
5168032
5168042
5168062
5168072
5168082
5168092
5168102
5168112
5168122
5168142
5168162
5168172
5168182
5168192
5168202
5168252
5168272
5168292
5168302
5168342
5168362
5168372
5168392
5168402
5168452
5168502
5168522
5168532
5168552
5168562
5168572
5168582
5168602
5168622
5168632
5168642
5168662
5168672
5168692
5168702
5168712
5168762
5168772
5168822
5168842
5168872
5168882
5168902
5168942
5168962
5168972
5169002
5169022
5169032
5169082
5169092
5169142
5169212
5169282
5169312
5169322
5169372
5169382
5169402
5169462
5169482
5169492
5169502
5169512
5169522
5169532
5169562
5169602
5169622
5169652
5169672
5169692
5169792
5169822
5169932
5169952
5169962
5170002
5170022
5170032
5170052
5170092
5170112
5170192
5170202
5170232
5170242
5170262
5170272
5170372
5170382
5170432
5170472
5170492
5170502
5170552
5170562
5170612
5170632
5170642
5170682
5170702
5170712
5170762
5170782
5170822
5170832
5170892
5170912
5170922
5170962
5170972
5170982
5171042
5171072
5171082
5171112
5171172
5171192
5171212
5171222
5171232
5171262
5171282
5171292
5171302
5171312
5171342
5171382
5171392
5171412
5171442
5171492
5171542
5171552
5171562
5171572
5171622
5171642
5171662
5171692
5171702
5171712
5171722
5171732
5171742
5171842
5171852
5171922
5171992
5172032
5172062
5172152
5172192
5172322
5172362
5172432
5172512
5172522
5172572
5172582
5172602
5172682
5172692
5172762
5172822
5172892
5172912
5172922
5172942
5172982
5172992
5173022
5173052
5173072
5173082
5173092
5173122
5173172
5173182
5173192
5173212
5173252
5173292
5173302
5173332
5173342
5173352
5173372
5173392
5173402
5173412
5173422
5173442
5173452
5173482
5173492
5173502
5173522
5173542
5173552
5173562
5173582
5173592
5173602
5173612
5173622
5173632
5173652
5173672
5173682
5173702
5173712
5173722
5173732
5173742
5173762
5173772
5173782
5173802
5173812
5173822
5173832
5173842
5173852
5173862
5173872
5173882
5173892
5173902
5173912
5173922
5173932
5173942
5173962
5173972
5173982
5173992
5174002
5174032
5174062
5174092
5174242
5174302
5174342
5174352
5174382
5174432
5174462
5174472
5174502
5174542
5174552
5174562
5174572
5174582
5174592
5174602
5174612
5174632
5174642
5174662
5174672
5174762
5174772
5174782
5174792
5174802
5174812
5174822
5174832
5174842
5174882
5174892
5174902
5174912
5174922
5174932
5174952
5174972
5174982
5175002
5175022
5175052
5175062
5175072
5175102
5175112
5175132
5175152
5175192
5175202
5175212
5175252
5175282
5175302
5175332
5175382
5175432
5175472
5175492
5175522
5175542
5175582
5175602
5175622
5175642
5175682
5175702
5175722
5175752
5175792
5175802
5175812
5175822
5175832
5175852
5175862
5175882
5175892
5175942
5175992
5176012
5176042
5176072
5176162
5176232
5176242
5176252
5176262
5176272
5176282
5176342
5176372
5176412
5176432
5176462
5176482
5176502
5176532
5176552
5176562
5176592
5176622
5176632
5176722
5176752
5176762
5176782
5176792
5176812
5176852
5176862
5176902
5176922
5176932
5176942
5176962
5176972
5177012
5177032
5177042
5177082
5177112
5177182
5177202
5177262
5177282
5177302
5177332
5177372
5177412
5177442
5177542
5177582
5177612
5177712
5177762
5177852
5177862
5177902
5177912
5178022
5178042
5178062
5178072
5178112
5178142
5178212
5178282
5178312
5178352
5178372
5178432
5178452
5178502
5178572
5178642
5178662
5178692
5178712
5178722
5178802
5178812
5178842
5178882
5178912
5178992
5179052
5179062
5179082
5179112
5179132
5179152
5179162
5179192
5179212
5179232
5179242
5179252
5179262
5179272
5179292
5179322
5179332
5179342
5179362
5179382
5179392
5179402
5179462
5179522
5179562
5179582
5179642
5179652
5179672
5179682
5179692
5179732
5179742
5179772
5179842
5179852
5179872
5179882
5179892
5179922
5179992
5180022
5180102
5180272
5180302
5180322
5180342
5180372
5180432
5180442
5180492
5180522
5180532
5180572
5180592
5180612
5180622
5180642
5180692
5180752
5180772
5180812
5180882
5180892
5180972
5181022
5181052
5181082
5181092
5181102
5181132
5181162
5181212
5181222
5181302
5181332
5181452
5181512
5181572
5181682
5181912
5182052
5182132
5182152
5182172
5182182
5182222
5182252
5182322
5182332
5182352
5182382
5182402
5182442
5182462
5182472
5182492
5182502
5182512
5182522
5182532
5182552
5182582
5182592
5182612
5182662
5182712
5182752
5182762
5182772
5182782
5182792
5182802
5182812
5182822
5182832
5182842
5182852
5182892
5182912
5182932
5182952
5182972
5182982
5183022
5183072
5183202
5183282
5183312
5183322
5183332
5183402
5183442
5183592
5183622
5183652
5183842
5183992
5184012
5184102
5184122
5184132
5184152
5184162
5184182
5184192
5184292
5184302
5184322
5184662
5184862
5185322
5185332
5185362
5185392
5185402
5185552
5185592
5185602
5185632
5185642
5185662
5185672
5185682
5185732
5185752
5185772
5185782
5185792
5185812
5185822
5185872
5185882
5185892
5185902
5185922
5185932
5185972
5185982
5185992
5186002
5186082
5186092
5186102
5186122
5186142
5186152
5186172
5186182
5186192
5186202
5186222
5186272
5186312
5186322
5186342
5186392
5186402
5186412
5186422
5186462
5186472
5186512
5186522
5186532
5186572
5186622
5186642
5186672
5186702
5186712
5186742
5186772
5186802
5186882
5186922
5186972
5186982
5186992
5187012
5187052
5187062
5187072
5187092
5187112
5187132
5187142
5187152
5187172
5187192
5187262
5187292
5187302
5187312
5187322
5187372
5187392
5187422
5187642
5187852
5187872
5187892
5187912
5187932
5187942
5187952
5187962
5188022
5188112
5188122
5188132
5188142
5188152
5188162
5188202
5188212
5188232
5188242
5188262
5188322
5188442
5188462
5188502
5188532
5188552
5188592
5188632
5188652
5188662
5188712
5188762
5188792
5188822
5188832
5188892
5188922
5189002
5189032
5189112
5189182
5189192
5189262
5189332
5189382
5189402
5189412
5189432
5189462
5189472
5189482
5189522
5189532
5189582
5189642
5189662
5189672
5189692
5189742
5189752
5189812
5189822
5189842
5189862
5189872
5189952
5190002
5190012
5190062
5190122
5190132
5190172
5190192
5190262
5190272
5190342
5190362
5190382
5190402
5190462
5190472
5190522
5190532
5190572
5190582
5190622
5190652
5190662
5190702
5190712
5190722
5190732
5190742
5190762
5190802
5190852
5190872
5190882
5190902
5190922
5190932
5190942
5190952
5190972
5190982
5191012
5191022
5191082
5191102
5191112
5191132
5191182
5191222
5191232
5191312
5191332
5191502
5191882
5191962
5191972
5192142
5192232
5192262
5192292
5192362
5192382
5192402
5192412
5192452
5192462
5192472
5192492
5192602
5192662
5192682
5192702
5192742
5192762
5192772
5192832
5192942
5192972
5192982
5193012
5193042
5193062
5193082
5193092
5193122
5193152
5193182
5193222
5193232
5193242
5193252
5193282
5193312
5193422
5193462
5193472
5193492
5193502
5193512
5193522
5193552
5193562
5193572
5193582
5193592
5193602
5193612
5193622
5193632
5193662
5193682
5193702
5193712
5193792
5193812
5193822
5193882
5193912
5193922
5194002
5194142
5194172
5194252
5194332
5194492
5194502
5194562
5194642
5194672
5194722
5194732
5194752
5194812
5194822
5194852
5194862
5194922
5194932
5194942
5194962
5194972
5194982
5194992
5195032
5195052
5195122
5195162
5195192
5195222
5195232
5195282
5195332
5195342
5195352
5195412
5195422
5195452
5195512
5195552
5195712
5195732
5195812
5195822
5195852
5195952
5195972
5196102
5196162
5196252
5196272
5196342
5196402
5196452
5196492
5196502
5196522
5196542
5196552
5196592
5196632
5196652
5196662
5196672
5196692
5196712
5196732
5196752
5196782
5196792
5196802
5196832
5196842
5196852
5196912
5196922
5196942
5196962
5197102
5197152
5197172
5197192
5197212
5197252
5197302
5197332
5197382
5197402
5197482
5197532
5197542
5197632
5197662
5197722
5197732
5197782
5197842
5197872
5197882
5197902
5197912
5197922
5197952
5197962
5197972
5197982
5197992
5198002
5198012
5198032
5198082
5198092
5198112
5198132
5198222
5198232
5198242
5198342
5198362
5198372
5198392
5198412
5198432
5198442
5198472
5198482
5198492
5198502
5198642
5198662
5198762
5198802
5198812
5198892
5198902
5198942
5198972
5199012
5199072
5199112
5199122
5199152
5199172
5199242
5199272
5199282
5199312
5199322
5199342
5199362
5199382
5199392
5199402
5199422
5199472
5199532
5199552
5199572
5199612
5199662
5199732
5199772
5199782
5199792
5199822
5199862
5199892
5199912
5199922
5199982
5199992
5200002
5200012
5200032
5200072
5200112
5200142
5200192
5200352
5200372
5200392
5200432
5200482
5200522
5200532
5200562
5200572
5200602
5200622
5200662
5200702
5200712
5200722
5200752
5200762
5200832
5200852
5200872
5200932
5200972
5200982
5201012
5201022
5201062
5201072
5201092
5201142
5201182
5201292
5201302
5201352
5201362
5201372
5201382
5201392
5201412
5201422
5201452
5201472
5201512
5201522
5201592
5201642
5201662
5201682
5201692
5201702
5201712
5201742
5201762
5201772
5201842
5201872
5201902
5202012
5202022
5202052
5202172
5202192
5202312
5202372
5202392
5202402
5202442
5202462
5202482
5202522
5202592
5202602
5202622
5202652
5202682
5202702
5202712
5202722
5202742
5202752
5202772
5202782
5202822
5202852
5202862
5202872
5202882
5202902
5202912
5202922
5202952
5202982
5203002
5203102
5203122
5203162
5203172
5203182
5203212
5203222
5203242
5203252
5203282
5203312
5203352
5203372
5203442
5203492
5203542
5203562
5203572
5203602
5203622
5203632
5203652
5203702
5203712
5203722
5203732
5203772
5203802
5203812
5203832
5203842
5203872
5203882
5203922
5204002
5204052
5204072
5204082
5204102
5204122
5204142
5204152
5204182
5204192
5204212
5204222
5204232
5204252
5204282
5204352
5204382
5204402
5204432
5204482
5204492
5204502
5204512
5204592
5204632
5204642
5204652
5204692
5204712
5204802
5204812
5204822
5204832
5204852
5204872
5204882
5204892
5204922
5204942
5204972
5204982
5205002
5205012
5205022
5205042
5205082
5205092
5205122
5205142
5205172
5205192
5205232
5205252
5205262
5205292
5205342
5205362
5205412
5205432
5205442
5205452
5205472
5205482
5205502
5205512
5205562
5205582
5205662
5205712
5205742
5205782
5205822
5205932
5205972
5205992
5206002
5206022
5206042
5206052
5206102
5206162
5206172
5206182
5206202
5206212
5206222
5206242
5206262
5206312
5206332
5206362
5206382
5206432
5206452
5206562
5206582
5206612
5206632
5206652
5206672
5206682
5206702
5206722
5206762
5206772
5206832
5206842
5206852
5206882
5206912
5206922
5206932
5207002
5207012
5207022
5207152
5207472
5207512
5207582
5207602
5207662
5207672
5207682
5207692
5207712
5207742
5207782
5207802
5207832
5207842
5207882
5207902
5207962
5207992
5208022
5208072
5208092
5208132
5208152
5208172
5208202
5208462
5208572
5208682
5208702
5208712
5208772
5208812
5208862
5208932
5209002
5209102
5209152
5209192
5209202
5209242
5209262
5209282
5209302
5209322
5209352
5209412
5209442
5209452
5209472
5209492
5209502
5209512
5209532
5209542
5209552
5209562
5209582
5209642
5209652
5209672
5209682
5209742
5209752
5209792
5209812
5209832
5209852
5209862
5209872
5209892
5209922
5209932
5209942
5209962
5209972
5209992
5210002
5210012
5210022
5210062
5210072
5210082
5210132
5210162
5210172
5210192
5210202
5210212
5210222
5210242
5210252
5210282
5210302
5210322
5210332
5210342
5210382
5210402
5210412
5210422
5210452
5210472
5210482
5210492
5210512
5210542
5210552
5210572
5210582
5210612
5210622
5210632
5210652
5210672
5210692
5210702
5210722
5210732
5210752
5210762
5210772
5210782
5210792
5210802
5210812
5210832
5210842
5210852
5210872
5210892
5210912
5210932
5210942
5210972
5210982
5211002
5211032
5211042
5211052
5211062
5211072
5211092
5211112
5211132
5211142
5211152
5211162
5211182
5211202
5211222
5211342
5211352
5211422
5211432
5211472
5211542
5211552
5211602
5211612
5211622
5211642
5211652
5211662
5211682
5211692
5211702
5211712
5211722
5211732
5211742
5211752
5211772
5211782
5211792
5211802
5211812
5211822
5211832
5211842
5211852
5212022
5212042
5212052
5212062
5212082
5212092
5212222
5212232
5212242
5212262
5212272
5212282
5212292
5212302
5212312
5212322
5212332
5212342
5212352
5212362
5212382
5212392
5212402
5212412
5212422
5212442
5212452
5212462
5212472
5212482
5212492
5212502
5212512
5212532
5212542
5212552
5212562
5212572
5212582
5212602
5212612
5212632
5212642
5212662
5212672
5212682
5212692
5212702
5212712
5212722
5212742
5212762
5212772
5212822
5212832
5212862
5212872
5212882
5212892
5212902
5212912
5212932
5212942
5212952
5212962
5212972
5212992
5213002
5213012
5213022
5213032
5213042
5213052
5213062
5213082
5213092
5213102
5213112
5213122
5213142
5213152
5213162
5213172
5213182
5213202
5213212
5213222
5213232
5213242
5213262
5213272
5213292
5213312
5213322
5213332
5213352
5213362
5213382
5213392
5213402
5213412
5213432
5213442
5213452
5213462
5213472
5213482
5213492
5213502
5213522
5213532
5213552
5213562
5213582
5213592
5213602
5213612
5213622
5213632
5213642
5213652
5213662
5213672
5213682
5213692
5213702
5213712
5213722
5213742
5213752
5213762
5213772
5213782
5213792
5213802
5213822
5213832
5213842
5213852
5213862
5213872
5213882
5213892
5213902
5213912
5213922
5213932
5213942
5213952
5213962
5213972
5213982
5213992
5214002
5214012
5214022
5214032
5214042
5214052
5214062
5214072
5214082
5214092
5214102
5214112
5214152
5214172
5214192
5214212
5214222
5214262
5214272
5214282
5214302
5214312
5214322
5214332
5214342
5214352
5214362
5214382
5214402
5214412
5214432
5214452
5214482
5214502
5214522
5214542
5214562
5214572
5214582
5214592
5214612
5214632
5214652
5214662
5214672
5214682
5214692
5214702
5214722
5214742
5214752
5214792
5214812
5214822
5214832
5214842
5214852
5215212
5215222
5215292
5215302
5215322
5215332
5215362
5215382
5215392
5215412
5215472
5215502
5215512
5215562
5215672
5215692
5215742
5215762
5215812
5215852
5215872
5215902
5215912
5215972
5215982
5216012
5216032
5216042
5216052
5216102
5216182
5216202
5216212
5216222
5216242
5216252
5216262
5216312
5216322
5216342
5216362
5216432
5216462
5216482
5216492
5216502
5216522
5216552
5216612
5216622
5216642
5217302
5217682
5217692
5217722
5217742
5217752
5217772
5217792
5217832
5217852
5217862
5217872
5217892
5217922
5217942
5217962
5217982
5218022
5218062
5218082
5218092
5218122
5218132
5218142
5218212
5218232
5218252
5218292
5218302
5218362
5218392
5218402
5218412
5218422
5218442
5218452
5218462
5218472
5218482
5218492
5218502
5218512
5218552
5218572
5218592
5218602
5218612
5218642
5218652
5218672
5218692
5218702
5218712
5218722
5218742
5218752
5218772
5218782
5218822
5218852
5218862
5218882
5218892
5218922
5218932
5218952
5218992
5219002
5219142
5219152
5219232
5219252
5219262
5219292
5219322
5219352
5219362
5219382
5219392
5219402
5219432
5219442
5219472
5219512
5219522
5219542
5219552
5219562
5219572
5219582
5219592
5219612
5219622
5219642
5219662
5219702
5219732
5219752
5219782
5219802
5219812
5219852
5219892
5219902
5219912
5219942
5219972
5219992
5220022
5220032
5220082
5220092
5220142
5220162
5220242
5220752
5220992
5221302
5221442
5221512
5221522
5221542
5221602
5221652
5221712
5221732
5221782
5221832
5221852
5221912
5221932
5221952
5221982
5221992
5222022
5222042
5222052
5222092
5222102
5222132
5222172
5222242
5222262
5222282
5222332
5222342
5222372
5222382
5222412
5222432
5222442
5222542
5222552
5222592
5222602
5222652
5222662
5222712
5222732
5222752
5222782
5222802
5222822
5222932
5222952
5222962
5222972
5223042
5223122
5223132
5223182
5223222
5223232
5223242
5223252
5223302
5223312
5223322
5223352
5223372
5223382
5223432
5223592
5223662
5223672
5223692
5223742
5223772
5223792
5223862
5223912
5223962
5223972
5223982
5224012
5224042
5224052
5224072
5224082
5224092
5224102
5224112
5224182
5224212
5224222
5224242
5224312
5224332
5224362
5224392
5224462
5224472
5224482
5224492
5224502
5224522
5224572
5224592
5224632
5224642
5224652
5224702
5224872
5225082
5225372
5225852
5225862
5225882
5225892
5225902
5225922
5225932
5225952
5225962
5225982
5225992
5226002
5226012
5226032
5226042
5226062
5226072
5226082
5226122
5226172
5226182
5226192
5226212
5226252
5226272
5226282
5226292
5226312
5226362
5226372
5226382
5226392
5226452
5226482
5226492
5226512
5226592
5226622
5226642
5226742
5226792
5226862
5226882
5226982
5227022
5227062
5227142
5227192
5227212
5227252
5227322
5227352
5227382
5227402
5227422
5227432
5227462
5227582
5227602
5227642
5227692
5227722
5227792
5227802
5227812
5227842
5227902
5227932
5227972
5227982
5228002
5228022
5228032
5228042
5228112
5228122
5228142
5228162
5228232
5228282
5228322
5228352
5228362
5228372
5228412
5228422
5228452
5228472
5228552
5228582
5228612
5228622
5228632
5228642
5228652
5228672
5228682
5228692
5228702
5228712
5228722
5228752
5228792
5228802
5228812
5228832
5228842
5228852
5228902
5228932
5228942
5228952
5228962
5228992
5229002
5229102
5229112
5229132
5229142
5229152
5229182
5229192
5229202
5229212
5229222
5229242
5229252
5229292
5229322
5229372
5229382
5229392
5229452
5229472
5229502
5229522
5229542
5229562
5229592
5229682
5229792
5229802
5229822
5229832
5229842
5229852
5229912
5229962
5230212
5230332
5230362
5230382
5230642
5230782
5230902
5230952
5230972
5231022
5231042
5231062
5231082
5231092
5231102
5231112
5231122
5231142
5231172
5231202
5231212
5231222
5231232
5231242
5231252
5231272
5231282
5231292
5231332
5231372
5231392
5231412
5231422
5231432
5231442
5231452
5231462
5231472
5231512
5231522
5231542
5231582
5231602
5231632
5231702
5231722
5231732
5231742
5231762
5231772
5231782
5231802
5231832
5231872
5231922
5231952
5231962
5231972
5231982
5232002
5232022
5232042
5232062
5232072
5232142
5232172
5232202
5232252
5232272
5232282
5232322
5232332
5232362
5232382
5232402
5232412
5232422
5232442
5232452
5232492
5232522
5232552
5232562
5232572
5232602
5232622
5232652
5232682
5232712
5232762
5232792
5232812
5232842
5232852
5232882
5232922
5232932
5232942
5232952
5232962
5232972
5233052
5233072
5233082
5233092
5233122
5233202
5233232
5233252
5233282
5233312
5233332
5233352
5233362
5233372
5233382
5233422
5233452
5233542
5233562
5233592
5233602
5233632
5233642
5233682
5233702
5233722
5233752
5233782
5233862
5233882
5233892
5233902
5233912
5233942
5233952
5233962
5233972
5233982
5234012
5234052
5234092
5234102
5234112
5234122
5234162
5234182
5234212
5234272
5234322
5234332
5234362
5234372
5234392
5234402
5234412
5234432
5234482
5234502
5234512
5234532
5234542
5234552
5234562
5234592
5234602
5234632
5234642
5234672
5234692
5234762
5234782
5234812
5234832
5234852
5234882
5234942
5234952
5234962
5234972
5234992
5235012
5235022
5235052
5235072
5235112
5235132
5235162
5235172
5235202
5235232
5235282
5235332
5235372
5235382
5235402
5235422
5235442
5235452
5235472
5235482
5235502
5235532
5235632
5235712
5235762
5235772
5235782
5235822
5235832
5235862
5235912
5235942
5235962
5235992
5236002
5236022
5236042
5236062
5236112
5236152
5236162
5236192
5236212
5236222
5236242
5236262
5236302
5236402
5236412
5236432
5236482
5236512
5236542
5236562
5236602
5236652
5236662
5236672
5236682
5236752
5236822
5236852
5236892
5236922
5236942
5237022
5237062
5237082
5237092
5237122
5237172
5237232
5237252
5237282
5237352
5237372
5237432
5237472
5237512
5237522
5237532
5237542
5237562
5237612
5237642
5237662
5237702
5237732
5237772
5237802
5237822
5237832
5237842
5237862
5237872
5237912
5237942
5237972
5238002
5238042
5238082
5238092
5238302
5238312
5238352
5238412
5238442
5238502
5238512
5238522
5238532
5238542
5238572
5238612
5238702
5238762
5238792
5238812
5238822
5238932
5238942
5239072
5239192
5239252
5239262
5239282
5239292
5239312
5239442
5239462
5239472
5239482
5239502
5239512
5239532
5239542
5239592
5239612
5239632
5239692
5239732
5239742
5239762
5239782
5239802
5239842
5239852
5239862
5239882
5239892
5239912
5239932
5239942
5239972
5240042
5240052
5240092
5240122
5240132
5240202
5240272
5240302
5240322
5240342
5240352
5240372
5240402
5240412
5240422
5240432
5240462
5240482
5240532
5240562
5240582
5240612
5240642
5240672
5240712
5240722
5240732
5240752
5240762
5240772
5240802
5240832
5240842
5240902
5240912
5240932
5240962
5240972
5240992
5241072
5241132
5241202
5241232
5241252
5241332
5241342
5241372
5241382
5241462
5241532
5241542
5241572
5241602
5241622
5241632
5241642
5241672
5241762
5241812
5241872
5241882
5241982
5242002
5242012
5242022
5242102
5242162
5242182
5242212
5242222
5242252
5242312
5242352
5242372
5242422
5242452
5242512
5242532
5242622
5242692
5242742
5242792
5242802
5242812
5242832
5242862
5242872
5242932
5242952
5243132
5243162
5243212
5243242
5243252
5243262
5243302
5243312
5243332
5243402
5243412
5243442
5243462
5243472
5243482
5243512
5243572
5243602
5243632
5243682
5243702
5243742
5243772
5243812
5243822
5243852
5243872
5243892
5243912
5243942
5243952
5243972
5243982
5244092
5244132
5244142
5244242
5244262
5244272
5244292
5244332
5244432
5244452
5244472
5244542
5244612
5244732
5244862
5244882
5244902
5244962
5245002
5245042
5245192
5245262
5245282
5245292
5245312
5245372
5245412
5245432
5245502
5245512
5245542
5245552
5245562
5245732
5245742
5245762
5245782
5245862
5245882
5246032
5246062
5246072
5246092
5246202
5246232
5246272
5246282
5246292
5246332
5246362
5246392
5246412
5246442
5246482
5246502
5246512
5246532
5246552
5246582
5246612
5246712
5246732
5246772
5246782
5246792
5246852
5246902
5246912
5246992
5247032
5247082
5247112
5247152
5247202
5247272
5247302
5247312
5247342
5247372
5247452
5247472
5247482
5247502
5247522
5247532
5247542
5247632
5247662
5247702
5247712
5247722
5247772
5247802
5247842
5247852
5247912
5248042
5248572
5248712
5248732
5248742
5248862
5248882
5248902
5248912
5249282
5249702
5249932
5249962
5249982
5250012
5250022
5250042
5250052
5250062
5250092
5250102
5250122
5250172
5250212
5250222
5250242
5250262
5250312
5250322
5250382
5250402
5250422
5250462
5250492
5250532
5250582
5250592
5250602
5250622
5250692
5250702
5250732
5250742
5250772
5250812
5250822
5250832
5250862
5250872
5250892
5250942
5250952
5250962
5250992
5251002
5251022
5251082
5251092
5251132
5251152
5251162
5251192
5251202
5251222
5251242
5251282
5251312
5251342
5251382
5251412
5251442
5251512
5251552
5251572
5251582
5251592
5251612
5251642
5251782
5251792
5251882
5251892
5251912
5251962
5251972
5252022
5252032
5252042
5252052
5252072
5252082
5252112
5252192
5252202
5252212
5252232
5252242
5252252
5252312
5252322
5252332
5252392
5252412
5252422
5252432
5252442
5252502
5252512
5252712
5252722
5252752
5252772
5252832
5252882
5252892
5252912
5252992
5253032
5253092
5253112
5253152
5253162
5253182
5253192
5253232
5253262
5253272
5253282
5253312
5253342
5253392
5253402
5253442
5253452
5253502
5253572
5253582
5253642
5253682
5253782
5253832
5253862
5253882
5253892
5253902
5253932
5253942
5253952
5253962
5253982
5254002
5254022
5254032
5254052
5254132
5254162
5254172
5254182
5254202
5254222
5254232
5254272
5254302
5254402
5254412
5254442
5254512
5254522
5254592
5254682
5254692
5254742
5254752
5254762
5254832
5254852
5254902
5254922
5254952
5254982
5255022
5255032
5255052
5255082
5255152
5255272
5255282
5255292
5255302
5255322
5255342
5255442
5255452
5255492
5255522
5255622
5255632
5255682
5255702
5255712
5255722
5255732
5255742
5255762
5255772
5255832
5255842
5255932
5255952
5255962
5255992
5256022
5256042
5256082
5256092
5256162
5256172
5256202
5256212
5256232
5256242
5256262
5256302
5256322
5256412
5256422
5256442
5256462
5256482
5256522
5256552
5256562
5256572
5256612
5256622
5256632
5256652
5256672
5256682
5256692
5256712
5256722
5256732
5256742
5256752
5256802
5256892
5256912
5256942
5256972
5257012
5257022
5257032
5257062
5257102
5257132
5257182
5257202
5257212
5257222
5257242
5257292
5257332
5257382
5257402
5257472
5257482
5257512
5257532
5257562
5257602
5257612
5257622
5257632
5257652
5257662
5257692
5257702
5257742
5257802
5257822
5257832
5257872
5257892
5257902
5257932
5257962
5257982
5258002
5258012
5258022
5258032
5258062
5258102
5258132
5258142
5258162
5258182
5258192
5258202
5258212
5258222
5258242
5258292
5258322
5258342
5258372
5258422
5258452
5258482
5258512
5258522
5258552
5258562
5258592
5258632
5258672
5258692
5258702
5258732
5258742
5258752
5258762
5258772
5258782
5258792
5258802
5258842
5258872
5258882
5258942
5258982
5259012
5259032
5259202
5259242
5259292
5259332
5259442
5259482
5259502
5259542
5259632
5259682
5259692
5259722
5259732
5259772
5259792
5259812
5259822
5259852
5259862
5259892
5259912
5259932
5259942
5259962
5259992
5260002
5260042
5260052
5260062
5260072
5260082
5260092
5260102
5260132
5260152
5260162
5260182
5260212
5260222
5260252
5260262
5260272
5260282
5260312
5260512
5260672
5260932
5260942
5261012
5261052
5261072
5261102
5261132
5261142
5261162
5261332
5261382
5261522
5261542
5261582
5261642
5261692
5261702
5261712
5261722
5261762
5261792
5261822
5261842
5261862
5261882
5261892
5261902
5261962
5261982
5261992
5262042
5262102
5262152
5262162
5262172
5262242
5262252
5262282
5262322
5262362
5262402
5262432
5262452
5262462
5262472
5262512
5262532
5262542
5262552
5262562
5262602
5262612
5262682
5262712
5262762
5262822
5262832
5262872
5262882
5262892
5262902
5262982
5262992
5263002
5263042
5263052
5263072
5263102
5263122
5263132
5263142
5263162
5263172
5263192
5263222
5263242
5263252
5263262
5263322
5263342
5263402
5263452
5263482
5263502
5263532
5263542
5263552
5263572
5263582
5263632
5263642
5263652
5263662
5263672
5263722
5263742
5263812
5263872
5263892
5263922
5263962
5263982
5264002
5264022
5264052
5264062
5264102
5264112
5264142
5264162
5264202
5264222
5264232
5264262
5264282
5264362
5264392
5264402
5264452
5264462
5264492
5264522
5264532
5264612
5264682
5264712
5264732
5264842
5264922
5264942
5264962
5264992
5265012
5265022
5265032
5265052
5265102
5265112
5265132
5265142
5265172
5265182
5265192
5265222
5265232
5265252
5265272
5265292
5265312
5265322
5265372
5265392
5265432
5265522
5265532
5265552
5265582
5265602
5265622
5265682
5265692
5265702
5265712
5265722
5265732
5265742
5265762
5265772
5265782
5265792
5265802
5265862
5265902
5265922
5265932
5265962
5265982
5266062
5266112
5266132
5266192
5266242
5266252
5266262
5266292
5266312
5266332
5266352
5266372
5266402
5266412
5266462
5266472
5266482
5266502
5266522
5266532
5266562
5266572
5266582
5266602
5266622
5266632
5266642
5266652
5266692
5266732
5266742
5266752
5266772
5266782
5266822
5266832
5266902
5266942
5266952
5266972
5266982
5267002
5267022
5267032
5267042
5267062
5267082
5267092
5267102
5267122
5267142
5267182
5267232
5267252
5267282
5267302
5267322
5267382
5267442
5267472
5267502
5267572
5267582
5267592
5267602
5267632
5267652
5267662
5267682
5267692
5267702
5267742
5267752
5267782
5267812
5267822
5267832
5267842
5267852
5267862
5267882
5267892
5267922
5267932
5267962
5268012
5268052
5268082
5268122
5268182
5268192
5268202
5268212
5268232
5268272
5268302
5268312
5268322
5268372
5268392
5268412
5268442
5268502
5268512
5268522
5268532
5268592
5268602
5268632
5268642
5268672
5268712
5268722
5268732
5268762
5268772
5268782
5268792
5268802
5268822
5268842
5268862
5268872
5268912
5268942
5269002
5269012
5269032
5269042
5269052
5269082
5269102
5269112
5269122
5269142
5269162
5269202
5269212
5269242
5269252
5269262
5269282
5269292
5269312
5269322
5269372
5269392
5269402
5269412
5269472
5269492
5269512
5269542
5269562
5269582
5269602
5269612
5269622
5269632
5269672
5269682
5269702
5269712
5269742
5269752
5269772
5269782
5269812
5269842
5269872
5269892
5269912
5269922
5269932
5269952
5269962
5269982
5269992
5270022
5270082
5270102
5270142
5270152
5270182
5270232
5270242
5270262
5270342
5270382
5270412
5270452
5270492
5270512
5270532
5270542
5270562
5270602
5270622
5270632
5270662
5270712
5270772
5270782
5270842
5270872
5270902
5270922
5270942
5270982
5270992
5271002
5271032
5271042
5271082
5271102
5271132
5271162
5271232
5271252
5271262
5271302
5271312
5271332
5271352
5271402
5271412
5271432
5271442
5271472
5271532
5271562
5271662
5271672
5271682
5271732
5271742
5271762
5271772
5271782
5271792
5271802
5271812
5271822
5271872
5271882
5271902
5271912
5271932
5271942
5271952
5271962
5271982
5271992
5272002
5272042
5272062
5272082
5272092
5272112
5272142
5272202
5272272
5272322
5272392
5272422
5272432
5272492
5272552
5272572
5272662
5272702
5272732
5272752
5272772
5272782
5272802
5272812
5272832
5272852
5272862
5272872
5272892
5272912
5272932
5272952
5272972
5272982
5272992
5273002
5273022
5273032
5273042
5273052
5273072
5273082
5273102
5273122
5273182
5273192
5273202
5273212
5273222
5273242
5273272
5273302
5273312
5273332
5273342
5273382
5273392
5273412
5273612
5273632
5273652
5273662
5273672
5273682
5273702
5273722
5273732
5273812
5273832
5273852
5273892
5273912
5273982
5274022
5274032
5274052
5274082
5274092
5274132
5274142
5274182
5274212
5274222
5274232
5274252
5274262
5274272
5274292
5274312
5274332
5274362
5274372
5274392
5274432
5274462
5274482
5274512
5274522
5274542
5274552
5274602
5274622
5274642
5274682
5274692
5274732
5274762
5274792
5274802
5274822
5274852
5274862
5274892
5274902
5274922
5274952
5275002
5275012
5275042
5275092
5275102
5275122
5275142
5275242
5275272
5275282
5275302
5275412
5275442
5275462
5275482
5275522
5275532
5275542
5275562
5275662
5275682
5275712
5275762
5275792
5275802
5275812
5275842
5275922
5275952
5276002
5276022
5276032
5276042
5276052
5276072
5276082
5276102
5276122
5276142
5276192
5276212
5276282
5276292
5276302
5276312
5276332
5276342
5276372
5276392
5276402
5276492
5276512
5276542
5276562
5276572
5276612
5276632
5276642
5276672
5276682
5276692
5276742
5276792
5276812
5276832
5276852
5276892
5276912
5276922
5276942
5276952
5276962
5276992
5277052
5277082
5277112
5277122
5277182
5277192
5277242
5277262
5277282
5277312
5277322
5277362
5277372
5277392
5277402
5277412
5277432
5277462
5277502
5277522
5277542
5277592
5277672
5277762
5277782
5277792
5277842
5277902
5277912
5277922
5277952
5278082
5278152
5278192
5278202
5278232
5278262
5278312
5278322
5278332
5278422
5278622
5278662
5278682
5278712
5278742
5278782
5278832
5278852
5278862
5278872
5278882
5278972
5279002
5279032
5279152
5279172
5279212
5279252
5279282
5279312
5279332
5279352
5279382
5279402
5279552
5279572
5279602
5279612
5279632
5279642
5279782
5279802
5279822
5279832
5279862
5279932
5279992
5280042
5280062
5280082
5280122
5280132
5280172
5280202
5280212
5280242
5280262
5280272
5280282
5280302
5280312
5280332
5280342
5280352
5280362
5280372
5280382
5280392
5280402
5280412
5280422
5280432
5280442
5280462
5280482
5280552
5280562
5280602
5280612
5280642
5280662
5280682
5280692
5280702
5280722
5280742
5280762
5280782
5280802
5280842
5280882
5280902
5280972
5281012
5281022
5281042
5281072
5281092
5281122
5281152
5281172
5281182
5281252
5281312
5281352
5281372
5281382
5281392
5281442
5281462
5281472
5281482
5281492
5281512
5281522
5281542
5281552
5281572
5281622
5281632
5281642
5281652
5281662
5281672
5281712
5281742
5281752
5281762
5281772
5281792
5281802
5281812
5281832
5281842
5281852
5281862
5281902
5281922
5281932
5281972
5281982
5282002
5282012
5282022
5282042
5282052
5282062
5282072
5282082
5282092
5282102
5282112
5282302
5282362
5282432
5282462
5282492
5282502
5282592
5282612
5282652
5282672
5282772
5282812
5282832
5282842
5282912
5283192
5283232
5283382
5283422
5283512
5283562
5283592
5283622
5283632
5283642
5283692
5283702
5283722
5283742
5283752
5283762
5283782
5283802
5283832
5283862
5283882
5283902
5283972
5283982
5284002
5284042
5284052
5284062
5284082
5284112
5284232
5284282
5284292
5284302
5284312
5284322
5284342
5284352
5284362
5284392
5284412
5284432
5284452
5284542
5284592
5284612
5284642
5284652
5284732
5284772
5284782
5284802
5284872
5284902
5284922
5284952
5284962
5284982
5285012
5285022
5285032
5285062
5285072
5285092
5285112
5285122
5285152
5285182
5285192
5285202
5285252
5285392
5285422
5285452
5285492
5285502
5285512
5285532
5285542
5285632
5285652
5285662
5285682
5285692
5285712
5285732
5285742
5285782
5285792
5285822
5285862
5285882
5285892
5285902
5285912
5285922
5285942
5285962
5285972
5286022
5286032
5286062
5286092
5286112
5286162
5286172
5286182
5286192
5286212
5286252
5286262
5286272
5286322
5286342
5286382
5286392
5286472
5286482
5286512
5286572
5286642
5286692
5286722
5286762
5286792
5286802
5286812
5286842
5286862
5286872
5286932
5286962
5286972
5286982
5287012
5287022
5287032
5287042
5287052
5287062
5287072
5287082
5287112
5287122
5287132
5287162
5287222
5287262
5287272
5287282
5287302
5287312
5287322
5287342
5287362
5287382
5287432
5287442
5287462
5287472
5287482
5287502
5287522
5287572
5287582
5287602
5287612
5287742
5287762
5287782
5287792
5287802
5287812
5287822
5287872
5287902
5287942
5287962
5287972
5287982
5288002
5288032
5288042
5288052
5288062
5288092
5288122
5288132
5288152
5288162
5288192
5288222
5288232
5288242
5288252
5288262
5288282
5288292
5288302
5288312
5288322
5288352
5288432
5288472
5288492
5288502
5288532
5288592
5288602
5288612
5288642
5288662
5288672
5288682
5288692
5288702
5288712
5288722
5288732
5288752
5288782
5288792
5288802
5288852
5288862
5288902
5288952
5288972
5289012
5289032
5289042
5289072
5289082
5289102
5289122
5289152
5289172
5289222
5289232
5289242
5289272
5289282
5289352
5289372
5289412
5289432
5289482
5289492
5289522
5289562
5289612
5289642
5289662
5289692
5289712
5289742
5289752
5289812
5289832
5289892
5289922
5289942
5289972
5290032
5290052
5290082
5290142
5290172
5290222
5290232
5290262
5290272
5290312
5290332
5290412
5290462
5290472
5290502
5290532
5290542
5290552
5290572
5290592
5290642
5290662
5290732
5290762
5290812
5290822
5290832
5290872
5290882
5290892
5290942
5290952
5290982
5291032
5291092
5291102
5291112
5291122
5291132
5291142
5291152
5291162
5291252
5291282
5291292
5291302
5291332
5291342
5291352
5291362
5291402
5291462
5291482
5291572
5291592
5291602
5291642
5291652
5291662
5291682
5291732
5291742
5291752
5291762
5291792
5291802
5291822
5291852
5291862
5291872
5291942
5291972
5291982
5292002
5292032
5292112
5292142
5292172
5292192
5292222
5292242
5292302
5292322
5292332
5292342
5292362
5292372
5292382
5292402
5292422
5292502
5292532
5292602
5292622
5292632
5292642
5292652
5292662
5292692
5292702
5292722
5292742
5292752
5292772
5292782
5292792
5292842
5292882
5292892
5292902
5292922
5292932
5292942
5292952
5292962
5292982
5293022
5293032
5293052
5293062
5293072
5293092
5293102
5293142
5293172
5293192
5293222
5293242
5293272
5293282
5293292
5293312
5293332
5293342
5293352
5293372
5293382
5293392
5293402
5293422
5293432
5293442
5293452
5293492
5293522
5293592
5293602
5293672
5293682
5293702
5293722
5293752
5293772
5293792
5293812
5293822
5293852
5293882
5293902
5293932
5293942
5293972
5293992
5294002
5294012
5294022
5294032
5294052
5294092
5294102
5294122
5294172
5294182
5294192
5294202
5294252
5294262
5294282
5294302
5294362
5294382
5294432
5294492
5294502
5294512
5294522
5294542
5294562
5294592
5294622
5294632
5294652
5294662
5294672
5294732
5294772
5294782
5294942
5295322
5295352
5295362
5295372
5295382
5295392
5295402
5295412
5295562
5295572
5295582
5295622
5295672
5295682
5295692
5295902
5296012
5296652
5296842
5296852
5296912
5296982
5296992
5297002
5297042
5297092
5297122
5297162
5297172
5297202
5297222
5297282
5297312
5297332
5297352
5297372
5297412
5297462
5297472
5297492
5297512
5297522
5297532
5297542
5297592
5297622
5297682
5297722
5297732
5297742
5297772
5297782
5297802
5297822
5297892
5297912
5297932
5297962
5297992
5298052
5298072
5298142
5298152
5298182
5298192
5298202
5298212
5298222
5298252
5298282
5298322
5298332
5298362
5298372
5298412
5298472
5298532
5298542
5298662
5298692
5298712
5298732
5298802
5298842
5298922
5298942
5298962
5298972
5299012
5299042
5299052
5299102
5299142
5299162
5299182
5299212
5299242
5299252
5299312
5299322
5299332
5299352
5299372
5299392
5299402
5299422
5299472
5299492
5299502
5299522
5299532
5299552
5299612
5299632
5299642
5299662
5299672
5299692
5299702
5299712
5299732
5299762
5299772
5299782
5299802
5299822
5299842
5299862
5299902
5299922
5299932
5299942
5299982
5300002
5300032
5300072
5300132
5300172
5300232
5300242
5300262
5300282
5300312
5300332
5300402
5300422
5300432
5300462
5300502
5300512
5300522
5300532
5300562
5300572
5300582
5300622
5300642
5300662
5300712
5300732
5300802
5300812
5300822
5300852
5300862
5300882
5300912
5300932
5300962
5300982
5301042
5301082
5301112
5301122
5301142
5301162
5301172
5301192
5301212
5301232
5301262
5301272
5301282
5301312
5301322
5301342
5301372
5301382
5301392
5301562
5301612
5301692
5301712
5301762
5301792
5301822
5301832
5301882
5301892
5301972
5301982
5302002
5302012
5302022
5302032
5302042
5302052
5302062
5302082
5302102
5302122
5302142
5302152
5302172
5302182
5302202
5302212
5302222
5302242
5302252
5302272
5302282
5302292
5302302
5302322
5302332
5302342
5302352
5302362
5302372
5302402
5302412
5302422
5302442
5302462
5302472
5302482
5302492
5302502
5302532
5302542
5302562
5302572
5302582
5302602
5302612
5302662
5302692
5302702
5302742
5302772
5302782
5302802
5302822
5302852
5302902
5302922
5302932
5302942
5302962
5302972
5302992
5303002
5303012
5303022
5303032
5303042
5303082
5303092
5303112
5303132
5303142
5303202
5303212
5303222
5303282
5303292
5303322
5303362
5303372
5303422
5303452
5303462
5303492
5303512
5303522
5303532
5303542
5303552
5303572
5303582
5303592
5303602
5303612
5303622
5303642
5303652
5303662
5303682
5303692
5303712
5303772
5303782
5303792
5303802
5303812
5303822
5303832
5303842
5303862
5303892
5303912
5303922
5303932
5303992
5304012
5304022
5304042
5304052
5304112
5304122
5304132
5304172
5304202
5304242
5304272
5304282
5304292
5304312
5304322
5304332
5304342
5304372
5304382
5304392
5304402
5304412
5304432
5304482
5304492
5304542
5304562
5304572
5304592
5304612
5304622
5304642
5304652
5304682
5304712
5304722
5304762
5304792
5304802
5304842
5304872
5304882
5304952
5305062
5305072
5305112
5305132
5305152
5305202
5305242
5305272
5305282
5305292
5305322
5305342
5305362
5305372
5305382
5305412
5305432
5305442
5305452
5305502
5305532
5305592
5305612
5305622
5305662
5305692
5305722
5305782
5305822
5305832
5305872
5305892
5305942
5305972
5305992
5306002
5306012
5306102
5306112
5306122
5306162
5306172
5306212
5306222
5306232
5306252
5306262
5306282
5306292
5306312
5306342
5306352
5306382
5306412
5306422
5306462
5306522
5306532
5306552
5306562
5306582
5306602
5306612
5306662
5306692
5306702
5306712
5306752
5306762
5306782
5306792
5306812
5306822
5306842
5306862
5306872
5306892
5306972
5306982
5307002
5307022
5307052
5307072
5307112
5307152
5307172
5307182
5307212
5307302
5307332
5307422
5307432
5307492
5307512
5307532
5307582
5307622
5307642
5307652
5307682
5307722
5307742
5307762
5307772
5307782
5307792
5307812
5307832
5307842
5307852
5307882
5307892
5307902
5307932
5307962
5308002
5308012
5308032
5308042
5308052
5308062
5308072
5308082
5308092
5308122
5308132
5308172
5308182
5308222
5308242
5308272
5308292
5308322
5308342
5308422
5308462
5308472
5308482
5308512
5308522
5308532
5308542
5308592
5308612
5308632
5308672
5308692
5308702
5308732
5308762
5308782
5308802
5308812
5308832
5308852
5308862
5308872
5308902
5308942
5308952
5309002
5309012
5309022
5309052
5309112
5309132
5309152
5309162
5309202
5309212
5309232
5309292
5309322
5309382
5309412
5309442
5309452
5309492
5309512
5309522
5309532
5309542
5309602
5309662
5309682
5309732
5309812
5309842
5309882
5309932
5309952
5310002
5310022
5310062
5310112
5310122
5310152
5310162
5310182
5310212
5310242
5310262
5310312
5310322
5310332
5310342
5310352
5310362
5310372
5310422
5310432
5310462
5310482
5310492
5310532
5310542
5310552
5310572
5310602
5310612
5310632
5310722
5310742
5310812
5310822
5310832
5310842
5310852
5310862
5310872
5310882
5310892
5310902
5310912
5310922
5310942
5310952
5310972
5310982
5310992
5311002
5311012
5311022
5311042
5311052
5311062
5311072
5311082
5311092
5311102
5311112
5311122
5311132
5311142
5311152
5311162
5311172
5311182
5311192
5311202
5311212
5311232
5311242
5311252
5311262
5311272
5311282
5311292
5311302
5311342
5311392
5311422
5311432
5311452
5311502
5311522
5311552
5311562
5311572
5311582
5311632
5311642
5311672
5311682
5311692
5311702
5311712
5311722
5311742
5311772
5311802
5311842
5311862
5311922
5311942
5311952
5311992
5312002
5312012
5312082
5312092
5312122
5312142
5312152
5312182
5312212
5312262
5312272
5312292
5312302
5312372
5312382
5312442
5312512
5312532
5312542
5312552
5312632
5312652
5312662
5312682
5312702
5312722
5312802
5312822
5312842
5312852
5312892
5312912
5312932
5312992
5313002
5313032
5313042
5313052
5313082
5313112
5313122
5313152
5313222
5313242
5313282
5313302
5313332
5313342
5313352
5313362
5313372
5313432
5313442
5313472
5313482
5313522
5313532
5313542
5313602
5313642
5313712
5313782
5313812
5313822
5313932
5313942
5313982
5314002
5314012
5314022
5314032
5314052
5314112
5314152
5314182
5314222
5314242
5314292
5314402
5314492
5314532
5314602
5314612
5314622
5314632
5314792
5314952
5314972
5315012
5315032
5315052
5315142
5315172
5315182
5315222
5315232
5315242
5315282
5315302
5315352
5315412
5315422
5315432
5315452
5315472
5315492
5315512
5315562
5315602
5315642
5315702
5315742
5315752
5315802
5315812
5315822
5315842
5315902
5315912
5315922
5315932
5315942
5315962
5315972
5315982
5316012
5316022
5316032
5316052
5316062
5316072
5316082
5316092
5316102
5316122
5316142
5316152
5316162
5316172
5316182
5316192
5316202
5316212
5316222
5316232
5316242
5316252
5316262
5316272
5316282
5316292
5316302
5316322
5316362
5316372
5316382
5316402
5316412
5316422
5316432
5316442
5316452
5316462
5316472
5316482
5316492
5316502
5316522
5316532
5316542
5316552
5316562
5316572
5316582
5316592
5316602
5316612
5316622
5316632
5316652
5316662
5316672
5316682
5316692
5316702
5316712
5316722
5316732
5316742
5316752
5316762
5316772
5316782
5316792
5316802
5316812
5316822
5316832
5316842
5316862
5316872
5316882
5316892
5316912
5316952
5317022
5317112
5317152
5317172
5317192
5317212
5317222
5317232
5317242
5317262
5317292
5317302
5317362
5317402
5317412
5317532
5317552
5317642
5317662
5317682
5317702
5317732
5317752
5317842
5317902
5317912
5317932
5318042
5318282
5318342
5318382
5318392
5318452
5318472
5318502
5318532
5318552
5318592
5318612
5319182
5319262
5319352
5319372
5319532
5319562
5319572
5319612
5319722
5319742
5319752
5319782
5319822
5319922
5319932
5319942
5319972
5320232
5320312
5320352
5320422
5320432
5320452
5320462
5320472
5320502
5320552
5320572
5320592
5320602
5320622
5320682
5320692
5320712
5320732
5320752
5320762
5320842
5320872
5321012
5321032
5321152
5321232
5321262
5321272
5321312
5321352
5321402
5321412
5321472
5321532
5321542
5321592
5321652
5321672
5321702
5321712
5321852
5321892
5321912
5321942
5321962
5322002
5322022
5322032
5322052
5322082
5322102
5322202
5322222
5322252
5322282
5322352
5322382
5322392
5322402
5322432
5322442
5322462
5322502
5322522
5322542
5322562
5322602
5322622
5322682
5322722
5322732
5322752
5322802
5322812
5322822
5322912
5322932
5322952
5322962
5322982
5322992
5323032
5323042
5323052
5323072
5323082
5323092
5323122
5323132
5323142
5323152
5323172
5323182
5323192
5323202
5323222
5323232
5323242
5323252
5323262
5323272
5323282
5323292
5323302
5323312
5323322
5323332
5323352
5323362
5323372
5323382
5323422
5323442
5323512
5323552
5323572
5323662
5323722
5323752
5323762
5323822
5323922
5323982
5323992
5324002
5324012
5324022
5324042
5324062
5324102
5324112
5324172
5324242
5324262
5324282
5324702
5324712
5324732
5324742
5324762
5324892
5324912
5325022
5325052
5325142
5325162
5325262
5325292
5325302
5325322
5325392
5325412
5325452
5325492
5325502
5325532
5325542
5325552
5325612
5325632
5325652
5325682
5325762
5325822
5325882
5325902
5325952
5326012
5326022
5326042
5326052
5326092
5326182
5326202
5326232
5326252
5326312
5326352
5326402
5326452
5326462
5326482
5326522
5326562
5326572
5326592
5326602
5326612
5326622
5326632
5326652
5326682
5326702
5326722
5326742
5326772
5326792
5326862
5326882
5326902
5326922
5326932
5326942
5326962
5326972
5327002
5327012
5327042
5327072
5327082
5327152
5327172
5327182
5327202
5327242
5327252
5327272
5327282
5327322
5327332
5327362
5327382
5327392
5327402
5327422
5327462
5327482
5327502
5327522
5327532
5327542
5327562
5327572
5327602
5327622
5327642
5327662
5327682
5327722
5327732
5327772
5327792
5327812
5327832
5327912
5327952
5327962
5327972
5328002
5328032
5328042
5328052
5328062
5328082
5328112
5328142
5328152
5328162
5328182
5328242
5328252
5328282
5328292
5328322
5328332
5328362
5328392
5328452
5328462
5328472
5328482
5328502
5328512
5328532
5328552
5328582
5328632
5328732
5328772
5328852
5328912
5328922
5328952
5328962
5328982
5328992
5329002
5329012
5329032
5329042
5329052
5329142
5329172
5329212
5329242
5329262
5329322
5329332
5329372
5329422
5329462
5329482
5329562
5329602
5329662
5329682
5329702
5329742
5329752
5329762
5329782
5329812
5329822
5329842
5329862
5329912
5329932
5329962
5330052
5330072
5330092
5330112
5330152
5330162
5330172
5330182
5330202
5330232
5330272
5330312
5330332
5330352
5330382
5330392
5330402
5330422
5330432
5330472
5330522
5330572
5330622
5330632
5330662
5330672
5330692
5330732
5330832
5330842
5330852
5330872
5330882
5330892
5330902
5330932
5330962
5330972
5330982
5330992
5331012
5331072
5331092
5331122
5331152
5331162
5331172
5331242
5331252
5331272
5331292
5331302
5331332
5331352
5331382
5331392
5331402
5331412
5331422
5331432
5331442
5331452
5331462
5331472
5331502
5331512
5331532
5331542
5331552
5331562
5331572
5331592
5331642
5331652
5331662
5331672
5331692
5331702
5331712
5331742
5331762
5331772
5331792
5331812
5331822
5331832
5331852
5331872
5331902
5331912
5331922
5331932
5331972
5331992
5332002
5332032
5332052
5332072
5332092
5332132
5332142
5332152
5332162
5332172
5332192
5332222
5332252
5332262
5332282
5332292
5332342
5332352
5332362
5332372
5332382
5332392
5332412
5332422
5332432
5332452
5332462
5332472
5332502
5332522
5332532
5332542
5332552
5332562
5332592
5332602
5332632
5332652
5332662
5332672
5332682
5332702
5332732
5332752
5332762
5332792
5332812
5332862
5332872
5332882
5332892
5332902
5332912
5332922
5332932
5332982
5333002
5333032
5333042
5333052
5333072
5333082
5333092
5333112
5333132
5333162
5333192
5333222
5333232
5333242
5333252
5333282
5333302
5333312
5333332
5333342
5333352
5333372
5333382
5333432
5333472
5333482
5333492
5333512
5333522
5333542
5333552
5333592
5333632
5333642
5333652
5333662
5333672
5333682
5333692
5333742
5333772
5333782
5333802
5333842
5333882
5333892
5333902
5333912
5333922
5333942
5333952
5333972
5334022
5334042
5334052
5334062
5334072
5334112
5334122
5334202
5334222
5334252
5334272
5334292
5334302
5334312
5334342
5334362
5334372
5334382
5334392
5334412
5334432
5334452
5334472
5334492
5334502
5334592
5334602
5334652
5334672
5334712
5334722
5334742
5334782
5334792
5334812
5334832
5334842
5334892
5335002
5335012
5335032
5335072
5335102
5335112
5335152
5335172
5335222
5335232
5335252
5335262
5335292
5335322
5335342
5335352
5335362
5335382
5335392
5335422
5335432
5335442
5335462
5335472
5335492
5335502
5335512
5335522
5335532
5335582
5335592
5335632
5335672
5335682
5335692
5335702
5335712
5335732
5335752
5335782
5335832
5335852
5335872
5335902
5335942
5335972
5336012
5336022
5336042
5336072
5336092
5336102
5336112
5336132
5336142
5336162
5336172
5336192
5336212
5336222
5336282
5336292
5336302
5336312
5336332
5336362
5336432
5336452
5336462
5336492
5336522
5336542
5336582
5336592
5336652
5336672
5336682
5336692
5336702
5336752
5336772
5336782
5336792
5336802
5336812
5336822
5336832
5336852
5336872
5336882
5336892
5336942
5336952
5337012
5337022
5337062
5337122
5337152
5337202
5337242
5337292
5337302
5337312
5337332
5337352
5337372
5337412
5337422
5337452
5337462
5337482
5337532
5337552
5337592
5337612
5337632
5337682
5337722
5337752
5337762
5337772
5337782
5337802
5337812
5337852
5337862
5337882
5337892
5337912
5337942
5337952
5337962
5338032
5338042
5338082
5338162
5338172
5338202
5338212
5338222
5338232
5338242
5338282
5338292
5338302
5338322
5338362
5338382
5338442
5338452
5338472
5338482
5338502
5338512
5338542
5338562
5338572
5338582
5338612
5338662
5338672
5338692
5338702
5338722
5338752
5338762
5338772
5338782
5338802
5338812
5338842
5338862
5338882
5338922
5338942
5338952
5338992
5339022
5339032
5339052
5339072
5339082
5339122
5339182
5339202
5339232
5339242
5339252
5339312
5339322
5339362
5339392
5339432
5339452
5339512
5339522
5339532
5339572
5339582
5339592
5339602
5339612
5339622
5339632
5339642
5339652
5339662
5339682
5339702
5339722
5339732
5339742
5339762
5339772
5339802
5339812
5339832
5339852
5339862
5339882
5339892
5339902
5339922
5339932
5339942
5339952
5339982
5340002
5340012
5340022
5340032
5340052
5340062
5340082
5340102
5340112
5340122
5340132
5340152
5340202
5340232
5340262
5340302
5340312
5340322
5340352
5340382
5340422
5340442
5340462
5340492
5340502
5340522
5340572
5340612
5340652
5340672
5340682
5340692
5340722
5340732
5340792
5340852
5340932
5340972
5341042
5341052
5341092
5341142
5341162
5341172
5341222
5341242
5341262
5341272
5341292
5341302
5341312
5341352
5341362
5341372
5341422
5341432
5341442
5341452
5341462
5341502
5341512
5341562
5341572
5341582
5341642
5341652
5341672
5341812
5341822
5341862
5341872
5341902
5341922
5341942
5341972
5341992
5342082
5342092
5342172
5342192
5342252
5342262
5342272
5342292
5342302
5342312
5342332
5342342
5342372
5342382
5342462
5342492
5342502
5342522
5342532
5342542
5342612
5342782
5342802
5342852
5342902
5342912
5342972
5343012
5343052
5343082
5343102
5343132
5343142
5343152
5343202
5343242
5343262
5343272
5343282
5343302
5343312
5343342
5343362
5343412
5343462
5343502
5343572
5343582
5343592
5343612
5343632
5343652
5343662
5343672
5343692
5343702
5343712
5343752
5343772
5343802
5343812
5343822
5343842
5343852
5343862
5343872
5343882
5343892
5343912
5343992
5344102
5344112
5344122
5344152
5344192
5344202
5344222
5344232
5344242
5344262
5344292
5344302
5344312
5344322
5344362
5344372
5344382
5344392
5344402
5344442
5344462
5344472
5344482
5344492
5344512
5344522
5344542
5344572
5344602
5344612
5344622
5344652
5344672
5344682
5344702
5344722
5344732
5344742
5344752
5344762
5344792
5344802
5344812
5344832
5344842
5344852
5344862
5344872
5344892
5344912
5344932
5344952
5344962
5345012
5345022
5345042
5345052
5345082
5345092
5345102
5345122
5345132
5345172
5345182
5345202
5345262
5345312
5345322
5345342
5345362
5345372
5345382
5345392
5345442
5345452
5345462
5345492
5345502
5345522
5345532
5345572
5345592
5345632
5345692
5345702
5345712
5345772
5345782
5345802
5345852
5345872
5345882
5345902
5345922
5345952
5345962
5346182
5346372
5346452
5346492
5346522
5346552
5346572
5346592
5346602
5346612
5346622
5346632
5346642
5346652
5346682
5346692
5346712
5346762
5346792
5346812
5346862
5346912
5346922
5346962
5346992
5347002
5347012
5347042
5347052
5347092
5347132
5347142
5347152
5347172
5347192
5347202
5347232
5347282
5347302
5347312
5347322
5347332
5347402
5347412
5347422
5347432
5347442
5347452
5347462
5347472
5347532
5347552
5347562
5347592
5347632
5347652
5347662
5347672
5347702
5347732
5347762
5347782
5347842
5347872
5347882
5347922
5347962
5347982
5347992
5348002
5348012
5348062
5348072
5348082
5348092
5348112
5348172
5348212
5348232
5348272
5348282
5348292
5348302
5348312
5348332
5348342
5348362
5348372
5348392
5348402
5348412
5348462
5348492
5348512
5348522
5348532
5348542
5348552
5348612
5348622
5348652
5348732
5348752
5348802
5348842
5348862
5348932
5348952
5348962
5348972
5349012
5349032
5349042
5349052
5349072
5349122
5349132
5349162
5349182
5349192
5349202
5349212
5349322
5349332
5349342
5349402
5349412
5349422
5349442
5349452
5349462
5349502
5349512
5349522
5349532
5349552
5349562
5349602
5349632
5349642
5349652
5349662
5349682
5349692
5349722
5349732
5349752
5349762
5349782
5349792
5349802
5349852
5349882
5349902
5349942
5349952
5349982
5350012
5350032
5350052
5350072
5350092
5350132
5350142
5350162
5350182
5350192
5350202
5350212
5350232
5350282
5350292
5350302
5350332
5350342
5350352
5350382
5350392
5350412
5350422
5350442
5350452
5350472
5350482
5350492
5350502
5350512
5350522
5350532
5350542
5350552
5350572
5350592
5350602
5350642
5350652
5350662
5350672
5350682
5350692
5350712
5350732
5350742
5350782
5350802
5350812
5350822
5350832
5350872
5350912
5350942
5350992
5351012
5351022
5351032
5351042
5351082
5351092
5351102
5351112
5351122
5351132
5351182
5351252
5351292
5351312
5351342
5351352
5351362
5351372
5351432
5351442
5351482
5351492
5351522
5351552
5351562
5351572
5351582
5351592
5351612
5351622
5351642
5351652
5351672
5351692
5351712
5351722
5351732
5351742
5351762
5351772
5351782
5351792
5351842
5351862
5351912
5351942
5351982
5352012
5352042
5352052
5352062
5352082
5352092
5352102
5352112
5352122
5352132
5352162
5352172
5352192
5352202
5352222
5352232
5352272
5352322
5352342
5352372
5352392
5352422
5352442
5352452
5352562
5352582
5352592
5352622
5352702
5352782
5352802
5352822
5352832
5352852
5352862
5352872
5352902
5352952
5352962
5352982
5353002
5353022
5353052
5353082
5353092
5353102
5353122
5353132
5353142
5353162
5353172
5353182
5353202
5353212
5353222
5353232
5353242
5353252
5353262
5353282
5353292
5353302
5353312
5353322
5353362
5353382
5353422
5353432
5353462
5353482
5353512
5353522
5353532
5353562
5353572
5353582
5353632
5353662
5353692
5353702
5353712
5353732
5353762
5353812
5353832
5353852
5353942
5353962
5353972
5353982
5354002
5354032
5354042
5354072
5354102
5354122
5354162
5354172
5354252
5354302
5354312
5354372
5354532
5354572
5354602
5354612
5354632
5354662
5354672
5354682
5354712
5354792
5354832
5354902
5354932
5355002
5355032
5355042
5355052
5355062
5355212
5355232
5355242
5355322
5355372
5355462
5355572
5355622
5355632
5355732
5355742
5355772
5355862
5355892
5355992
5356022
5356042
5356062
5356142
5356172
5356242
5356292
5356302
5356312
5356342
5356382
5356432
5356572
5356752
5356832
5356912
5356932
5356972
5356992
5357072
5357092
5357102
5357162
5357182
5357192
5357202
5357282
5357302
5357342
5357422
5357432
5357492
5357562
5357602
5357622
5357632
5357662
5357702
5357712
5357742
5357802
5357842
5357872
5357882
5357912
5357932
5357942
5357962
5358002
5358042
5358082
5358092
5358192
5358242
5358252
5358272
5358322
5358392
5358432
5358442
5358452
5358542
5358602
5358612
5358622
5358632
5358692
5358732
5358792
5358812
5358842
5358882
5358922
5358942
5358952
5358982
5359052
5359072
5359082
5359122
5359152
5359162
5359172
5359202
5359232
5359262
5359272
5359282
5359372
5359402
5359412
5359522
5359532
5359562
5359602
5359642
5359672
5359732
5359742
5359832
5359912
5359952
5359962
5360012
5360052
5360062
5360082
5360102
5360122
5360162
5360172
5360202
5360252
5360272
5360302
5360312
5360352
5360432
5360462
5360482
5360522
5360612
5360632
5360642
5360672
5360682
5360692
5360742
5360782
5360932
5361042
5361072
5361112
5361132
5361162
5361192
5361202
5361212
5361222
5361232
5361242
5361272
5361282
5361292
5361322
5361332
5361342
5361372
5361382
5361422
5361502
5361612
5361642
5361652
5361682
5361692
5361702
5361742
5361752
5361762
5361782
5361832
5361842
5361852
5361872
5361882
5361952
5361992
5362032
5362042
5362052
5362092
5362102
5362112
5362132
5362152
5362172
5362192
5362202
5362222
5362232
5362242
5362262
5362272
5362322
5362342
5362372
5362382
5362392
5362402
5362412
5362422
5362432
5362462
5362472
5362492
5362502
5362512
5362522
5362542
5362552
5362572
5362582
5362602
5362612
5362652
5362662
5362672
5362682
5362692
5362712
5362792
5362802
5362812
5362822
5362842
5362852
5362862
5362872
5362882
5362892
5362972
5363002
5363022
5363042
5363072
5363092
5363102
5363132
5363182
5363392
5363412
5363482
5363542
5363552
5363652
5363682
5363702
5363712
5363722
5363742
5363752
5363792
5363812
5363832
5363932
5363972
5363982
5363992
5364032
5364062
5364082
5364092
5364102
5364142
5364152
5364202
5364212
5364242
5364252
5364272
5364312
5364322
5364332
5364352
5364362
5364382
5364392
5364422
5364442
5364452
5364462
5364502
5364512
5364532
5364552
5364562
5364572
5364582
5364622
5364642
5364652
5364662
5364682
5364692
5364722
5364742
5364752
5364782
5364802
5364892
5364902
5364932
5364952
5364962
5365002
5365012
5365022
5365032
5365042
5365062
5365092
5365112
5365132
5365142
5365152
5365162
5365182
5365192
5365212
5365232
5365252
5365262
5365272
5365292
5365322
5365332
5365342
5365372
5365392
5365402
5365412
5365482
5365502
5365532
5365572
5365672
5365732
5365752
5365782
5365792
5365802
5365842
5365862
5365872
5365902
5365912
5365922
5365932
5365962
5365972
5365982
5366042
5366062
5366072
5366102
5366112
5366152
5366172
5366182
5366192
5366252
5366272
5366292
5366302
5366312
5366332
5366342
5366362
5366372
5366412
5366432
5366492
5366562
5366572
5366602
5366662
5366672
5366702
5366732
5366742
5366762
5366782
5366832
5366842
5366932
5366942
5366962
5367002
5367052
5367072
5367092
5367112
5367172
5367182
5367202
5367222
5367292
5367302
5367322
5367332
5367392
5367412
5367442
5367452
5367482
5367512
5367542
5367552
5367572
5367622
5367672
5367692
5367742
5367752
5367792
5367802
5367832
5368012
5368052
5368062
5368072
5368082
5368122
5368222
5368232
5368272
5368292
5368312
5368342
5368362
5368402
5368462
5368542
5368642
5368852
5368882
5369052
5369162
5369242
5369292
5369372
5369402
5369422
5369502
5369522
5369542
5369562
5369662
5369692
5369752
5369792
5369882
5369922
5370132
5370172
5370182
5370262
5370342
5370352
5370412
5370762
5370792
5370812
5370852
5370942
5370972
5371052
5371102
5371142
5371182
5371192
5371212
5371252
5371262
5371292
5371312
5371332
5371352
5371372
5371432
5371442
5371462
5371482
5371492
5371532
5371552
5371562
5371582
5371652
5371682
5371712
5371722
5371732
5371742
5371762
5371802
5371832
5371852
5371912
5371942
5371962
5372052
5372062
5372112
5372132
5372162
5372182
5372192
5372202
5372212
5372222
5372242
5372262
5372272
5372332
5372342
5372352
5372372
5372402
5372432
5372442
5372462
5372472
5372572
5372592
5372622
5372632
5372652
5372702
5372832
5372932
5372972
5372982
5372992
5373012
5373042
5373072
5373112
5373142
5373152
5373162
5373182
5373192
5373212
5373252
5373302
5373312
5373332
5373342
5373362
5373372
5373382
5373402
5373422
5373432
5373442
5373452
5373462
5373472
5373482
5373502
5373512
5373522
5373532
5373542
5373552
5373562
5373572
5373582
5373592
5373602
5373652
5373662
5373672
5373682
5373712
5373722
5373732
5373742
5373752
5373772
5373802
5373822
5373832
5373842
5373852
5373862
5373902
5373932
5373952
5373982
5374042
5374062
5374102
5374122
5374222
5374242
5374382
5374472
5374482
5374492
5374522
5374572
5374632
5374672
5374702
5374712
5374732
5374792
5374872
5374922
5375012
5375212
5375222
5375232
5375252
5375262
5375272
5375292
5375302
5375312
5375342
5375382
5375392
5375432
5375462
5375542
5375552
5375562
5375592
5375642
5375652
5375892
5375912
5375922
5376092
5376112
5376132
5376142
5376152
5376162
5376172
5376182
5376202
5376212
5376222
5376232
5376242
5376252
5376302
5376312
5376362
5376382
5376422
5376482
5376512
5376522
5376532
5376542
5376572
5376582
5376602
5376682
5376722
5376752
5376772
5376812
5376872
5376902
5376912
5377002
5377012
5377032
5377042
5377092
5377122
5377132
5377142
5377202
5377222
5377232
5377242
5377282
5377292
5377322
5377332
5377342
5377392
5377402
5377422
5377442
5377472
5377482
5377492
5377522
5377532
5377542
5377572
5377602
5377622
5377632
5377652
5377662
5377672
5377682
5377692
5377702
5377712
5377732
5377762
5377802
5377822
5377832
5377872
5377882
5377892
5377912
5377932
5377942
5377982
5377992
5378002
5378012
5378032
5378052
5378062
5378072
5378102
5378112
5378122
5378132
5378192
5378222
5378242
5378302
5378362
5378382
5378402
5378432
5378532
5378572
5378622
5378642
5378712
5378772
5378782
5378792
5378812
5378822
5378842
5378862
5378932
5378942
5379032
5379052
5379072
5379102
5379122
5379132
5379202
5379212
5379252
5379272
5379282
5379312
5379332
5379362
5379372
5379492
5379532
5379552
5379612
5379682
5379722
5379762
5379812
5379832
5379852
5379962
5380002
5380042
5380052
5380062
5380072
5380082
5380092
5380152
5380172
5380192
5380202
5380212
5380222
5380232
5380262
5380312
5380392
5380402
5380412
5380422
5380432
5380442
5380452
5380472
5380522
5380572
5380632
5380652
5380662
5380672
5380702
5380712
5380722
5380752
5380782
5380812
5380832
5380912
5380972
5380982
5380992
5381012
5381032
5381072
5381102
5381122
5381132
5381152
5381182
5381212
5381222
5381272
5381292
5381322
5381352
5381402
5381442
5381452
5381482
5381492
5381512
5381522
5381582
5381612
5381632
5381652
5381672
5381682
5381692
5381702
5381722
5381762
5381772
5381782
5381802
5381832
5381842
5381882
5381912
5381932
5381982
5382002
5382012
5382042
5382052
5382102
5382112
5382182
5382192
5382202
5382222
5382262
5382272
5382352
5382392
5382402
5382442
5382582
5382622
5382642
5382702
5382712
5382772
5382832
5382932
5382942
5382982
5383002
5383022
5383032
5383072
5383102
5383212
5383242
5383252
5383262
5383282
5383292
5383332
5383362
5383372
5383392
5383402
5383422
5383442
5383452
5383472
5383502
5383512
5383522
5383542
5383572
5383612
5383632
5383642
5383672
5383682
5383712
5383762
5383772
5383802
5383812
5383842
5383852
5383872
5383882
5383932
5383952
5383992
5384062
5384082
5384092
5384112
5384142
5384152
5384252
5384272
5384302
5384322
5384332
5384342
5384352
5384402
5384432
5384472
5384482
5384492
5384502
5384522
5384532
5384542
5384552
5384562
5384572
5384582
5384612
5384632
5384642
5384652
5384682
5384692
5384702
5384712
5384742
5384752
5384762
5384782
5384832
5384852
5384872
5384962
5384992
5385012
5385022
5385062
5385072
5385082
5385142
5385152
5385162
5385182
5385192
5385232
5385242
5385262
5385292
5385302
5385322
5385352
5385362
5385412
5385432
5385452
5385472
5385522
5385552
5385562
5385572
5385582
5385592
5385652
5385662
5385682
5385742
5385782
5385852
5385882
5385892
5385922
5385952
5385982
5386002
5386042
5386052
5386072
5386082
5386122
5386162
5386172
5386192
5386202
5386212
5386222
5386232
5386252
5386262
5386272
5386292
5386332
5386342
5386362
5386372
5386392
5386402
5386542
5386582
5386612
5386632
5386652
5386682
5386692
5386752
5386762
5386782
5386792
5386812
5386832
5386852
5386882
5386902
5386962
5387022
5387062
5387102
5387112
5387142
5387172
5387192
5387202
5387262
5387272
5387312
5387422
5387442
5387452
5387472
5387932
5387992
5388022
5388052
5388102
5388122
5388132
5388142
5388222
5388282
5388302
5388312
5388322
5388332
5388352
5388422
5388432
5388442
5388452
5388472
5388502
5388532
5388552
5388572
5388612
5388652
5388662
5388692
5388752
5388762
5388772
5388842
5388852
5388882
5388922
5388972
5388982
5389052
5389062
5389082
5389112
5389122
5389162
5389182
5389242
5389262
5389272
5389302
5389332
5389342
5389362
5389372
5389392
5389402
5389412
5389422
5389432
5389442
5389482
5389492
5389512
5389522
5389542
5389562
5389572
5389602
5389612
5389642
5389772
5389782
5389792
5389812
5389822
5389852
5389862
5389912
5389922
5389942
5390012
5390182
5390202
5390362
5390412
5390432
5390522
5390592
5390642
5390682
5390762
5390772
5390782
5390852
5390902
5390932
5391012
5391022
5391072
5391102
5391142
5391192
5391242
5391272
5391452
5391462
5391502
5391542
5391552
5391572
5391582
5391602
5391622
5391642
5391652
5391732
5391742
5391822
5391882
5391912
5391922
5392172
5392192
5392232
5392322
5392362
5392382
5392392
5392432
5392462
5392532
5392562
5392592
5392612
5392632
5392762
5392772
5392782
5392812
5392852
5392912
5392972
5393002
5393052
5393062
5393082
5393102
5393222
5393232
5393292
5393322
5393452
5393492
5393512
5393552
5393742
5393762
5393772
5393782
5393802
5393822
5393922
5393932
5393962
5393982
5394002
5394012
5394042
5394072
5394112
5394122
5394182
5394192
5394222
5394232
5394272
5394332
5394472
5394482
5394492
5394512
5394532
5394552
5394562
5394582
5394602
5394632
5394652
5394762
5394782
5394822
5394852
5394902
5394962
5394982
5394992
5395012
5395062
5395092
5395102
5395112
5395272
5395302
5395322
5395342
5395382
5395402
5395422
5395482
5395492
5395542
5395552
5395602
5395612
5395632
5395652
5395662
5395672
5395682
5395692
5395702
5395712
5395722
5395732
5395742
5395752
5395772
5395782
5395792
5395802
5395812
5395822
5395832
5395842
5395852
5395862
5395872
5395882
5395892
5395902
5395912
5395922
5395932
5395942
5395952
5395962
5395982
5395992
5396002
5396012
5396022
5396052
5396062
5396072
5396082
5396092
5396102
5396112
5396122
5396202
5396222
5396242
5396252
5396282
5396292
5396322
5396362
5396372
5396442
5396472
5396492
5396522
5396542
5396572
5396642
5396652
5396662
5396672
5396682
5396722
5396732
5396812
5396832
5396892
5396912
5396952
5396982
5397012
5397082
5397102
5397132
5397192
5397202
5397222
5397242
5397352
5397392
5397442
5397462
5397492
5397522
5397552
5397562
5397572
5397582
5397592
5397602
5397612
5397622
5397632
5397642
5397662
5397672
5397692
5397702
5397732
5397742
5397752
5397762
5397772
5397782
5397802
5397812
5397822
5397832
5397842
5397852
5397872
5397882
5397922
5397932
5397942
5397952
5397972
5398042
5398082
5398112
5398122
5398142
5398162
5398172
5398182
5398212
5398222
5398262
5398282
5398302
5398332
5398382
5398472
5398492
5398512
5398552
5398562
5398572
5398592
5398622
5398662
5398732
5398742
5398752
5398762
5398772
5398782
5398792
5398802
5398812
5398822
5398832
5398842
5398852
5398862
5398872
5398882
5398892
5398902
5398912
5398922
5398932
5398942
5398952
5398962
5398972
5398982
5398992
5399002
5399012
5399022
5399032
5399042
5399052
5399062
5399072
5399082
5399092
5399102
5399112
5399132
5399142
5399152
5399162
5399172
5399182
5399192
5399212
5399262
5399272
5399292
5399302
5399312
5399322
5399332
5399342
5399352
5399362
5399372
5399382
5399392
5399402
5399412
5399422
5399432
5399442
5399452
5399462
5399472
5399482
5399492
5399502
5399512
5399522
5399532
5399542
5399552
5399562
5399572
5399582
5399592
5399602
5399612
5399622
5399632
5399642
5399652
5399662
5399672
5399682
5399692
5399702
5399712
5399722
5399732
5399742
5399752
5399762
5399772
5399822
5399842
5399852
5399962
5400012
5400042
5400052
5400062
5400072
5400082
5400092
5400102
5400112
5400122
5400132
5400142
5400152
5400162
5400172
5400182
5400192
5400202
5400212
5400222
5400232
5400242
5400252
5400262
5400272
5400282
5400292
5400302
5400312
5400322
5400332
5400342
5400352
5400362
5400372
5400382
5400392
5400402
5400412
5400422
5400432
5400442
5400452
5400462
5400472
5400482
5400492
5400502
5400512
5400572
5400632
5400712
5400722
5400732
5400802
5400812
5400832
5400932
5400962
5400972
5400982
5401012
5401082
5401132
5401292
5401302
5401362
5401462
5401492
5401592
5401612
5401632
5401682
5401712
5401722
5401772
5401792
5401802
5401822
5401842
5401882
5401902
5401952
5401992
5402002
5402052
5402072
5402142
5402192
5402212
5402222
5402232
5402242
5402262
5402272
5402312
5402342
5402372
5402442
5402482
5402492
5402502
5402522
5402532
5402552
5402662
5402682
5402692
5402702
5402752
5402762
5402772
5402802
5402852
5402892
5403162
5403212
5403272
5403512
5403532
5403612
5403672
5403682
5403692
5403702
5403722
5403762
5403782
5403792
5403912
5403942
5404022
5404092
5404102
5404162
5404172
5404262
5404362
5404402
5404452
5404512
5404522
5404572
5404582
5404642
5404672
5404712
5404802
5404832
5404852
5404892
5404932
5404972
5404982
5404992
5405042
5405092
5405112
5405132
5405152
5405172
5405222
5405292
5405312
5405342
5405352
5405372
5405382
5405422
5405452
5405472
5405542
5405552
5405582
5405602
5405612
5405652
5405662
5405682
5405702
5405712
5405722
5405732
5405742
5405762
5405772
5405792
5405802
5405822
5405842
5405852
5405862
5405912
5405942
5405952
5405962
5405972
5406052
5406062
5406082
5406142
5406182
5406212
5406252
5406362
5406382
5406452
5406462
5406472
5406492
5406502
5406552
5406572
5406582
5406632
5406682
5406692
5406732
5406772
5406782
5406882
5406902
5406942
5407032
5407042
5407052
5407102
5407132
5407152
5407262
5407272
5407292
5407302
5407342
5407362
5407402
5407412
5407442
5407482
5407492
5407542
5407572
5407632
5407642
5407662
5407672
5407752
5407792
5407802
5407832
5407842
5407912
5407922
5407932
5407942
5407962
5407982
5407992
5408042
5408062
5408082
5408112
5408132
5408142
5408182
5408212
5408222
5408242
5408262
5408292
5408302
5408332
5408392
5408402
5408442
5408482
5408502
5408532
5408592
5408622
5408652
5408732
5408742
5408782
5408822
5408832
5408842
5408862
5408892
5408922
5408942
5409112
5409222
5409252
5409262
5409282
5409292
5409322
5409442
5409592
5409642
5409692
5409702
5409712
5409822
5409862
5415522
5416012
5416712
5418302
5420622
5428322
5441952
5443202
5444322
5446632
5447972
5450122
5450552
5451962
5451982
5452172
5452292
5452302
5452312
5452322
5452342
5452382
5452402
5452442
5452502
5452532
5452562
5452572
5452592
5452612
5452622
5452642
5452662
5452682
5452752
5452772
5452792
5452802
5452812
5452822
5452882
5452892
5452912
5452922
5452932
5452992
5453042
5453052
5453122
5453142
5453192
5453882
5456532
5457052
5457312
5457332
5457532
5457552
5457572
5457582
5457592
5457612
5457622
5457652
5457722
5457782
5457792
5457802
5457912
5457932
5457982
5458002
5458042
5458062
5458072
5458122
5458142
5458162
5458172
5458192
5458212
5458242
5458302
5458332
5458392
5458422
5458432
5458462
5458642
5458652
5458682
5458722
5458732
5458842
5458862
5458872
5458882
5458902
5458912
5458922
5458942
5458952
5458992
5459032
5459112
5459322
5459472
5459492
5459502
5459522
5459592
5459632
5459642
5459702
5459712
5459732
5459762
5459792
5459832
5459852
5459872
5459882
5459892
5459962
5459972
5459992
5460012
5460082
5460102
5460122
5460132
5460152
5460162
5460192
5460232
5460252
5460272
5460292
5460322
5460332
5460352
5460362
5460382
5460392
5460412
5460432
5460462
5460482
5460612
5460662
5460702
5460712
5460732
5460772
5460792
5460802
5460812
5460832
5460842
5460862
5460872
5460882
5460892
5460912
5460932
5460942
5460962
5460982
5461082
5461112
5461142
5461212
5461272
5461282
5462212
5462332
5463072
5464872
5467382
5467432
5467562
5467572
5467612
5467682
5467702
5467752
5467792
5467912
5467922
5467932
5467982
5467992
5468002
5468032
5468082
5468142
5468172
5468242
5468262
5468322
5468342
5468362
5468452
5468462
5468492
5468552
5468562
5468592
5468602
5468622
5468632
5468642
5468692
5468712
5468872
5468882
5468912
5468922
5469022
5469042
5469062
5469082
5469102
5469142
5469152
5469162
5469172
5469182
5469212
5469222
5469242
5469282
5469292
5469302
5469332
5469342
5469352
5469362
5469382
5469392
5469402
5469412
5469442
5469452
5469462
5469472
5469482
5469492
5469512
5469522
5469532
5469552
5469562
5469582
5469592
5469622
5469632
5469642
5469652
5469712
5469722
5469732
5469752
5469762
5469782
5469792
5469852
5469892
5469902
5469932
5469962
5470372
5470402
5470432
5470442
5470452
5470462
5470492
5470502
5470532
5470552
5470592
5470612
5470622
5470642
5470682
5470702
5470732
5470752
5470762
5470782
5470792
5470802
5470812
5470822
5470832
5470842
5470882
5470892
5470902
5470912
5470952
5470982
5470992
5471002
5471032
5471082
5471192
5471242
5471322
5471452
5471752
5471832
5471862
5471882
5471922
5472042
5472062
5472112
5472142
5472152
5472192
5472212
5472222
5472272
5472332
5472712
5472762
5472812
5472852
5472882
5472942
5472962
5472972
5473082
5473152
5473172
5473202
5473242
5473252
5473292
5473352
5473372
5473382
5473422
5473442
5473452
5473482
5473522
5473542
5473762
5474032
5474052
5474072
5474192
5474242
5474262
5474302
5474322
5474332
5474342
5474362
5474372
5474412
5474612
5474692
5474862
5474992
5475012
5475052
5475072
5475132
5475182
5475202
5475212
5475252
5475282
5475322
5475352
5475372
5475402
5475412
5475452
5475462
5475482
5475552
5475582
5475602
5475702
5475732
5475742
5475762
5475772
5475782
5475792
5475802
5475812
5475822
5475832
5475842
5475852
5475862
5475892
5475902
5475922
5475952
5475962
5476012
5476062
5476072
5476082
5476152
5476172
5476182
5476202
5476212
5476242
5476252
5476272
5476312
5476342
5476362
5476382
5476392
5476412
5476422
5476432
5476442
5476462
5476472
5476492
5476512
5476522
5476532
5476582
5476592
5476612
5476642
5476652
5476682
5476702
5476772
5476782
5476792
5476812
5477422
5477612
5477862
5478072
5478162
5478252
5478272
5478322
5478352
5478432
5478522
5478532
5478602
5478662
5478702
5478742
5478752
5478762
5478772
5478802
5478812
5478822
5478852
5478862
5478892
5478922
5478962
5478972
5478982
5479012
5479132
5479172
5479182
5479202
5479282
5479302
5479342
5479362
5479372
5479442
5479462
5479482
5479622
5479672
5479682
5479692
5479712
5479722
5479742
5479772
5479782
5479792
5479812
5479842
5479872
5479882
5479902
5479912
5479972
5479992
5480002
5480032
5480042
5480052
5480062
5480072
5480082
5480092
5480102
5480112
5480122
5480132
5480142
5480152
5480182
5480192
5480202
5480212
5480232
5480242
5480252
5480272
5480312
5480382
5480402
5480462
5480472
5480482
5480502
5480532
5480582
5480742
5480782
5480942
5481022
5481112
5481132
5481292
5481332
5481482
5481782
5481802
5481872
5481982
5482112
5482122
5482162
5482172
5482232
5482252
5482262
5482302
5482312
5482392
5482432
5482442
5482452
5482462
5482472
5482492
5482502
5482522
5482542
5482612
5482772
5482782
5482852
5482902
5482942
5482982
5483032
5483052
5483122
5483212
5483232
5483292
5483402
5483442
5483512
5483532
5483552
5483562
5483572
5483582
5483642
5483662
5483702
5483722
5483752
5483772
5483842
5483882
5483892
5483912
5483922
5483972
5483992
5484002
5484012
5484052
5484082
5484132
5484202
5484292
5484312
5484322
5484332
5484342
5484352
5484362
5484382
5484392
5484402
5484422
5484442
5484462
5484482
5484542
5484572
5484592
5484612
5484732
5484752
5484932
5484952
5485072
5485082
5485102
5485112
5485122
5485132
5485162
5485202
5485222
5485232
5485242
5485272
5485292
5485302
5485322
5485362
5485492
5485512
5485522
5485582
5485612
5485622
5485652
5485692
5485712
5485732
5485742
5485782
5485822
5485882
5485972
5486022
5486062
5486072
5486112
5486132
5486202
5486322
5486342
5486352
5486382
5486402
5486442
5486452
5486462
5486472
5486482
5486502
5486522
5486552
5486562
5486572
5486632
5486642
5486652
5486692
5486712
5486742
5486832
5486842
5486912
5486932
5486952
5487032
5487112
5487122
5487142
5487162
5487172
5487192
5487242
5487252
5487262
5487282
5487292
5487352
5487362
5487382
5487392
5487412
5487432
5487452
5487462
5487472
5487482
5487512
5487542
5487572
5487592
5487612
5487632
5487642
5487662
5487682
5487722
5487732
5487742
5487772
5487802
5487822
5487872
5487912
5487942
5488042
5488052
5488062
5488082
5488092
5488152
5488182
5488212
5488272
5488302
5488312
5488342
5488362
5488472
5488482
5488532
5488612
5488622
5488652
5488682
5488722
5488742
5488792
5488802
5488832
5488852
5488902
5488952
5488982
5489092
5489112
5489132
5489182
5489242
5489262
5489282
5489322
5489332
5489362
5489402
5489432
5489472
5489482
5489542
5489572
5489622
5489632
5489742
5489752
5489842
5489852
5489882
5489892
5489912
5489922
5489932
5489952
5490002
5490062
5490112
5490152
5490172
5490192
5490252
5490272
5490362
5490412
5490422
5490452
5490562
5490572
5490592
5490622
5490672
5490682
5490692
5490702
5490732
5490852
5490872
5490922
5490932
5490952
5490982
5491002
5491012
5491032
5491072
5491092
5491102
5491132
5491152
5491172
5491272
5491342
5491362
5491392
5491402
5491452
5491502
5491542
5491602
5491622
5491642
5491652
5491672
5491852
5491882
5491902
5491922
5491932
5491962
5492002
5492072
5492112
5492142
5492182
5492252
5492262
5492302
5492312
5492342
5492392
5492442
5492452
5492492
5492512
5492542
5492562
5492612
5492632
5492672
5492832
5492842
5492862
5492942
5492972
5492992
5493002
5493032
5493042
5493102
5493132
5493142
5493172
5493242
5493292
5493322
5493372
5493402
5493452
5493502
5493512
5493532
5493622
5493632
5493642
5493652
5493712
5493732
5493772
5493782
5493822
5493832
5493862
5493872
5493892
5493902
5493912
5493942
5493962
5493972
5493992
5494002
5494012
5494052
5494112
5494132
5494142
5494162
5494272
5494292
5494342
5494362
5494432
5494522
5494542
5494562
5494632
5494642
5494682
5494772
5494842
5494942
5495182
5495322
5495362
5495382
5495402
5495462
5495492
5495602
5495692
5495782
5495812
5495922
5495932
5496072
5496242
5496322
5496362
5496372
5496382
5496402
5496522
5496562
5496642
5496722
5496782
5496812
5496822
5496842
5496872
5496922
5496982
5497012
5497022
5497032
5497052
5497082
5497122
5497142
5497162
5497182
5497242
5497262
5497282
5497292
5497332
5497362
5497412
5497422
5497432
5497442
5497572
5497592
5497622
5497742
5497872
5497952
5497992
5498032
5498202
5498282
5498322
5498372
5498392
5498402
5498452
5498462
5498472
5498482
5498492
5498512
5498522
5498542
5498572
5498592
5498602
5498622
5498632
5498652
5498662
5498682
5498702
5498722
5498742
5498752
5498772
5498792
5498802
5498812
5498842
5498852
5498872
5498902
5498922
5498952
5498992
5499002
5499012
5499042
5499062
5499072
5499082
5499102
5499112
5499142
5499152
5499162
5499172
5499192
5499202
5499232
5499252
5499262
5499272
5499292
5499312
5499322
5499352
5499372
5499382
5499392
5499412
5499422
5499452
5499512
5499522
5499552
5499572
5499622
5499722
5499762
5499792
5499842
5499872
5499922
5500042
5500092
5500202
5500232
5500292
5500302
5500322
5500332
5500392
5500402
5500462
5500502
5500552
5500572
5500582
5500602
5500622
5500712
5500732
5500742
5500792
5500822
5500832
5500852
5500892
5500932
5500952
5501022
5501042
5501142
5501282
5501292
5501352
5501362
5501372
5502552
5502642
5502692
5502702
5502712
5502722
5502732
5502742
5502762
5502772
5502812
5502832
5502842
5502862
5502882
5502992
5503002
5503012
5503062
5503192
5503232
5503282
5503342
5503352
5503362
5503372
5503382
5503452
5503472
5503532
5503652
5503662
5503682
5503742
5503772
5503862
5503872
5503962
5504002
5504032
5504102
5504132
5504152
5504222
5504252
5504362
5504412
5504442
5504522
5504542
5504572
5504582
5504602
5504642
5504652
5504692
5504712
5504802
5504822
5504862
5504882
5504902
5504922
5504932
5504942
5504962
5504992
5505002
5505022
5505032
5505042
5505062
5505072
5505092
5505122
5505152
5505172
5505182
5505192
5505222
5505242
5505252
5505272
5505292
5505362
5505392
5505402
5505412
5505452
5505482
5505522
5505562
5505572
5505582
5505592
5505602
5505622
5505642
5505662
5505682
5505702
5505722
5505762
5505772
5505862
5505872
5505912
5505922
5505952
5506002
5506102
5506112
5506152
5506162
5506202
5506222
5506232
5506252
5506272
5506292
5506342
5506402
5506442
5506472
5506532
5506542
5506572
5506592
5506652
5506662
5506742
5506762
5506782
5506792
5506842
5506872
5506892
5506952
5506962
5506982
5507002
5507032
5507192
5507212
5507242
5507262
5507272
5507282
5507292
5507302
5507402
5507412
5507492
5507522
5507542
5507582
5507612
5507632
5507642
5507652
5507682
5507802
5507832
5507852
5507882
5507892
5507912
5507932
5507942
5507952
5507962
5507972
5508012
5508062
5508092
5508112
5508172
5508202
5508242
5508252
5508262
5508272
5508282
5508302
5508362
5508402
5508422
5508502
5508522
5508592
5508612
5508622
5508652
5508662
5508672
5508692
5508752
5508772
5508792
5508852
5508862
5508962
5508992
5509002
5509012
5509032
5509042
5509052
5509062
5509082
5509122
5509132
5509172
5509182
5509242
5509252
5509282
5509342
5509362
5509382
5509392
5509422
5509452
5509472
5509482
5509492
5509502
5509522
5509552
5509582
5509612
5509622
5509642
5509672
5509702
5509772
5509792
5509822
5509852
5509862
5509892
5509902
5509932
5509952
5509992
5510002
5510022
5510032
5510042
5510062
5510082
5510112
5510122
5510132
5510152
5510162
5510182
5510212
5510232
5510262
5510272
5510282
5510292
5510312
5510322
5510332
5510352
5510362
5510372
5510412
5510422
5510442
5510462
5510482
5510512
5510522
5510552
5510582
5510602
5510632
5510672
5510742
5510782
5510792
5510802
5510822
5510852
5510862
5510932
5510992
5511022
5511042
5511072
5511122
5511132
5511142
5511152
5511162
5511172
5511232
5511242
5511262
5511272
5511282
5511302
5511312
5511332
5511342
5511352
5511362
5511372
5511402
5511442
5511452
5511512
5511582
5511632
5511662
5511672
5511702
5511722
5511762
5511792
5511862
5511872
5511882
5511892
5511912
5511932
5511942
5511962
5511982
5512012
5512032
5512042
5512082
5512102
5512132
5512142
5512152
5512162
5512172
5512182
5512252
5512272
5512282
5512342
5512382
5512432
5512452
5512462
5512472
5512482
5512492
5512512
5512522
5512532
5512552
5512562
5512592
5512602
5512612
5512622
5512642
5512762
5512772
5512812
5512822
5512832
5512862
5512872
5512882
5512892
5512962
5513032
5513062
5513082
5513092
5513172
5513182
5513242
5513272
5513302
5513412
5513482
5513522
5522102
5522962
5523012
5523092
5523102
5523232
5523252
5523272
5523382
5523392
5523432
5523472
5523572
5523592
5523612
5523622
5523672
5523712
5523812
5523822
5523912
5524032
5524112
5524142
5524182
5524232
5524292
5524372
5524462
5524572
5524612
5524742
5524852
5524902
5524982
5525012
5525032
5525052
5525072
5525452
5526472
5526532
5526582
5526612
5526692
5526712
5526722
5526782
5526842
5526922
5527052
5527062
5527122
5527162
5527252
5527282
5527302
5527322
5527562
5528182
5528792
5528842
5528852
5528862
5528892
5528912
5528932
5528942
5529002
5529052
5529072
5529082
5529092
5529112
5529122
5529132
5529142
5529162
5529172
5529192
5529272
5529282
5529302
5529392
5529432
5529502
5529512
5529532
5529552
5529602
5529622
5529632
5529642
5529662
5529672
5529692
5529712
5529772
5529782
5529802
5529912
5529922
5529932
5529942
5529952
5529962
5529972
5530042
5530062
5530072
5530112
5530132
5530222
5530232
5530242
5530252
5530322
5530332
5530422
5530492
5530522
5530542
5530582
5530622
5530662
5530702
5530752
5530802
5530852
5530922
5530932
5531072
5531082
5531152
5531172
5531282
5531342
5531412
5531432
5531452
5531492
5531522
5531552
5531562
5531572
5531602
5531612
5531642
5531662
5531682
5531712
5531732
5531762
5531772
5531802
5531812
5531822
5531832
5531842
5531892
5531902
5531912
5531922
5531932
5531962
5531992
5532012
5532022
5532062
5532192
5532202
5532342
5532352
5532382
5532452
5532502
5532552
5532572
5532622
5532632
5532642
5532662
5532722
5532732
5532762
5532782
5532792
5532812
5532822
5532862
5532942
5532952
5533042
5533052
5533082
5533122
5533142
5533162
5533182
5533202
5533232
5533242
5533282
5533312
5533362
5533402
5533412
5533422
5533502
5533552
5533582
5533602
5533662
5533682
5533722
5533752
5533772
5533842
5533922
5533982
5534002
5534022
5534112
5534142
5534212
5534222
5534232
5534272
5534302
5534322
5534392
5534452
5534532
5534582
5534592
5534662
5534702
5534722
5534732
5534752
5534862
5534892
5535012
5535032
5535092
5535202
5535232
5535262
5535452
5535522
5535532
5535582
5535622
5535652
5535702
5535752
5535802
5535812
5535822
5535882
5535912
5535972
5536012
5536032
5536082
5536112
5536212
5536242
5536312
5536332
5536372
5536412
5536422
5536442
5536452
5536502
5536552
5536662
5536672
5536702
5536732
5536782
5536802
5536892
5537192
5537222
5537272
5537332
5537382
5537392
5537412
5537452
5537482
5537642
5537742
5537772
5537792
5537932
5537972
5538022
5538142
5538322
5538432
5538452
5538482
5538562
5538602
5538682
5538722
5538802
5538862
5538912
5538932
5538942
5538962
5538982
5539002
5539012
5539022
5539042
5539052
5539062
5539092
5539122
5539142
5539172
5539182
5539232
5539242
5539352
5539502
5539612
5539662
5539712
5539802
5540002
5540032
5540052
5540062
5540202
5540312
5540342
5540472
5540492
5540522
5540532
5540542
5540612
5540662
5540672
5540752
5540792
5540852
5540862
5540922
5541012
5541072
5541092
5541132
5541222
5541242
5541262
5541272
5541382
5541442
5541452
5541502
5541512
5541552
5541572
5541582
5541612
5541622
5541632
5541662
5541682
5541722
5541752
5541762
5541822
5541852
5541882
5541912
5541922
5541992
5542062
5542172
5542262
5542292
5542332
5542382
5542452
5542662
5542852
5542912
5542982
5543012
5543072
5543092
5543102
5543112
5543132
5543152
5543172
5543182
5543192
5543302
5543362
5543382
5543412
5543432
5543452
5543492
5543582
5543652
5543672
5543682
5543702
5543752
5543792
5544012
5544072
5544092
5544112
5544122
5544132
5544172
5544212
5544252
5544272
5544282
5544292
5544312
5544332
5544342
5544352
5544372
5544392
5544442
5544462
5544472
5544482
5544522
5544532
5544542
5544562
5544572
5544592
5544602
5544612
5544622
5544662
5544722
5544742
5544982
5544992
5545022
5545062
5545072
5545082
5545092
5545212
5545272
5545312
5545362
5545372
5545392
5545412
5545432
5545442
5545482
5545542
5545572
5545602
5545642
5545662
5545692
5545722
5545742
5545752
5545762
5545792
5545812
5545832
5545842
5545852
5545872
5545902
5545922
5545932
5545972
5546022
5546232
5546292
5546322
5546332
5546342
5546352
5546362
5546372
5546382
5546392
5546412
5546422
5546442
5546452
5546462
5546482
5546532
5546552
5546572
5546582
5546662
5546682
5546692
5546702
5546712
5546722
5546742
5546782
5546792
5546812
5546852
5546872
5546912
5546972
5546982
5546992
5547052
5547082
5547092
5547102
5547122
5547132
5547152
5547162
5547172
5547182
5547192
5547222
5547242
5547252
5547272
5547282
5547292
5547322
5547342
5547362
5547392
5547402
5547412
5547432
5547442
5547472
5547492
5547562
5547592
5547602
5547622
5547632
5547642
5547662
5547672
5547682
5547712
5547722
5547732
5547752
5547762
5547782
5547792
5547802
5547822
5547832
5547842
5547852
5547862
5547882
5547892
5547902
5547922
5547942
5547952
5547962
5547992
5548002
5548012
5548062
5548072
5548102
5548152
5548182
5548222
5548232
5548262
5548272
5548292
5548302
5548312
5548332
5548352
5548362
5548372
5548382
5548402
5548442
5548462
5548582
5548652
5548662
5548672
5548692
5548742
5548772
5548782
5548792
5548832
5548872
5548902
5548952
5548962
5549012
5549092
5549122
5549192
5549282
5549352
5549362
5549382
5549392
5549412
5549492
5549512
5549582
5549612
5549652
5549682
5549712
5549772
5549802
5549822
5549832
5549852
5549862
5549902
5549932
5549952
5549992
5550002
5550012
5550042
5550052
5550062
5550072
5550092
5550132
5550162
5550192
5550202
5550212
5550262
5550272
5550292
5550302
5550312
5550382
5550442
5550462
5550512
5550522
5550562
5550632
5550642
5550742
5550882
5550912
5551052
5551152
5551162
5551182
5551192
5551232
5551252
5551282
5551292
5551312
5551322
5551332
5551382
5551392
5551472
5551502
5551542
5551552
5551592
5551602
5551652
5551682
5551692
5551732
5551752
5551782
5551812
5551852
5551902
5551922
5551932
5551982
5552072
5552122
5552132
5552142
5552202
5552222
5552232
5552242
5552332
5552372
5552512
5552522
5552542
5552572
5552632
5552662
5552682
5552722
5552782
5552872
5552912
5552922
5553012
5553082
5553102
5553112
5553192
5553272
5553312
5553352
5553402
5553452
5553472
5553482
5553592
5553602
5553632
5553642
5553692
5553732
5553762
5553772
5553782
5553862
5553882
5553922
5554012
5554072
5554082
5554112
5554122
5554132
5554162
5554172
5554182
5554212
5554272
5554292
5554332
5554342
5554362
5554392
5554412
5554442
5554462
5554472
5554532
5554542
5554572
5554622
5554662
5554682
5554712
5554732
5554752
5554782
5554792
5554802
5554812
5554822
5554862
5554892
5554912
5554922
5554932
5554972
5554982
5554992
5555002
5555012
5555022
5555032
5555062
5555082
5555092
5555112
5555132
5555182
5555252
5555532
5555662
5555712
5555732
5555802
5555822
5555842
5555852
5555962
5556012
5556192
5556242
5556382
5556432
5556522
5556632
5556712
5556732
5556742
5556782
5556802
5556822
5556872
5556882
5556912
5556952
5556972
5556982
5557002
5557012
5557022
5557032
5557042
5557062
5557072
5557082
5557092
5557132
5557172
5557222
5557262
5557292
5557462
5557472
5557512
5557562
5557572
5557592
5557732
5557752
5557772
5557782
5557792
5557822
5557842
5557952
5557962
5557982
5557992
5558062
5558162
5558202
5558252
5558322
5558352
5558392
5558422
5558442
5558562
5558602
5558642
5558812
5558872
5558902
5558922
5558952
5558972
5559002
5559042
5559082
5559092
5559152
5559162
5559252
5559282
5559322
5559352
5559422
5559432
5559482
5559632
5559652
5559662
5559702
5559732
5559832
5559842
5559862
5559902
5559912
5560022
5560102
5560132
5560172
5560202
5560232
5560282
5560362
5560372
5560382
5560422
5560432
5560462
5560502
5560552
5560612
5560652
5560672
5560682
5560762
5560822
5560902
5560932
5560942
5560972
5561012
5561052
5561112
5561202
5561242
5561312
5561412
5561442
5561512
5561522
5561552
5561592
5561612
5561652
5561682
5561692
5561732
5561762
5561812
5561822
5561832
5561872
5561892
5561942
5561982
5562032
5562082
5562092
5562102
5562112
5562122
5562132
5562172
5562212
5562222
5562232
5562262
5562282
5562302
5562322
5562372
5562382
5562392
5562442
5562452
5562462
5562482
5562492
5562502
5562512
5562532
5562542
5562552
5562562
5562572
5562582
5562602
5562612
5562632
5562682
5562692
5562712
5562732
5562742
5562752
5562762
5562772
5562782
5562802
5562812
5562832
5562852
5562862
5562882
5562902
5562912
5562922
5562932
5562952
5562962
5562972
5562982
5563032
5563052
5563062
5563082
5563102
5563112
5563122
5563132
5563142
5563162
5563172
5563182
5563192
5563202
5563282
5563302
5563342
5563372
5563402
5563412
5563612
5563782
5563912
5563962
5563992
5564022
5564032
5564062
5564112
5564122
5564152
5564182
5564222
5564232
5564242
5564252
5564282
5564292
5564352
5564372
5564382
5564392
5564432
5564482
5564502
5564652
5564702
5564712
5564722
5564742
5564762
5564792
5564802
5564812
5564832
5564842
5564862
5564882
5564892
5564902
5564922
5564942
5564952
5564972
5565012
5565032
5565192
5565202
5565212
5565222
5565262
5565322
5565342
5565352
5565362
5565372
5565422
5565432
5565442
5565452
5565472
5565502
5565592
5565602
5565622
5565672
5565752
5565782
5565852
5565892
5565912
5565922
5565932
5565942
5566042
5566092
5566202
5566232
5566272
5566282
5566302
5566382
5566402
5566532
5566542
5566572
5566622
5566652
5566682
5566742
5566792
5566822
5566842
5566882
5566902
5566972
5566992
5567002
5567012
5567022
5567042
5567062
5567072
5567092
5567122
5567132
5567142
5567162
5567182
5567202
5567222
5567252
5567272
5567282
5567292
5567372
5567382
5567392
5567402
5567412
5567432
5567442
5567532
5567572
5567632
5567672
5567702
5567772
5567922
5568002
5568032
5568082
5568102
5568132
5568142
5568152
5568162
5568252
5568262
5568302
5568322
5568332
5568342
5568352
5568362
5568442
5568452
5568462
5568492
5568502
5568522
5568532
5568672
5568732
5568742
5568752
5568792
5568802
5568812
5568842
5568852
5568862
5568872
5568882
5568892
5568912
5568942
5568952
5568972
5568982
5569002
5569022
5569052
5569062
5569072
5569092
5569102
5569112
5569122
5569142
5569172
5569192
5569212
5569222
5569302
5569352
5569392
5569402
5569442
5569472
5569482
5569492
5569502
5569512
5569532
5569542
5569552
5569562
5569572
5569582
5569592
5569612
5569622
5569632
5569672
5569682
5569702
5569712
5569732
5569762
5569782
5569792
5569812
5569822
5569832
5569852
5569902
5569932
5569942
5569962
5570032
5570042
5570102
5570112
5570122
5570142
5570152
5570162
5570172
5570182
5570192
5570212
5570232
5570242
5570262
5570302
5570322
5570332
5570352
5570372
5570382
5570402
5570502
5570512
5570572
5570592
5570632
5570642
5570692
5570712
5570722
5570742
5570762
5570772
5570792
5570832
5570842
5570862
5570882
5570902
5570912
5570932
5570952
5570972
5571012
5571022
5571032
5571042
5571052
5571072
5571112
5571132
5571142
5571162
5571182
5571192
5571202
5571242
5571262
5571272
5571302
5571332
5571382
5571392
5571472
5571492
5571522
5571542
5571572
5571582
5571622
5571692
5571702
5571722
5571742
5571762
5571772
5571862
5571872
5571982
5572012
5572022
5572052
5572082
5572092
5572242
5572252
5572502
5572602
5572682
5572712
5572722
5572772
5572792
5572812
5572822
5572842
5572922
5572952
5573112
5573122
5573182
5573192
5573222
5573252
5573262
5573272
5573282
5573362
5573372
5573482
5573492
5573532
5573542
5573552
5573572
5573602
5573652
5573682
5573702
5573722
5573732
5573752
5573812
5573852
5573872
5573892
5573902
5573932
5573942
5573962
5573982
5574012
5574022
5574032
5574042
5574052
5574062
5574072
5574132
5574172
5574192
5574222
5574292
5574332
5574362
5574372
5574402
5574432
5574452
5574482
5574502
5574532
5574542
5574572
5574582
5574592
5574622
5574632
5574642
5574652
5574662
5574722
5574732
5574772
5574802
5574832
5574842
5574852
5574862
5574872
5574912
5574932
5574952
5575032
5575042
5575072
5575092
5575122
5575132
5575152
5575162
5575172
5575182
5575192
5575202
5575212
5575242
5575252
5575272
5575292
5575302
5575312
5575322
5575352
5575382
5575402
5575422
5575452
5575462
5575482
5575492
5575522
5575542
5575582
5575592
5575602
5575632
5575642
5575652
5575662
5575672
5575692
5575742
5575752
5575762
5575772
5575782
5575812
5575822
5575832
5575982
5576002
5576022
5576192
5576212
5576222
5576232
5576242
5576342
5576392
5576422
5576442
5576452
5576472
5576482
5576512
5576522
5576552
5576602
5576632
5576652
5576742
5576782
5576822
5576832
5576842
5576872
5576902
5576922
5576932
5576942
5577022
5577032
5577082
5577132
5577162
5577232
5577272
5577292
5577312
5577362
5577382
5577392
5577412
5577422
5577432
5577442
5577472
5577512
5577582
5577602
5577612
5577632
5577642
5577652
5577662
5577672
5577692
5577702
5577712
5577742
5577772
5577782
5577892
5577912
5577922
5577952
5577972
5577992
5578072
5578082
5578122
5578142
5578202
5578212
5578222
5578272
5578342
5578352
5578412
5578472
5578492
5578502
5578532
5578542
5578562
5578572
5578582
5578592
5578622
5578662
5578682
5578702
5578742
5578752
5578822
5578832
5578882
5578892
5578932
5578942
5578952
5578992
5579012
5579042
5579072
5579092
5579162
5579192
5579202
5579252
5579262
5579342
5579352
5579402
5579412
5579442
5579502
5579512
5579532
5579552
5579562
5579642
5579652
5579662
5579672
5579682
5579712
5579762
5579792
5579862
5579872
5579892
5579942
5579952
5579972
5580002
5580072
5580102
5580122
5580132
5580152
5580172
5580202
5580272
5580322
5580332
5580472
5580482
5580512
5580542
5580562
5580602
5580612
5580642
5580662
5580722
5580762
5580802
5580862
5580872
5580912
5580922
5580972
5580982
5581012
5581032
5581042
5581102
5581122
5581132
5581142
5581212
5581222
5581252
5581282
5581322
5581402
5581412
5581422
5581442
5581482
5581522
5581552
5581582
5581592
5581612
5581622
5581632
5581662
5581672
5581702
5581742
5581752
5581772
5581842
5581872
5581942
5581992
5582012
5582022
5582042
5582072
5582112
5582122
5582132
5582142
5582162
5582182
5582192
5582202
5582212
5582252
5582262
5582272
5582282
5582292
5582302
5582312
5582352
5582362
5582372
5582382
5582402
5582472
5582512
5582602
5582612
5582622
5582632
5582642
5582652
5582662
5582692
5582722
5582742
5582752
5582772
5582782
5582802
5582822
5582852
5582862
5582872
5582902
5582932
5582962
5583002
5583032
5583052
5583072
5583092
5583242
5583252
5583262
5583272
5583282
5583302
5583312
5583322
5583332
5583342
5583352
5583372
5583392
5583402
5583412
5583442
5583452
5583472
5583492
5583572
5583602
5583622
5583652
5583682
5583692
5583732
5583742
5583862
5583912
5583922
5583932
5583942
5583952
5583992
5584002
5584012
5584022
5584032
5584062
5584072
5584082
5584092
5584102
5584112
5584222
5584232
5584242
5584312
5584322
5584332
5584362
5584382
5584392
5584432
5584442
5584452
5584472
5584482
5584492
5584532
5584632
5584672
5584702
5584742
5584772
5584802
5584842
5584852
5584862
5584882
5584892
5584962
5585002
5585022
5585052
5585102
5585152
5585172
5585182
5585202
5585212
5585232
5585242
5585262
5585332
5585342
5585362
5585392
5585412
5585432
5585472
5585592
5585612
5585632
5585642
5585652
5585662
5585672
5585682
5585712
5585732
5585862
5585892
5585942
5585992
5586102
5586142
5586182
5586192
5586202
5586212
5586242
5586252
5586262
5586302
5586312
5586402
5586432
5586452
5586462
5586482
5586542
5586552
5586572
5586582
5586612
5586672
5586682
5586692
5586722
5586732
5586742
5586782
5586802
5586812
5586822
5586842
5586862
5586882
5586892
5586902
5586922
5586962
5586982
5587012
5587032
5587092
5587152
5587162
5587172
5587182
5587192
5587212
5587222
5587302
5587362
5587382
5587412
5587442
5587452
5587462
5587502
5587512
5587522
5587532
5587542
5587552
5587562
5587592
5587602
5587612
5587622
5587632
5587652
5587672
5587682
5587702
5587732
5587742
5587762
5587772
5587802
5587932
5588002
5588302
5588322
5588382
5588412
5588442
5588472
5588482
5588512
5588522
5588552
5588592
5588612
5588632
5588682
5588712
5588722
5588792
5588822
5588862
5588882
5588952
5589012
5589052
5589102
5589142
5589192
5589232
5589242
5589252
5589272
5589312
5589322
5589332
5589342
5589362
5589372
5589392
5589402
5589422
5589462
5589492
5589522
5589532
5589552
5589562
5589572
5589612
5589632
5589642
5589702
5589742
5589752
5589782
5589802
5589812
5589822
5589832
5589852
5589862
5589872
5589902
5589912
5589922
5589932
5589972
5589992
5590002
5590022
5590042
5590052
5590132
5590162
5590182
5590202
5590212
5590292
5590312
5590332
5590362
5590372
5590382
5590392
5590432
5590472
5590482
5590492
5590512
5590542
5590552
5590562
5590572
5590592
5590602
5590642
5590652
5590692
5590712
5590732
5590752
5590772
5590812
5590842
5590862
5590882
5590922
5590952
5590962
5590992
5591002
5591062
5591132
5591242
5591292
5591342
5591352
5591402
5591512
5591572
5591602
5591632
5591652
5591672
5591682
5591732
5591802
5591852
5591892
5591922
5591962
5592002
5592012
5592032
5592122
5592162
5592172
5592182
5592202
5592322
5592352
5592372
5592402
5592482
5592522
5592592
5592612
5592632
5592652
5592662
5592672
5592692
5592712
5592732
5592772
5592782
5592792
5592832
5592852
5592862
5592872
5592912
5592932
5592952
5592962
5592972
5592992
5593012
5593022
5593042
5593082
5593112
5593122
5593142
5593192
5593202
5593292
5593342
5593352
5593362
5593382
5593392
5593512
5593562
5593572
5593582
5593592
5593602
5593612
5593622
5593662
5593732
5593752
5593762
5593832
5593842
5593852
5593912
5593922
5593932
5593942
5594092
5594142
5594192
5594202
5594272
5594342
5594412
5594422
5594432
5594482
5594512
5594592
5594642
5594662
5594702
5594722
5594742
5594752
5594772
5594782
5594792
5594802
5594822
5594832
5594872
5594882
5594892
5594902
5594912
5594932
5594942
5594952
5594962
5594972
5595002
5595012
5595032
5595042
5595052
5595062
5595092
5595102
5595112
5595122
5595132
5595152
5595162
5595172
5595192
5595202
5595212
5595232
5595252
5595272
5595282
5595322
5595342
5595352
5595372
5595382
5595392
5595412
5595422
5595432
5595452
5595462
5595502
5595522
5595532
5595582
5595622
5595632
5595652
5595672
5595682
5595692
5595772
5595782
5595802
5595812
5595832
5595842
5595862
5595882
5595902
5595922
5595932
5595942
5595952
5595962
5595982
5595992
5596002
5596012
5596022
5596032
5596052
5596062
5596072
5596082
5596092
5596112
5596122
5596132
5596142
5596152
5596172
5596182
5596202
5596222
5596242
5596252
5596262
5596282
5596322
5596332
5596342
5596372
5596402
5596432
5596442
5596452
5596492
5596592
5596642
5596662
5596712
5596732
5596882
5596892
5596952
5597042
5597122
5597142
5597152
5597192
5597242
5597272
5597302
5597322
5597392
5597422
5597572
5597682
5597692
5597722
5597742
5597792
5597862
5598022
5598082
5598132
5598142
5598152
5598172
5598202
5598222
5598242
5598282
5598382
5598422
5598442
5598452
5598512
5598542
5598722
5598752
5598782
5598792
5598822
5598892
5598922
5598972
5598982
5599012
5599042
5599072
5599082
5599102
5599132
5599172
5599182
5599192
5599212
5599222
5599272
5599302
5599312
5599322
5599352
5599372
5599392
5599412
5599422
5599442
5599462
5599512
5599532
5599542
5599582
5599662
5599692
5599772
5599792
5599852
5599892
5599902
5599932
5600042
5600062
5600072
5600172
5600192
5600312
5600322
5600352
5600412
5600432
5600512
5600622
5600652
5600782
5600812
5600852
5600862
5600872
5600882
5600932
5600972
5600982
5601002
5601012
5601032
5601052
5601062
5601102
5601172
5601192
5601232
5601362
5601502
5601662
5601672
5601712
5601802
5601862
5602002
5602122
5602172
5602182
5602262
5602282
5602302
5602322
5602402
5602472
5602522
5602552
5602612
5602652
5602702
5602712
5602772
5602792
5602832
5602862
5602872
5602892
5602902
5602912
5602932
5602942
5602952
5602982
5603002
5603132
5603272
5603292
5603302
5603352
5603372
5603382
5603452
5603472
5603552
5603562
5603582
5603632
5603682
5603692
5603712
5603762
5603772
5603802
5603842
5603852
5603862
5603892
5604032
5604042
5604082
5604102
5604112
5604152
5604172
5604182
5604192
5604252
5604262
5604302
5604322
5604422
5604462
5604472
5604512
5604532
5604542
5604602
5604622
5604632
5604692
5604762
5604792
5604832
5604852
5604872
5604902
5604922
5604962
5604972
5604992
5605002
5605012
5605022
5605032
5605062
5605082
5605092
5605102
5605112
5605122
5605142
5605182
5605202
5605232
5605252
5605362
5605502
5605562
5605572
5605582
5605592
5605602
5605622
5605632
5605642
5605672
5605682
5605722
5605732
5605782
5605812
5605882
5605972
5606002
5606042
5606092
5606132
5606172
5606232
5606252
5606262
5606292
5606312
5606352
5606382
5606392
5606402
5606452
5606462
5606482
5606502
5606552
5606642
5606702
5606772
5606812
5606842
5606872
5606902
5606922
5606932
5606952
5606962
5607002
5607032
5607042
5607052
5607062
5607082
5607102
5607112
5607142
5607182
5607202
5607212
5607242
5607252
5607292
5607312
5607322
5607332
5607342
5607362
5607372
5607382
5607412
5607452
5607462
5607472
5607512
5607522
5607542
5607582
5607612
5607622
5607652
5607672
5607702
5607712
5607722
5607732
5607742
5607752
5607762
5607772
5607782
5607792
5607802
5607822
5607832
5607842
5607852
5607862
5607882
5607902
5607912
5607942
5607952
5607962
5607992
5608002
5608012
5608022
5608032
5608042
5608052
5608062
5608072
5608092
5608102
5608112
5608132
5608192
5608232
5608342
5608382
5608402
5608422
5608432
5608452
5608462
5608512
5608522
5608562
5608592
5608602
5608642
5608672
5608702
5608752
5608782
5608872
5608912
5608962
5609042
5609082
5609112
5609122
5609152
5609262
5609432
5609442
5609612
5609632
5609792
5609822
5609852
5609932
5609952
5610022
5610032
5610072
5610082
5610122
5610142
5610152
5610202
5610232
5610342
5610382
5610402
5610482
5610582
5610612
5610672
5610742
5610772
5610782
5610832
5610872
5610892
5610902
5610942
5610962
5610972
5611032
5611042
5611072
5611092
5611152
5611232
5611282
5611292
5611392
5611412
5611472
5611532
5611572
5611582
5611612
5611622
5611642
5611652
5611682
5611692
5611702
5611722
5611742
5611752
5611762
5611772
5611782
5611792
5611812
5611822
5611832
5611842
5611892
5611902
5611912
5611972
5612102
5612132
5612142
5612182
5612192
5612312
5612342
5612382
5612452
5612462
5612492
5612592
5612602
5612652
5612672
5612742
5612882
5612892
5612922
5613002
5613012
5613032
5613082
5613092
5613152
5613192
5613202
5613212
5613232
5613272
5613332
5613392
5613542
5613552
5613572
5613632
5613712
5613732
5613782
5613802
5613822
5613832
5613842
5613852
5613912
5613922
5614002
5614032
5614092
5614102
5614112
5614122
5614132
5614142
5614232
5614292
5614342
5614392
5614552
5614612
5614632
5614652
5614662
5614692
5614732
5614772
5614782
5614812
5614822
5614832
5614862
5614872
5614882
5614892
5614912
5614942
5614962
5615022
5615042
5615052
5615062
5615072
5615082
5615112
5615122
5615132
5615142
5615152
5615172
5615202
5615242
5615252
5615272
5615282
5615342
5615352
5615372
5615532
5615592
5615662
5615732
5615742
5615782
5615792
5615802
5615842
5615862
5615892
5615902
5615952
5616002
5616022
5616032
5616042
5616052
5616062
5616112
5616142
5616152
5616162
5616172
5616182
5616222
5616262
5616272
5616302
5616332
5616352
5616362
5616372
5616382
5616392
5616412
5616422
5616432
5616442
5616452
5616462
5616472
5616482
5616492
5616532
5616542
5616552
5616572
5616612
5616702
5616812
5616822
5616842
5616862
5616872
5616912
5616922
5616932
5616952
5617032
5617042
5617062
5617082
5617092
5617112
5617132
5617142
5617172
5617232
5617272
5617292
5617302
5617322
5617332
5617342
5617352
5617382
5617402
5617542
5617552
5617572
5617642
5617662
5617682
5617752
5617812
5617832
5617852
5617872
5617912
5617932
5617962
5618012
5618022
5618052
5618072
5618112
5618172
5618192
5618262
5618342
5618402
5618422
5618462
5618472
5618492
5618502
5618512
5618552
5618562
5618592
5618622
5618672
5618722
5618782
5618802
5618812
5618832
5618882
5618952
5618992
5619012
5619022
5619062
5619112
5619152
5619212
5619222
5619302
5619422
5619492
5619612
5619622
5619702
5619712
5619722
5619732
5619742
5619782
5619812
5619852
5619872
5619922
5619962
5620022
5620042
5620052
5620072
5620082
5620112
5620122
5620132
5620182
5620212
5620242
5620252
5620272
5620282
5620292
5620312
5620382
5620452
5620472
5620512
5620532
5620562
5620592
5620652
5620662
5620682
5620702
5620792
5620812
5620872
5620902
5620942
5620962
5621022
5621062
5621122
5621192
5621202
5621232
5621272
5621382
5621402
5621452
5621462
5621492
5621522
5621532
5621552
5621582
5621602
5621612
5621632
5621642
5621652
5621662
5621722
5621742
5621752
5621772
5621822
5621842
5621882
5621902
5621912
5621922
5621942
5621952
5621972
5621992
5622002
5622012
5622022
5622062
5622072
5622082
5622092
5622102
5622162
5622182
5622202
5622212
5622242
5622262
5622292
5622312
5622332
5622372
5622392
5622402
5622412
5622462
5622482
5622502
5622522
5622562
5622612
5622662
5622692
5622742
5622782
5622802
5622862
5622902
5622912
5622932
5622942
5622952
5622972
5622982
5623002
5623012
5623022
5623062
5623122
5623152
5623162
5623182
5623202
5623282
5623502
5623522
5623532
5623602
5623612
5623642
5623712
5623792
5623802
5623832
5623872
5623912
5623942
5624012
5624062
5624112
5624132
5624152
5624162
5624172
5624182
5624302
5624322
5624372
5624402
5624422
5624522
5624542
5624692
5624742
5624762
5624772
5624852
5624872
5624972
5624992
5625002
5625022
5625042
5625052
5625062
5625122
5625172
5625202
5625372
5625402
5625452
5625492
5625552
5625652
5625672
5625682
5625732
5625752
5625762
5625772
5625802
5625812
5625832
5625842
5625852
5625882
5625892
5625912
5625922
5625932
5626032
5626322
5626582
5626622
5626632
5627002
5627142
5627292
5627302
5627312
5627392
5627412
5627432
5627442
5627492
5627532
5627582
5627642
5627662
5627702
5627742
5627822
5627872
5627932
5627982
5628032
5628082
5628112
5628142
5628172
5628202
5628212
5628222
5628232
5628242
5628282
5628292
5628352
5628362
5628372
5628382
5628392
5628422
5628432
5628442
5628452
5628462
5628472
5628572
5628852
5628862
5628872
5628882
5628902
5628912
5628922
5628932
5628962
5628972
5628982
5629022
5629032
5629072
5629122
5629132
5629152
5629192
5629272
5629292
5629302
5629312
5629322
5629332
5629342
5629372
5629382
5629392
5629432
5629452
5629472
5629482
5629492
5629502
5629512
5629522
5629542
5629562
5629582
5629592
5629612
5629622
5629632
5629642
5629662
5629672
5629682
5629692
5629712
5629722
5629732
5629742
5629832
5629842
5629852
5629862
5629872
5629882
5629892
5630052
5630122
5630142
5630222
5630302
5630312
5630322
5630352
5630372
5630382
5630402
5630412
5630422
5630432
5630442
5630462
5630472
5630492
5630502
5630512
5630532
5630542
5630552
5630572
5630632
5630642
5630662
5630682
5630732
5630742
5630792
5630852
5630912
5630932
5631042
5631152
5631182
5631222
5631292
5631312
5631332
5631352
5631372
5631382
5631392
5631402
5631442
5631482
5631492
5631532
5631542
5631562
5631582
5631632
5631642
5631672
5631692
5631732
5631772
5631802
5631842
5631972
5632132
5632142
5632152
5632162
5632182
5632192
5632212
5632222
5632232
5632242
5632252
5632272
5632292
5632312
5632322
5632332
5632342
5632352
5632382
5632392
5632452
5632482
5632492
5632532
5632542
5632562
5632572
5632582
5632612
5632622
5632662
5632692
5632712
5632772
5632782
5632812
5632852
5632912
5632932
5632942
5632972
5633042
5633152
5633162
5633282
5633322
5633332
5633372
5633412
5633542
5633572
5633642
5633692
5633712
5633822
5633882
5633892
5633962
5633972
5633982
5633992
5634002
5634012
5634022
5634032
5634042
5634052
5634062
5634072
5634082
5634122
5634132
5634142
5634162
5634172
5634212
5634242
5634252
5634262
5634282
5634302
5634322
5634362
5634392
5634522
5634632
5634642
5634762
5634792
5634872
5634892
5634922
5634972
5634982
5635002
5635022
5635032
5635042
5635102
5635122
5635132
5635162
5635172
5635202
5635232
5635252
5635272
5635302
5635312
5635352
5635392
5635442
5635492
5635522
5635562
5635622
5635652
5635672
5635702
5635712
5635742
5635782
5635812
5635852
5635862
5635882
5635972
5635992
5636012
5636022
5636032
5636092
5636142
5636172
5636202
5636232
5636242
5636252
5636292
5636342
5636352
5636402
5636432
5636442
5636452
5636482
5636502
5636532
5636632
5636652
5636812
5636872
5636882
5636892
5636912
5636922
5636932
5636942
5636952
5636962
5636972
5636992
5637092
5637122
5637172
5637202
5637212
5637242
5637252
5637282
5637302
5637322
5637332
5637352
5637372
5637382
5637392
5637432
5637442
5637462
5637472
5637522
5637532
5637672
5637702
5637712
5637762
5637782
5637792
5637812
5637862
5637952
5637982
5638002
5638052
5638092
5638102
5638132
5638212
5638262
5638272
5638292
5638352
5638422
5638442
5638452
5638482
5638542
5638552
5638562
5638602
5638622
5638642
5638652
5638682
5638732
5638812
5638822
5638852
5638932
5638942
5638972
5639042
5639092
5639112
5639132
5639142
5639162
5639172
5639192
5639212
5639222
5639232
5639242
5639262
5639282
5639312
5639342
5639362
5639372
5639382
5639392
5639482
5639552
5639572
5639592
5639602
5639642
5639652
5639662
5639672
5639852
5639862
5639882
5639942
5640012
5640062
5640072
5640102
5640162
5640182
5640292
5640312
5640332
5640382
5640422
5640432
5640502
5640522
5640552
5640582
5640602
5640622
5640652
5640672
5640682
5640742
5640752
5640782
5640802
5640882
5640902
5640992
5641002
5641012
5641082
5641182
5641232
5641382
5641422
5641442
5641472
5641482
5641492
5641572
5641642
5641652
5641662
5641682
5641692
5641702
5641722
5641732
5641752
5641832
5641842
5641892
5641912
5642002
5642032
5642052
5642122
5642132
5642152
5642182
5642212
5642222
5642252
5642262
5642282
5642302
5642362
5642392
5642412
5642422
5642432
5642472
5642502
5642512
5642592
5642632
5642752
5642772
5642782
5642822
5642832
5642842
5642872
5642972
5643032
5643102
5643152
5643202
5643212
5643262
5643352
5643372
5643412
5643482
5643542
5643552
5643562
5643582
5643612
5643642
5643662
5643682
5643692
5643742
5643782
5643832
5643842
5643902
5643922
5643932
5643942
5643972
5643982
5643992
5644022
5644052
5644062
5644092
5644132
5644172
5644202
5644222
5644252
5644282
5644292
5644462
5644502
5644642
5644652
5644662
5644672
5644712
5644732
5644742
5644772
5644802
5644812
5644832
5644872
5644972
5645022
5645042
5645062
5645072
5645102
5645162
5645192
5645202
5645212
5645322
5645372
5645402
5645412
5645422
5645452
5645472
5645482
5645542
5645552
5645592
5645602
5645632
5645642
5645652
5645672
5645702
5645712
5645742
5645762
5645772
5645792
5645812
5645852
5645862
5645882
5645892
5645902
5645912
5645932
5645942
5645962
5645982
5646002
5646022
5646032
5646042
5646052
5646062
5646082
5646102
5646132
5646142
5646152
5646202
5646212
5646222
5646272
5646282
5646292
5646382
5646472
5646512
5646552
5646592
5646602
5646622
5646662
5646682
5646732
5646762
5646772
5646792
5646802
5646852
5646862
5646872
5646882
5646962
5646972
5646992
5647002
5647042
5647122
5647162
5647182
5647202
5647232
5647252
5647392
5647432
5647472
5647572
5647652
5647662
5647672
5647712
5647742
5647752
5647792
5647802
5647822
5647832
5647842
5647862
5647892
5647922
5647982
5648062
5648072
5648082
5648102
5648112
5648132
5648142
5648152
5648162
5648172
5648192
5648212
5648252
5648282
5648302
5648322
5648342
5648372
5648392
5648422
5648482
5648512
5648582
5648672
5648682
5648712
5648732
5648752
5648762
5648792
5648812
5648822
5648832
5648842
5648852
5648862
5648882
5648922
5649012
5649082
5649092
5649132
5649152
5649172
5649292
5649302
5649322
5649342
5649352
5649362
5649372
5649392
5649422
5649432
5649442
5649512
5649532
5649542
5649552
5649562
5649572
5649622
5649632
5649642
5649652
5649682
5649742
5649752
5649762
5649772
5649782
5649792
5649812
5649822
5649952
5650012
5650042
5650052
5650082
5650102
5650112
5650142
5650152
5650172
5650182
5650202
5650222
5650232
5650272
5650302
5650342
5650362
5650382
5650402
5650422
5650442
5650492
5650522
5650542
5650632
5650642
5650702
5650732
5650782
5650882
5650912
5650952
5650962
5651002
5651012
5651042
5651062
5651072
5651082
5651092
5651102
5651112
5651122
5651132
5651142
5651152
5651162
5651182
5651202
5651212
5651242
5651262
5651362
5651422
5651432
5651442
5651472
5651492
5651522
5651532
5651552
5651562
5651572
5651612
5651642
5651652
5651742
5651752
5651762
5651772
5651792
5651802
5651812
5651822
5651842
5651882
5651912
5651962
5652042
5652132
5652152
5652162
5652182
5652232
5652282
5652342
5652362
5652412
5652422
5652502
5652512
5652652
5652712
5652732
5652832
5652852
5652952
5653032
5653092
5653102
5653112
5653122
5653152
5653162
5653172
5653232
5653262
5653292
5653332
5653352
5653372
5653422
5653502
5653562
5653592
5653642
5653672
5653702
5653792
5653822
5653842
5653852
5653862
5653902
5653922
5654002
5654102
5654162
5654212
5654242
5654302
5654432
5654442
5654512
5654622
5654662
5654732
5654772
5654782
5654792
5654802
5654842
5654852
5654862
5654872
5654882
5654902
5654912
5654932
5654972
5655032
5655042
5655052
5655082
5655102
5655112
5655122
5655182
5655192
5655212
5655232
5655252
5655312
5655322
5655332
5655392
5655492
5655562
5655592
5655722
5655732
5655792
5655802
5655822
5655872
5655892
5655902
5655942
5655992
5656002
5656042
5656112
5656202
5656222
5656232
5656262
5656272
5656312
5656332
5656342
5656352
5656362
5656392
5656422
5656442
5656462
5656482
5656552
5656562
5656712
5656742
5656752
5656762
5656772
5656782
5656792
5656802
5656832
5656852
5656882
5656902
5656912
5656932
5656942
5656952
5656982
5656992
5657022
5657052
5657062
5657072
5657082
5657092
5657102
5657132
5657162
5657172
5657182
5657212
5657232
5657322
5657332
5657362
5657372
5657392
5657432
5657442
5657472
5657492
5657522
5657532
5657542
5657552
5657572
5657582
5657602
5657612
5657632
5657642
5657652
5657662
5657672
5657692
5657742
5657752
5657762
5657772
5657802
5657812
5657912
5657962
5658032
5658042
5658052
5658112
5658132
5658152
5658162
5658182
5658202
5658232
5658242
5658272
5658282
5658322
5658362
5658372
5658412
5658462
5658542
5658692
5658702
5658722
5658762
5658832
5658912
5659002
5659012
5659022
5659092
5659172
5659182
5659192
5659232
5659252
5659302
5659402
5659412
5659472
5659482
5659522
5659532
5659542
5659562
5659602
5659612
5659652
5659682
5659732
5659772
5659802
5659982
5660032
5660052
5660252
5660322
5660352
5660392
5660412
5660612
5660692
5660732
5660772
5660782
5660822
5660842
5660852
5660882
5660912
5660932
5660962
5660972
5660982
5661042
5661102
5661292
5661372
5661382
5661422
5661472
5661502
5661582
5661612
5661652
5661692
5661702
5661722
5661742
5661752
5661792
5661802
5661862
5661872
5661922
5661932
5661982
5661992
5662002
5662022
5662042
5662072
5662092
5662152
5662202
5662242
5662282
5662312
5662322
5662342
5662362
5662432
5662562
5662572
5662602
5662692
5662732
5662742
5662832
5662842
5662862
5662902
5662922
5662952
5662982
5663012
5663022
5663102
5663112
5663132
5663142
5663152
5663192
5663202
5663262
5663282
5663292
5663362
5663402
5663432
5663482
5663502
5663512
5663522
5663542
5663552
5663572
5663582
5663632
5663642
5663662
5663682
5663692
5663702
5663722
5663732
5663762
5663792
5663822
5663872
5663892
5663902
5663922
5663942
5663952
5663962
5663992
5664012
5664022
5664032
5664042
5664082
5664092
5664122
5664152
5664182
5664222
5664232
5664252
5664262
5664322
5664332
5664362
5664372
5664422
5664502
5664572
5664692
5664702
5664732
5664812
5664822
5664852
5664862
5664902
5664912
5664982
5664992
5665082
5665132
5665152
5665192
5665232
5665282
5665312
5665352
5665382
5665442
5665502
5665542
5665602
5665622
5665652
5665662
5665692
5665702
5665712
5665722
5665732
5665802
5665832
5665872
5665932
5665952
5665972
5665992
5666122
5666142
5666162
5666182
5666202
5666212
5666382
5666402
5666422
5666462
5666482
5666592
5666622
5666632
5666702
5666782
5666902
5666922
5666962
5667082
5667132
5667142
5667162
5667272
5667312
5667362
5667382
5667392
5667482
5667562
5667602
5667622
5667652
5667672
5667702
5667812
5667822
5667832
5667892
5667912
5667922
5667982
5668002
5668082
5668092
5668162
5668172
5668192
5668222
5668242
5668252
5668282
5668322
5668382
5668402
5668412
5668442
5668512
5668532
5668552
5668602
5668622
5668672
5668732
5668872
5668922
5668962
5669012
5669122
5669142
5669212
5669222
5669232
5669252
5669352
5669362
5669382
5669402
5669432
5669452
5669492
5669542
5669602
5669612
5669622
5669682
5669712
5669742
5669752
5669862
5669882
5669892
5669912
5669932
5669972
5670052
5670132
5670172
5670182
5670192
5670262
5670322
5670342
5670382
5670412
5670432
5670442
5670452
5670462
5670482
5670512
5670532
5670552
5670592
5670622
5670662
5670692
5670722
5670842
5670862
5670872
5670922
5670962
5670992
5671042
5671072
5671082
5671122
5671152
5671202
5671222
5671232
5671272
5671342
5671382
5671402
5671412
5671432
5671442
5671452
5671462
5671662
5671732
5671752
5671802
5671812
5671842
5671852
5671872
5671892
5671912
5671932
5671942
5671952
5672022
5672052
5672072
5672102
5672162
5672202
5672212
5672222
5672342
5672352
5672402
5672412
5672432
5672442
5672482
5672492
5672562
5672572
5672612
5672622
5672632
5672652
5672662
5672732
5672782
5672842
5672852
5672862
5672992
5673012
5673032
5673062
5673122
5673152
5673162
5673252
5673292
5673312
5673342
5673352
5673362
5673382
5673392
5673402
5673422
5673432
5673452
5673462
5673482
5673492
5673502
5673512
5673522
5673552
5673612
5673662
5673772
5673812
5673822
5673902
5674032
5674062
5674092
5674102
5674112
5674122
5674202
5674262
5674302
5674352
5674412
5674472
5674492
5674502
5674512
5674522
5674552
5674562
5674572
5674582
5674602
5674612
5674622
5674632
5674642
5674652
5674662
5674672
5674682
5674692
5674702
5674712
5674742
5674752
5674772
5674782
5674792
5674802
5674822
5674832
5674922
5675072
5675092
5675112
5675202
5675242
5675252
5675272
5675302
5675342
5675382
5675392
5675412
5675432
5675482
5675502
5675512
5675542
5675552
5675572
5675582
5675622
5675792
5675802
5675822
5675832
5675872
5675902
5675922
5675932
5675982
5676012
5676052
5676102
5676112
5676162
5676222
5676252
5676262
5676272
5676292
5676302
5676322
5676362
5676382
5676412
5676422
5676462
5676472
5676492
5676512
5676532
5676552
5676672
5676732
5676752
5676832
5676842
5676962
5676972
5676982
5677022
5677052
5677122
5677132
5677152
5677192
5677212
5677222
5677252
5677262
5677272
5677292
5677302
5677312
5677322
5677342
5677352
5677382
5677392
5677402
5677412
5677442
5677472
5677502
5677542
5677562
5677602
5677622
5677652
5677702
5677792
5677852
5677912
5677952
5677972
5677982
5677992
5678032
5678042
5678052
5678062
5678082
5678092
5678112
5678122
5678152
5678182
5678202
5678222
5678262
5678272
5678292
5678312
5678382
5678462
5678472
5678492
5678542
5678552
5678562
5678682
5678702
5678732
5678762
5678802
5678812
5678832
5678842
5678852
5678862
5678872
5678902
5678932
5678952
5678962
5679032
5679132
5679162
5679192
5679212
5679252
5679282
5679312
5679332
5679352
5679362
5679372
5679382
5679432
5679442
5679472
5679532
5679552
5679602
5679622
5679632
5679662
5679692
5679722
5679742
5679752
5679812
5679842
5679872
5679902
5680012
5680042
5680082
5680122
5680182
5680192
5680242
5680262
5680282
5680352
5680372
5680402
5680432
5680452
5680522
5680532
5680582
5680602
5680622
5680642
5680692
5680712
5680722
5680742
5680832
5680852
5680922
5680932
5680942
5680992
5681012
5681112
5681132
5681152
5681182
5681202
5681232
5681242
5681252
5681292
5681302
5681372
5681392
5681402
5681432
5681452
5681492
5681512
5681562
5681582
5681602
5681662
5681682
5681742
5681752
5681762
5681772
5681812
5681832
5681842
5681862
5681972
5681982
5682002
5682062
5682072
5682092
5682142
5682162
5682192
5682232
5682242
5682272
5682302
5682312
5682352
5682362
5682392
5682402
5682412
5682432
5682442
5682472
5682512
5682532
5682552
5682562
5682592
5682602
5682612
5682622
5682632
5682762
5682772
5682972
5682982
5683002
5683012
5683052
5683092
5683122
5683142
5683172
5683202
5683232
5683252
5683292
5683352
5683402
5683452
5683512
5683642
5683712
5683762
5683812
5683872
5683972
5683992
5684042
5684052
5684092
5684162
5684182
5684222
5684232
5684272
5684292
5684302
5684332
5684362
5684382
5684392
5684442
5684452
5684462
5684572
5684582
5684622
5684722
5684782
5684792
5684852
5685022
5685032
5685122
5685152
5685162
5685172
5685182
5685232
5685242
5685302
5685432
5685472
5685512
5685542
5685582
5685592
5685632
5685642
5685682
5685692
5685732
5685772
5685842
5685872
5685882
5685902
5685952
5685992
5686012
5686032
5686052
5686072
5686092
5686142
5686172
5686182
5686232
5686462
5686492
5686512
5686542
5686572
5686602
5686612
5686712
5686722
5686762
5686772
5686792
5686862
5686872
5686882
5686932
5686962
5686982
5687052
5687072
5687132
5687222
5687332
5687362
5687432
5687442
5687512
5687532
5687542
5687612
5687632
5687642
5687662
5687672
5687722
5687752
5687782
5687812
5687902
5688002
5688022
5688032
5688082
5688112
5688122
5688162
5688172
5688212
5688232
5688262
5688272
5688282
5688392
5688422
5688432
5688462
5688592
5688612
5688642
5688702
5688782
5688822
5688832
5688892
5688922
5688942
5688982
5688992
5689002
5689012
5689022
5689042
5689052
5689152
5689202
5689212
5689262
5689312
5689332
5689352
5689382
5689392
5689482
5689552
5689572
5689622
5689732
5689752
5689782
5689852
5689862
5689882
5689942
5689972
5690042
5690132
5690152
5690202
5690212
5690292
5690342
5690372
5690382
5690392
5690462
5690482
5690582
5690652
5690702
5690812
5690872
5690892
5691032
5691052
5691092
5691112
5691132
5691202
5691222
5691232
5691242
5691252
5691262
5691272
5691312
5691362
5691392
5691402
5691492
5691582
5691602
5691622
5691642
5691672
5691682
5691692
5691852
5691862
5691872
5691952
5692022
5692102
5692132
5692172
5692292
5692302
5692342
5692352
5692372
5692422
5692662
5692882
5692912
5692972
5693032
5693072
5693162
5693262
5693422
5693442
5693502
5693522
5693572
5693582
5693622
5693672
5693712
5693832
5693932
5693952
5693962
5693982
5694022
5694212
5694222
5694262
5694302
5694332
5694362
5694412
5694462
5694492
5694502
5694522
5694542
5694552
5694592
5694642
5694762
5694962
5695052
5695212
5695282
5695632
5695772
5695902
5696042
5698322
5698332
5698392
5698432
5698472
5698622
5698642
5698722
5698772
5698792
5698822
5698862
5699022
5699052
5699092
5699102
5699112
5699122
5699142
5699152
5699162
5699182
5699202
5699212
5699232
5699262
5699282
5699292
5699382
5699392
5699402
5699422
5699442
5699462
5699472
5699502
5699512
5699522
5699532
5699552
5699582
5699592
5699612
5699632
5699662
5699682
5699692
5699702
5699712
5699722
5699732
5699742
5699782
5699792
5699822
5700052
5700072
5700122
5700172
5700222
5700252
5700272
5700282
5700312
5700332
5700352
5700372
5700382
5700402
5700412
5700422
5700442
5700452
5700472
5700492
5700502
5700542
5700552
5700642
5700662
5700672
5700752
5700762
5700772
5700802
5700812
5700822
5700942
5701042
5701052
5701172
5701302
5701312
5701332
5701352
5701402
5701422
5701452
5701462
5701532
5701592
5701652
5701672
5701702
5701712
5701732
5701802
5701842
5701852
5701912
5701952
5701962
5701982
5702012
5702022
5702062
5702082
5702132
5702162
5702182
5702222
5702292
5702322
5702362
5702372
5702382
5702392
5702422
5702432
5702442
5702462
5702472
5702482
5702512
5702522
5702532
5702542
5702562
5702572
5702582
5702602
5702652
5702672
5702682
5702692
5702722
5702822
5702832
5702862
5702892
5702922
5703042
5703062
5703142
5703152
5703172
5703182
5703192
5703202
5703222
5703282
5703312
5703392
5703432
5703452
5703502
5703522
5703552
5703692
5703722
5703772
5703822
5703852
5703932
5703962
5704062
5704072
5704092
5704162
5704192
5704252
5704272
5704322
5704332
5704372
5704412
5704442
5704452
5704502
5704542
5704562
5704582
5704722
5704762
5704892
5704902
5704962
5705012
5705042
5705092
5705132
5705142
5705162
5705192
5705202
5705222
5705242
5705272
5705282
5705322
5705382
5705442
5705452
5705462
5705542
5705622
5705672
5705702
5705722
5705742
5705792
5705832
5705862
5705902
5705912
5705922
5705952
5706032
5706072
5706092
5706142
5706172
5706212
5706232
5706272
5706292
5706312
5706412
5706452
5706522
5706552
5706622
5706642
5706652
5706662
5706762
5706802
5706852
5706912
5706992
5707002
5707022
5707042
5707052
5707062
5707102
5707112
5707262
5707282
5707292
5707312
5707342
5707362
5707392
5707422
5707462
5707472
5707482
5707552
5707572
5707612
5707622
5707742
5707842
5707862
5707882
5707902
5707932
5707942
5708052
5708062
5708132
5708232
5708322
5708342
5708352
5708362
5708382
5708392
5708412
5708432
5708482
5708492
5708522
5708592
5708622
5708652
5708662
5708692
5708702
5708742
5708752
5708762
5708772
5708842
5708862
5708892
5708922
5708932
5708972
5708982
5709002
5709022
5709062
5709072
5709112
5709132
5709152
5709172
5709212
5709272
5709292
5709342
5709352
5709382
5709392
5709462
5709472
5709482
5709502
5709522
5709532
5709592
5709602
5709612
5709622
5709642
5709652
5709662
5709672
5709692
5709712
5709722
5709772
5709802
5709882
5709902
5709932
5710072
5710132
5710222
5710232
5710242
5710262
5710272
5710282
5710302
5710332
5710342
5710442
5710452
5710492
5710562
5710582
5710632
5710642
5710802
5710882
5710902
5710932
5710962
5710982
5711022
5711032
5711052
5711062
5711102
5711152
5711172
5711192
5711222
5711362
5711402
5711422
5711452
5711462
5711472
5711482
5711492
5711572
5711702
5711712
5711742
5711772
5711802
5711862
5711882
5711942
5711972
5711982
5711992
5712032
5712062
5712082
5712112
5712122
5712132
5712142
5712172
5712192
5712232
5712272
5712292
5712312
5712342
5712402
5712422
5712462
5712542
5712602
5712612
5712642
5712742
5712772
5712782
5712802
5712832
5712932
5712962
5712992
5713012
5713082
5713132
5713152
5713232
5713322
5713332
5713492
5713552
5713642
5713662
5713722
5713752
5713772
5713782
5713842
5713852
5713902
5713922
5713982
5714022
5714082
5714092
5714182
5714192
5714222
5714282
5714292
5714302
5714342
5714402
5714522
5714572
5714752
5714802
5714822
5714832
5714852
5714922
5714982
5714992
5715022
5715052
5715062
5715122
5715192
5715322
5715432
5715512
5715662
5715712
5715742
5715832
5715852
5715862
5715882
5715892
5715912
5715942
5716012
5716072
5716132
5716242
5716282
5716292
5716302
5716322
5716392
5716402
5716422
5716432
5716482
5716512
5716522
5716542
5716572
5716652
5716692
5716712
5716832
5716912
5716972
5717062
5717162
5717202
5717332
5717342
5717392
5717402
5717532
5717552
5717632
5717642
5717672
5717702
5717732
5717772
5717782
5717822
5717862
5717912
5717952
5717962
5718012
5718052
5718142
5718152
5718202
5718232
5718322
5718352
5718392
5718412
5718432
5718482
5718522
5718552
5718592
5718632
5718662
5718672
5718702
5718712
5718792
5718862
5718892
5718952
5718992
5719002
5719032
5719042
5719052
5719122
5719152
5719192
5719202
5719232
5719252
5719272
5719312
5719332
5719362
5719372
5719392
5719422
5719532
5719542
5719562
5719602
5719622
5719632
5719692
5719702
5719722
5719732
5719742
5719842
5719912
5719992
5720062
5720082
5720092
5720132
5720232
5720282
5720302
5720322
5720372
5720412
5720442
5720472
5720482
5720492
5720502
5720512
5720532
5720562
5720582
5720592
5720602
5720622
5720652
5720682
5720752
5720772
5720802
5720852
5720862
5720882
5720922
5720942
5720972
5720982
5721002
5721012
5721032
5721052
5721082
5721112
5721152
5721252
5721282
5721302
5721312
5721382
5721442
5721472
5721532
5721572
5721612
5721642
5721662
5721692
5721702
5721752
5721802
5721832
5721852
5721882
5721902
5721922
5721952
5722092
5722182
5722212
5722232
5722362
5722392
5722452
5722482
5722502
5722552
5722682
5722752
5722772
5722842
5722872
5722892
5722912
5722942
5722972
5723042
5723052
5723062
5723092
5723122
5723142
5723152
5723162
5723172
5723202
5723212
5723232
5723242
5723262
5723312
5723322
5723342
5723352
5723362
5723372
5723382
5723392
5723402
5723412
5723422
5723452
5723472
5723542
5723562
5723582
5723602
5723642
5723722
5723762
5723852
5723872
5723922
5723942
5723972
5724032
5724062
5724102
5724112
5724132
5724202
5724272
5724302
5724342
5724372
5724412
5724532
5724542
5724582
5724632
5724642
5724662
5724672
5724692
5724702
5724712
5724742
5724762
5724852
5724982
5724992
5725012
5725062
5725152
5725292
5725302
5725332
5725342
5725352
5725362
5725392
5725412
5725442
5725472
5725502
5725512
5725542
5725562
5725572
5725582
5725592
5725612
5725642
5725652
5725682
5725772
5725802
5725842
5725852
5725862
5725882
5725902
5725932
5725942
5725952
5726142
5726152
5726182
5726202
5726212
5726222
5726242
5726252
5726272
5726282
5726292
5726302
5726342
5726352
5726412
5726432
5726452
5726492
5726512
5726522
5726572
5726602
5726612
5726622
5726642
5726652
5726682
5726712
5726812
5726822
5726832
5726872
5726902
5726922
5726942
5726962
5727022
5727212
5727272
5727322
5727362
5727412
5727422
5727442
5727472
5727482
5727522
5727552
5727562
5727572
5727602
5727622
5727642
5727672
5727722
5727762
5727782
5727802
5727942
5727962
5727992
5728002
5728032
5728062
5728072
5728092
5728132
5728252
5728262
5728272
5728292
5728372
5728442
5728492
5728542
5728582
5728642
5728662
5728692
5728712
5728742
5728772
5728842
5728862
5728902
5728912
5728922
5728942
5728972
5728992
5729042
5729052
5729062
5729182
5729212
5729222
5729232
5729242
5729282
5729292
5729302
5729332
5729342
5729352
5729362
5729372
5729382
5729392
5729402
5729412
5729422
5729442
5729452
5729462
5729502
5729562
5729732
5729742
5729762
5729782
5729792
5729822
5729832
5729862
5729912
5729942
5729992
5730012
5730032
5730042
5730062
5730092
5730102
5730122
5730132
5730142
5730192
5730212
5730272
5730282
5730292
5730302
5730312
5730322
5730332
5730342
5730352
5730362
5730372
5730382
5730392
5730412
5730422
5730432
5730442
5730472
5730512
5730522
5730532
5730542
5730552
5730652
5730682
5730722
5730742
5730752
5730792
5730832
5730882
5730892
5730912
5730932
5730942
5730952
5730962
5730982
5731012
5731052
5731062
5731072
5731082
5731092
5731122
5731132
5731152
5731162
5731172
5731182
5731192
5731212
5731242
5731252
5731272
5731312
5731342
5731362
5731372
5731402
5731442
5731452
5731512
5731612
5731682
5731702
5731732
5731752
5731782
5731802
5731812
5731842
5731862
5731922
5731952
5731982
5732012
5732022
5732032
5732072
5732082
5732092
5732122
5732202
5732272
5732302
5732312
5732402
5732412
5732432
5732462
5732492
5732522
5732542
5732552
5732582
5732652
5732682
5732732
5732762
5732772
5732882
5732902
5732922
5733032
5733082
5733112
5733122
5733162
5733172
5733222
5733232
5733272
5733312
5733402
5733412
5733442
5733452
5733482
5733492
5733502
5733572
5733602
5733652
5733762
5733772
5733812
5733902
5733992
5734012
5734042
5734102
5734112
5734142
5734152
5734162
5734182
5734192
5734302
5734332
5734392
5734402
5734422
5734482
5734542
5734552
5734562
5734572
5734612
5734622
5734642
5734682
5734722
5734752
5734762
5734832
5734872
5734902
5734922
5734942
5734952
5734982
5735042
5735082
5735092
5735102
5735142
5735152
5735192
5735202
5735252
5735272
5735302
5735322
5735422
5735452
5735482
5735492
5735532
5735552
5735622
5735652
5735792
5735812
5735842
5735982
5736002
5736052
5736092
5736122
5736132
5736152
5736162
5736252
5736282
5736302
5736322
5736402
5736422
5736432
5736472
5736482
5736492
5736502
5736512
5736642
5736662
5736672
5736712
5736732
5736772
5736782
5736792
5736802
5736842
5736892
5736902
5736942
5737062
5737102
5737112
5737122
5737142
5737162
5737192
5737212
5737222
5737242
5737252
5737302
5737322
5737382
5737412
5737432
5737472
5737502
5737522
5737552
5737612
5737672
5737752
5737782
5737932
5737972
5737982
5737992
5738022
5738142
5738222
5738242
5738262
5738282
5738302
5738322
5738382
5738482
5738562
5738582
5738592
5738632
5738692
5738712
5738832
5738912
5738922
5738952
5739042
5739062
5739122
5739202
5739252
5739322
5739372
5739392
5739432
5739442
5739472
5739482
5739492
5739512
5739562
5739582
5739612
5739662
5739672
5739682
5739712
5739722
5739772
5739792
5739842
5739852
5739862
5739892
5739902
5739942
5740002
5740012
5740042
5740162
5740202
5740242
5740332
5740362
5740412
5740432
5740442
5740462
5740492
5740502
5740532
5740562
5740652
5740672
5740712
5740752
5740832
5740892
5740992
5741002
5741012
5741032
5741042
5741052
5741062
5741072
5741082
5741412
5741442
5741452
5741462
5741472
5741482
5741492
5741502
5741512
5741522
5741532
5741542
5741552
5741562
5741572
5741582
5741602
5741612
5741622
5741632
5741642
5741652
5741692
5741712
5741722
5741732
5741742
5741802
5741822
5741842
5741852
5741872
5741882
5741962
5741972
5742002
5742022
5742092
5742162
5742182
5742192
5742222
5742252
5742262
5742282
5742292
5742302
5742312
5742322
5742332
5742342
5742352
5742362
5742382
5742392
5742412
5742432
5742462
5742492
5742502
5742542
5742552
5742572
5742582
5742602
5742622
5742652
5742662
5742682
5742712
5742722
5742732
5742742
5742752
5742762
5742772
5742792
5742802
5742812
5742822
5742832
5742842
5742852
5742862
5742872
5742892
5742952
5742962
5742972
5742982
5743252
5743272
5743282
5743332
5743342
5743492
5743502
5743512
5743522
5743532
5743542
5743562
5743572
5743592
5743612
5743702
5743712
5743722
5743732
5743742
5743752
5743762
5743772
5743782
5743792
5743802
5743812
5743822
5743832
5743842
5743852
5743862
5743872
5743892
5743902
5743912
5743922
5743932
5743952
5743962
5743972
5743982
5743992
5744002
5744012
5744022
5744082
5744102
5744112
5744162
5744192
5744292
5744402
5744412
5744422
5744472
5744492
5744502
5744512
5744522
5744532
5744552
5744562
5744652
5744692
5744712
5744722
5744752
5744872
5744882
5744952
5744982
5745022
5745162
5745172
5745202
5745232
5745242
5745252
5745272
5745282
5745292
5745302
5745312
5745332
5745362
5745382
5745442
5745452
5745472
5745492
5745502
5745512
5745522
5745532
5745542
5745552
5745562
5745602
5745612
5745642
5745662
5745782
5745812
5745832
5745842
5745862
5745882
5745942
5745952
5745962
5745972
5745982
5745992
5746002
5746042
5746052
5746112
5746162
5746222
5746342
5746392
5746402
5746572
5746742
5746752
5746762
5746802
5746822
5746852
5746902
5746922
5746962
5746982
5746992
5747002
5747022
5747032
5747092
5747102
5747152
5747172
5747222
5747242
5747332
5747342
5747352
5747392
5747412
5747442
5747452
5747472
5747502
5747562
5747582
5747632
5747652
5747662
5747772
5747792
5747812
5747832
5747842
5747872
5747892
5747902
5747912
5747922
5747932
5747942
5747962
5747972
5747982
5748012
5748022
5748032
5748042
5748052
5748062
5748072
5748142
5748222
5748262
5748282
5748322
5748372
5748392
5748402
5748412
5748422
5748432
5748442
5748452
5748462
5748472
5748482
5748502
5748512
5748522
5748562
5748602
5748622
5748662
5748722
5748742
5748772
5748792
5748822
5748912
5748952
5748972
5748992
5749052
5749082
5749132
5749142
5749152
5749192
5749212
5749222
5749232
5749262
5749312
5749382
5749432
5749442
5749482
5749652
5749692
5749712
5749762
5749812
5749822
5749842
5749902
5750002
5750062
5750182
5750342
5750362
5750382
5750442
5750622
5750652
5750732
5750852
5750862
5750912
5750922
5750932
5750952
5751002
5751012
5751022
5751032
5751052
5751152
5751222
5751332
5751372
5751412
5751452
5751472
5751492
5751542
5751622
5751682
5751802
5751812
5751832
5751842
5751872
5751892
5752022
5752192
5752212
5752242
5752292
5752342
5752352
5752382
5752392
5752402
5752412
5752432
5752472
5752552
5752632
5752832
5753082
5753092
5753112
5753172
5753232
5753292
5753442
5753522
5753532
5753562
5753572
5753582
5753602
5753622
5753702
5753732
5753742
5753772
5753792
5753802
5753832
5753842
5753852
5753862
5753872
5753902
5753912
5753952
5753982
5753992
5754132
5754152
5754172
5754182
5754222
5754282
5754292
5754332
5754342
5754362
5754422
5754462
5754512
5754532
5754552
5754562
5754592
5754732
5754752
5754832
5754852
5754902
5754942
5754952
5754982
5755012
5755032
5755042
5755052
5755102
5755112
5755172
5755212
5755222
5755252
5755282
5755342
5755352
5755372
5755382
5755452
5755462
5755472
5755482
5755512
5755522
5755552
5755572
5755602
5755632
5755652
5755702
5755732
5755772
5755792
5755822
5755832
5755902
5755952
5756002
5756022
5756042
5756062
5756072
5756092
5756102
5756142
5756162
5756182
5756222
5756242
5756262
5756322
5756352
5756372
5756382
5756412
5756432
5756472
5756492
5756512
5756522
5756532
5756562
5756612
5756622
5756642
5756652
5756662
5756672
5756682
5756692
5756762
5756792
5756802
5756812
5756902
5756912
5756962
5756982
5757012
5757082
5757132
5757172
5757282
5757312
5757322
5757332
5757482
5757532
5757582
5757592
5757612
5757622
5757672
5757682
5757692
5757722
5757742
5757872
5757892
5757952
5758012
5758042
5758072
5758102
5758162
5758192
5758202
5758222
5758242
5758282
5758332
5758352
5758382
5758392
5758402
5758412
5758422
5758442
5758452
5758492
5758502
5758512
5758572
5758592
5758612
5758622
5758652
5758672
5758682
5758702
5758722
5758732
5758762
5758792
5758802
5758812
5758822
5758852
5758872
5758902
5758922
5758932
5758952
5759002
5759052
5759062
5759082
5759122
5759152
5759162
5759212
5759242
5759282
5759322
5759352
5759372
5759402
5759442
5759472
5759492
5759562
5759572
5759592
5759602
5759612
5759622
5759632
5759652
5759712
5759732
5759792
5759912
5759962
5759992
5760022
5760062
5760122
5760132
5760142
5760162
5760182
5760242
5760382
5760472
5760512
5760532
5760542
5760582
5760672
5760682
5760692
5760832
5760852
5761022
5761132
5761212
5761222
5761262
5761272
5761332
5761362
5761442
5761482
5761522
5761532
5761572
5761602
5761612
5761642
5761702
5761712
5761742
5761772
5761842
5761852
5761882
5761932
5761942
5761992
5762032
5762042
5762052
5762092
5762112
5762152
5762182
5762232
5762292
5762372
5762412
5762462
5762482
5762522
5762552
5762582
5762662
5762672
5762682
5762802
5762812
5762822
5762882
5762892
5763012
5763032
5763102
5763122
5763232
5763252
5763322
5763372
5763462
5763532
5763582
5763592
5763712
5763722
5763762
5763772
5763802
5763952
5763992
5764012
5764042
5764102
5764152
5764222
5764252
5764312
5764352
5764512
5764602
5764702
5764772
5764842
5764862
5764922
5765062
5765132
5765262
5765292
5765352
5765402
5765472
5765532
5765542
5765592
5765612
5765852
5765862
5765872
5765902
5766022
5766242
5766322
5766362
5766372
5766452
5766552
5766672
5766712
5766802
5766932
5767012
5767022
5767062
5767072
5767082
5767122
5767152
5767172
5767222
5767232
5767242
5767262
5767282
5767292
5767302
5767312
5767322
5767332
5767352
5767362
5767372
5767402
5767412
5767422
5767432
5767452
5767462
5767482
5767492
5767512
5767522
5767602
5767622
5767632
5767662
5767712
5767742
5767752
5767802
5767842
5767852
5767872
5767882
5767892
5767902
5767912
5767962
5767992
5768072
5768082
5768132
5768172
5768242
5768312
5768332
5768442
5768472
5768482
5768542
5768612
5768642
5768652
5768722
5768762
5768772
5768782
5768792
5768802
5768812
5768822
5768842
5768852
5768862
5768872
5768892
5768912
5768922
5768932
5768942
5768952
5768992
5769012
5769022
5769062
5769082
5769092
5769102
5769112
5769122
5769142
5769152
5769172
5769182
5769192
5769212
5769222
5769232
5769242
5769252
5769262
5769272
5769332
5769432
5769472
5769492
5769532
5769582
5769592
5769612
5769652
5769672
5769722
5769762
5769782
5769822
5769872
5769912
5769942
5769992
5770002
5770092
5770102
5770112
5770132
5770152
5770172
5770212
5770342
5770372
5770382
5770402
5770442
5770452
5770472
5770492
5770502
5770512
5770532
5770552
5770602
5770682
5770832
5770842
5770862
5770892
5770912
5770922
5770942
5771042
5771072
5771082
5771122
5771212
5771322
5771432
5771502
5771532
5771542
5771552
5771572
5771642
5771662
5771732
5771742
5771792
5771842
5771942
5772002
5772012
5772022
5772082
5772112
5772162
5772172
5772202
5772252
5772292
5772322
5772342
5772412
5772452
5772462
5772502
5772552
5772622
5772632
5772742
5772752
5772792
5772802
5772832
5772842
5772872
5772982
5773002
5773052
5773092
5773112
5773122
5773142
5773172
5773192
5773222
5773282
5773292
5773312
5773322
5773372
5773382
5773412
5773432
5773452
5773522
5773532
5773552
5773592
5773602
5773612
5773652
5773712
5773852
5773862
5773942
5773962
5773972
5774022
5774062
5774092
5774112
5774122
5774142
5774152
5774162
5774182
5774212
5774222
5774242
5774252
5774322
5774362
5774382
5774422
5774462
5774482
5774602
5774612
5774632
5774642
5774652
5774752
5774762
5774782
5774942
5774952
5774972
5774992
5775032
5775062
5775072
5775082
5775132
5775142
5775152
5775192
5775242
5775252
5775272
5775332
5775392
5775432
5775452
5775462
5775512
5775542
5775562
5775602
5775672
5775682
5775802
5775862
5775892
5775932
5775942
5775962
5775972
5776002
5776052
5776072
5776092
5776102
5776112
5776132
5776142
5776162
5776212
5776222
5776232
5776292
5776322
5776382
5776392
5776422
5776462
5776502
5776512
5776562
5776632
5776722
5776732
5776742
5776792
5776842
5776872
5776892
5776962
5776982
5777012
5777032
5777042
5777052
5777092
5777102
5777122
5777132
5777152
5777182
5777232
5777252
5777312
5777342
5777362
5777422
5777432
5777452
5777502
5777512
5777562
5777582
5777592
5777602
5777622
5777642
5777652
5777662
5777682
5777752
5777762
5777852
5777872
5777882
5777892
5777902
5777922
5777972
5777992
5778032
5778102
5778132
5778272
5778302
5778452
5778592
5778632
5778652
5778672
5778702
5778712
5778762
5778782
5778842
5778872
5778942
5778952
5779062
5779092
5779102
5779142
5779172
5779262
5779272
5779282
5779322
5779332
5779372
5779392
5779402
5779422
5779442
5779452
5779462
5779552
5779572
5779612
5779652
5779682
5779692
5779772
5779802
5779812
5779842
5779862
5779872
5779892
5779912
5779992
5780142
5780152
5780242
5780272
5780282
5780312
5780352
5780372
5780392
5780402
5780442
5780482
5780502
5780562
5780582
5780592
5780652
5780662
5780702
5780822
5780852
5780862
5780922
5780942
5780952
5781002
5781012
5781052
5781092
5781152
5781192
5781242
5781262
5781272
5781292
5781322
5781332
5781392
5781412
5781422
5781432
5781452
5781482
5781542
5781552
5781572
5781582
5781592
5781612
5781622
5781642
5781692
5781702
5781722
5781732
5781742
5781752
5781762
5781782
5781812
5781842
5781852
5781902
5781912
5781922
5781932
5781952
5781962
5781972
5782012
5782092
5782112
5782122
5782162
5782172
5782212
5782222
5782272
5782322
5782372
5782392
5782412
5782502
5782522
5782592
5782612
5782622
5782652
5782672
5782682
5782702
5782712
5782762
5782802
5782812
5782832
5782942
5782972
5783012
5783032
5783042
5783112
5783132
5783142
5783182
5783252
5783272
5783282
5783312
5783322
5783332
5783372
5783382
5783462
5783502
5783512
5783522
5783532
5783542
5783552
5783562
5783572
5783612
5783652
5783692
5783702
5783752
5783792
5783822
5783832
5783862
5783872
5783892
5783902
5783942
5783982
5784012
5784022
5784082
5784122
5784172
5784202
5784252
5784262
5784272
5784302
5784332
5784342
5784352
5784362
5784382
5784432
5784442
5784452
5784462
5784492
5784522
5784542
5784612
5784632
5784642
5784652
5784692
5784702
5784722
5784742
5784752
5784812
5784872
5784912
5784952
5784992
5785022
5785032
5785052
5785082
5785162
5785172
5785182
5785192
5785202
5785212
5785232
5785242
5785262
5785272
5785332
5785342
5785372
5785402
5785412
5785422
5785432
5785482
5785532
5785562
5785582
5785592
5785612
5785622
5785632
5785712
5785762
5785772
5785812
5785822
5785912
5785932
5785972
5785982
5786002
5786012
5786082
5786092
5786112
5786182
5786222
5786252
5786262
5786292
5786402
5786492
5786502
5786522
5786542
5786552
5786562
5786602
5786622
5786632
5786662
5786762
5786832
5786852
5786912
5786932
5786942
5786952
5787102
5787162
5787182
5787232
5787242
5787262
5787292
5787302
5787322
5787352
5787362
5787372
5787382
5787412
5787422
5787452
5787472
5787482
5787522
5787542
5787562
5787572
5787612
5787622
5787652
5787662
5787702
5787712
5787722
5787772
5787812
5787822
5787832
5787852
5787882
5787932
5787952
5787962
5787982
5788012
5788032
5788062
5788092
5788112
5788122
5788132
5788162
5788172
5788182
5788192
5788202
5788272
5788282
5788292
5788302
5788322
5788362
5788382
5788392
5788422
5788472
5788482
5788512
5788522
5788572
5788582
5788602
5788612
5788632
5788642
5788662
5788712
5788732
5788792
5788822
5788872
5788902
5788922
5788962
5788992
5789022
5789052
5789092
5789102
5789132
5789142
5789152
5789172
5789212
5789232
5789242
5789252
5789262
5789272
5789282
5789322
5789332
5789372
5789462
5789522
5789542
5789602
5789652
5789742
5789762
5789792
5789822
5789832
5789902
5789942
5789972
5790032
5790052
5790092
5790132
5790152
5790182
5790192
5790252
5790282
5790292
5790362
5790412
5790602
5790612
5790682
5790702
5790802
5790892
5790922
5790982
5791022
5791102
5791152
5791232
5791322
5791402
5791552
5791592
5791622
5791632
5791642
5791662
5791692
5791702
5791722
5791812
5791882
5791942
5792012
5792042
5792132
5792152
5792162
5792202
5792282
5792312
5792322
5792342
5792422
5792442
5792492
5792562
5792582
5792612
5792642
5792662
5792692
5792882
5793022
5793032
5793102
5793152
5793162
5793362
5793392
5793462
5793632
5793652
5793752
5793782
5793862
5794072
5794142
5794152
5794232
5794262
5794272
5794292
5794322
5794342
5794352
5794402
5794422
5794442
5794702
5794792
5794882
5794932
5794992
5795022
5795032
5795042
5795152
5795182
5795212
5795252
5795362
5795382
5795392
5795532
5795612
5795652
5795732
5795752
5795792
5795832
5795842
5795912
5795922
5795942
5795962
5795992
5796062
5796072
5796082
5796092
5796132
5796152
5796172
5796202
5796232
5796242
5796252
5796292
5796302
5796322
5796342
5796432
5796492
5796522
5796562
5796582
5796592
5796602
5796612
5796622
5796632
5796642
5796652
5796662
5796672
5796682
5796692
5796702
5796712
5796722
5796732
5796812
5796822
5796852
5796912
5796932
5797042
5797172
5797192
5797212
5797242
5797262
5797272
5797282
5797302
5797352
5797382
5797422
5797492
5797542
5797552
5797582
5797632
5797722
5797772
5797792
5797822
5797842
5797892
5797952
5797982
5797992
5798012
5798032
5798042
5798072
5798132
5798182
5798212
5798242
5798272
5798322
5798332
5798372
5798412
5798422
5798432
5798472
5798492
5798502
5798532
5798552
5798612
5798652
5798662
5798792
5798822
5798842
5798852
5798882
5798962
5799002
5799022
5799052
5799092
5799112
5799122
5799172
5799202
5799232
5799252
5799262
5799292
5799362
5799422
5799432
5799472
5799542
5799552
5799602
5799652
5799682
5799702
5799712
5799752
5799762
5799782
5799792
5799822
5799832
5799872
5799942
5799962
5799982
5800012
5800042
5800102
5800122
5800152
5800202
5800292
5800322
5800382
5800432
5800462
5800492
5800512
5800582
5800602
5800622
5800672
5800682
5800702
5800712
5800762
5800792
5800832
5800852
5800942
5800962
5801002
5801052
5801152
5801162
5801172
5801282
5801322
5801342
5801372
5801392
5801412
5801422
5801452
5801482
5801492
5801522
5801532
5801562
5801582
5801602
5801622
5801632
5801652
5801692
5801722
5801732
5801792
5801832
5801842
5801882
5801912
5801922
5801952
5801972
5802002
5802082
5802122
5802142
5802172
5802252
5802272
5802292
5802302
5802402
5802412
5802432
5802442
5802492
5802512
5802522
5802582
5802592
5802622
5802662
5802752
5802912
5802922
5802942
5803022
5803042
5803082
5803122
5803152
5803172
5803202
5803212
5803242
5803252
5803282
5803312
5803322
5803382
5803442
5803472
5803562
5803682
5803692
5803702
5803732
5803742
5803752
5803772
5803802
5803822
5803832
5803852
5803862
5803902
5803912
5803972
5804052
5804062
5804112
5804132
5804152
5804162
5804182
5804192
5804232
5804262
5804282
5804322
5804342
5804352
5804392
5804402
5804422
5804442
5804452
5804472
5804522
5804532
5804572
5804682
5804692
5804722
5804732
5804742
5804812
5804832
5804852
5804872
5804882
5804902
5804952
5804982
5805022
5805042
5805092
5805132
5805172
5805182
5805262
5805322
5805362
5805422
5805452
5805482
5805532
5805542
5805572
5805612
5805642
5805692
5805722
5805732
5805742
5805752
5805762
5805842
5805852
5805922
5805942
5806002
5806022
5806032
5806042
5806082
5806122
5806152
5806192
5806242
5806312
5806322
5806392
5806422
5806432
5806442
5806512
5806522
5806542
5806582
5806592
5806602
5806632
5806642
5806752
5806762
5806792
5806822
5806832
5806862
5806882
5806892
5806982
5806992
5807012
5807022
5807032
5807082
5807102
5807112
5807132
5807152
5807202
5807212
5807242
5807302
5807312
5807332
5807342
5807362
5807402
5807412
5807562
5807602
5807632
5807642
5807682
5807752
5807772
5807792
5807902
5807942
5807972
5808002
5808032
5808042
5808052
5808062
5808072
5808082
5808102
5808122
5808142
5808162
5808182
5808222
5808242
5808252
5808312
5808382
5808422
5808442
5808452
5808482
5808542
5808552
5808602
5808612
5808632
5808652
5808672
5808712
5808772
5808792
5808882
5808902
5808912
5808922
5808932
5808942
5808962
5808972
5808992
5809012
5809042
5809052
5809072
5809102
5809112
5809122
5809142
5809152
5809182
5809232
5809242
5809252
5809262
5809272
5809282
5809302
5809342
5809422
5809452
5809472
5809502
5809512
5809522
5809542
5809592
5809602
5809612
5809632
5809672
5809692
5809722
5809742
5809762
5809782
5809862
5809902
5809912
5809942
5810002
5810012
5810052
5810092
5810142
5810162
5810172
5810202
5810282
5810342
5810352
5810392
5810402
5810422
5810432
5810452
5810482
5810492
5810502
5810512
5810522
5810532
5810552
5810562
5810572
5810582
5810592
5810612
5810642
5810662
5810682
5810702
5810712
5810722
5810752
5810792
5810822
5810852
5810862
5810872
5810892
5810912
5810952
5810972
5810992
5811002
5811022
5811032
5811042
5811052
5811062
5811072
5811092
5811102
5811112
5811162
5811202
5811212
5811252
5811302
5811322
5811332
5811422
5811442
5811452
5811472
5811502
5811512
5811552
5811592
5811612
5811662
5811672
5811702
5811742
5811752
5811772
5811782
5811842
5811862
5811882
5811892
5811952
5811962
5811982
5811992
5812062
5812102
5812112
5812122
5812142
5812162
5812192
5812202
5812222
5812292
5812302
5812342
5812352
5812442
5812462
5812472
5812492
5812502
5812522
5812582
5812592
5812602
5812652
5812692
5812712
5812722
5812762
5812782
5812832
5812842
5812852
5812862
5812872
5812902
5812912
5812932
5812942
5813002
5813022
5813042
5813072
5813112
5813142
5813172
5813182
5813232
5813252
5813272
5813332
5813342
5813382
5813402
5813412
5813422
5813442
5813542
5813562
5813602
5813632
5813652
5813662
5813682
5813702
5813762
5813782
5813792
5813812
5813842
5813862
5813872
5813922
5813942
5813952
5813982
5813992
5814032
5814062
5814142
5814152
5814182
5814192
5814202
5814272
5814282
5814322
5814332
5814342
5814352
5814432
5814442
5814452
5814462
5814512
5814522
5814532
5814562
5814612
5814632
5814692
5814702
5814712
5814772
5814822
5814832
5814842
5814852
5814872
5814882
5814912
5814922
5814952
5814962
5814972
5814982
5815022
5815032
5815102
5815132
5815152
5815212
5815242
5815252
5815262
5815292
5815302
5815382
5815392
5815442
5815462
5815472
5815492
5815532
5815552
5815622
5815632
5815672
5815732
5815742
5815762
5815782
5815802
5815842
5815862
5815882
5815932
5815942
5815952
5815962
5816082
5816092
5816142
5816162
5816182
5816192
5816252
5816272
5816292
5816302
5816332
5816362
5816382
5816412
5816452
5816522
5816532
5816552
5816582
5816602
5816612
5816652
5816672
5816712
5816722
5816762
5816772
5816792
5816822
5816882
5816892
5816922
5816952
5816962
5816972
5817092
5817102
5817122
5817132
5817242
5817282
5817292
5817322
5817342
5817382
5817392
5817412
5817442
5817452
5817462
5817492
5817512
5817542
5817612
5817632
5817642
5817652
5817662
5817682
5817772
5817832
5817852
5817872
5817882
5817912
5817922
5817942
5817962
5817972
5817982
5817992
5818032
5818062
5818082
5818112
5818142
5818152
5818182
5818232
5818242
5818252
5818272
5818292
5818302
5818312
5818322
5818342
5818352
5818372
5818382
5818392
5818432
5818442
5818492
5818542
5818562
5818572
5818582
5818592
5818652
5818722
5818732
5818762
5818842
5818862
5818882
5818932
5818972
5819002
5819052
5819072
5819082
5819112
5819122
5819132
5819192
5819252
5819302
5819322
5819342
5819352
5819382
5819402
5819412
5819422
5819432
5819452
5819472
5819482
5819492
5819522
5819532
5819542
5819552
5819562
5819572
5819602
5819632
5819652
5819692
5819772
5819792
5819822
5819832
5819872
5819882
5819892
5820012
5820032
5820102
5820112
5820122
5820132
5820162
5820182
5820222
5820252
5820262
5820282
5820392
5820442
5820452
5820462
5820482
5820532
5820542
5820552
5820562
5820572
5820582
5820612
5820622
5820642
5820652
5820662
5820672
5820692
5820752
5820782
5820802
5820822
5820842
5820862
5820872
5820892
5820902
5820922
5820932
5820942
5820972
5821062
5821082
5821092
5821112
5821132
5821152
5821162
5821292
5821352
5821422
5821462
5821472
5821482
5821542
5821622
5821712
5821752
5821882
5821922
5821932
5822002
5822012
5822022
5822062
5822082
5822132
5822162
5822182
5822192
5822212
5822232
5822252
5822262
5822292
5822322
5822482
5822522
5822552
5822572
5822582
5822602
5822612
5822692
5822752
5822792
5822812
5822852
5822862
5822892
5822932
5823032
5823052
5823072
5823152
5823162
5823272
5823282
5823432
5823552
5823702
5823712
5823732
5823772
5823962
5824072
5824092
5824102
5824112
5824122
5824132
5824172
5824192
5824262
5824292
5824322
5824472
5824492
5824502
5824522
5824562
5824592
5824612
5824692
5824712
5824732
5824762
5824782
5824802
5824822
5824832
5824902
5825012
5825032
5825042
5825062
5825082
5825092
5825122
5825172
5825262
5825372
5825412
5825432
5825482
5825512
5825592
5825682
5825702
5825732
5825772
5825812
5825862
5825882
5825912
5825962
5826022
5826112
5826172
5826192
5826262
5826292
5826312
5826372
5826402
5826422
5826442
5826452
5826472
5826552
5826622
5826662
5826692
5826752
5826792
5826852
5826862
5826872
5826882
5826902
5826922
5826932
5827022
5827062
5827082
5827102
5827162
5827172
5827182
5827192
5827222
5827232
5827262
5827322
5827402
5827472
5827552
5827592
5827722
5827732
5827772
5827842
5827862
5827902
5827942
5827952
5827992
5828022
5828042
5828112
5828152
5828202
5828312
5828372
5828412
5828442
5828472
5828512
5828542
5828562
5828572
5828622
5828682
5828702
5828712
5828742
5828752
5828782
5828872
5828882
5828912
5828942
5828982
5829012
5829042
5829052
5829102
5829112
5829152
5829162
5829202
5829372
5829382
5829422
5829452
5829462
5829472
5829482
5829502
5829572
5829642
5829692
5829732
5829782
5829792
5829852
5829882
5829962
5829982
5830002
5830132
5830152
5830252
5830292
5830372
5830382
5830502
5830562
5830602
5830642
5830672
5830682
5830712
5830762
5830832
5831032
5831072
5831092
5831132
5831382
5831512
5831552
5831592
5831682
5831752
5831782
5831882
5832182
5832192
5832202
5832222
5832292
5832332
5832392
5832422
5832462
5832522
5832592
5832722
5832972
5832982
5833032
5833072
5833152
5833242
5833252
5833442
5833612
5833622
5833642
5833692
5833742
5834042
5834072
5834222
5834252
5834282
5834292
5834322
5834402
5834482
5834492
5834542
5834552
5834562
5834572
5834582
5834632
5834662
5834732
5834752
5834762
5834782
5834812
5834832
5834842
5834882
5834932
5834942
5834972
5835002
5835032
5835072
5835302
5835362
5835372
5835402
5835472
5835492
5835512
5835542
5835562
5835602
5835632
5835712
5835742
5835792
5835932
5835942
5835972
5836032
5836112
5836132
5836482
5836502
5836522
5836542
5836562
5836622
5836642
5836712
5836792
5836802
5836962
5836982
5837012
5837022
5837052
5837102
5837162
5837192
5837222
5837292
5837312
5837352
5837362
5837382
5837812
5837952
5838002
5838012
5838082
5838112
5838132
5838252
5838262
5838292
5838542
5838622
5838692
5838752
5838812
5838962
5839022
5839102
5839162
5839232
5839322
5839332
5839352
5839382
5839392
5839442
5839462
5839572
5839702
5839742
5839762
5839772
5839802
5839882
5839912
5840072
5840132
5840172
5840212
5840262
5840272
5840342
5840362
5840412
5840432
5840452
5840472
5840482
5840512
5840552
5840572
5840582
5840592
5840652
5840662
5840672
5840702
5840712
5840772
5840802
5840822
5840862
5840872
5840902
5840912
5841032
5841082
5841182
5841202
5841242
5841292
5841312
5841342
5841362
5841372
5841422
5841502
5841562
5841572
5841612
5841662
5841802
5841932
5841952
5841962
5842012
5842062
5842092
5842112
5842132
5842232
5842252
5842262
5842322
5842442
5842522
5842552
5842592
5842662
5842752
5842762
5842882
5843032
5843062
5843082
5843392
5843532
5843572
5843582
5843662
5843752
5843842
5843882
5844152
5844242
5844252
5844292
5844512
5844532
5844622
5844662
5844692
5844712
5845162
5845352
2
252
252
252
252
492
492
492
492
672
992
992
992
1102
1102
1102
1102
1102
1102
1102
1102
1102
1102
1102
1102
1102
1102
1102
1102
1102
1102
1102
1102
1102
1102
1102
1102
1102
1102
1102
1102
1102
1102
1102
1102
1102
1102
1102
1102
1102
1102
1102
1102
1102
1102
1102
1102
1102
1102
1102
1102
1102
1222
1312
1322
1322
1322
1322
1322
1322
1322
1322
1322
1322
1322
1322
1322
1322
1322
1322
1412
1572
1572
1572
2032
2032
2062
2062
2062
2062
2062
2252
2252
2252
2252
2252
2252
2252
2252
2252
2252
2252
2402
2452
2602
2602
2602
2622
2622
2622
2622
2622
2802
2862
2922
3072
3472
3502
3502
3512
3642
3682
3702
3702
3702
3702
3702
3702
3702
3702
3702
3702
3702
3702
3702
3702
3702
3702
3702
3702
3702
3702
3702
3702
3702
3702
3702
3702
3702
3702
3702
3702
3702
3702
3702
3702
3702
3702
3702
3702
3702
3702
3762
3762
3762
3762
3762
3762
3762
3762
3762
3762
3762
3762
3762
3762
3762
3762
3762
3762
3912
3912
3932
4182
4242
4242
4242
4242
4242
4242
4242
4242
4242
4242
4242
4302
4302
4302
4302
4562
4672
4672
4672
4672
4672
4672
4672
4672
4672
4672
4672
4672
4672
4672
4672
4672
4672
4672
4672
4842
4842
4842
4842
4842
4862
4862
4862
4862
4862
4872
4872
4872
4872
4872
4902
4932
5012
5012
5012
5012
5362
5802
5962
6152
6162
6172
6192
6422
6422
6472
6472
6662
6662
6662
6662
6662
6662
7022
7512
7522
7662
7732
7732
7732
7732
7732
7732
7732
7732
7732
7732
7732
7732
7732
7732
7732
7732
7732
7732
7732
7732
7732
7732
7752
7752
7752
7842
8042
8452
8552
8622
8862
8902
8942
8942
8942
8942
8942
8942
8942
8942
8942
8942
8942
8942
8942
8942
8942
8942
8962
8982
8982
8982
8982
8982
8982
8982
8982
8982
8982
8992
8992
9012
9012
9012
9012
9012
9012
9012
9012
9012
9012
9012
9012
9012
9082
9162
9212
9272
9302
9312
9422
9502
9502
9522
9612
9612
9612
9612
9612
9612
9622
9622
9622
9622
9622
9622
9622
9622
9622
9622
9622
9622
9622
9622
9632
9662
9662
9662
9662
9662
9672
9672
9832
9882
9892
10002
10002
10012
10012
10032
10032
10032
10032
10102
10142
10182
10252
10342
10342
10592
10642
10642
10642
10652
10652
10652
10942
10942
11192
11222
11322
11332
11332
11352
11352
11352
11452
11472
11472
11502
11502
11602
11742
11822
11982
12162
12232
12262
12262
12262
12262
12262
12262
12262
12262
12262
12262
12262
12262
12262
12302
12582
12632
12632
12732
12732
12732
12732
12732
12732
12732
12732
12732
12732
12732
12732
12732
12732
12732
12732
12782
12862
12962
13072
13222
13222
13312
13322
13422
13432
13452
13602
13602
13602
13602
13612
13682
13682
13692
13692
13692
13692
13692
13692
13692
13772
13772
13832
13862
13872
13912
13922
13922
13962
14012
14112
14112
14122
14122
14122
14122
14122
14122
14122
14142
14182
14182
14182
14182
14182
14182
14182
14182
14182
14272
14272
14282
14312
14362
14482
14762
14802
14822
15052
15092
15092
15212
15212
15222
15342
15362
15362
15362
15422
15422
15462
15472
15472
15602
15622
15652
15682
15682
15742
15752
15782
15782
15782
15852
16012
16012
16012
16012
16012
16012
16012
16012
16012
16012
16012
16012
16012
16012
16012
16012
16012
16012
16012
16012
16012
16012
16012
16012
16012
16012
16012
16012
16012
16012
16012
16012
16012
16012
16012
16012
16012
16012
16052
16052
16052
16052
16052
16052
16052
16052
16052
16052
16112
16172
16232
16252
16262
16292
16292
16292
16292
16362
16372
16442
16452
16512
16552
16562
16562
16602
16632
16632
16672
16672
16672
16672
16672
16672
16672
16672
16672
16672
16782
16942
16952
16982
16982
16982
16982
16982
16982
16982
16982
16982
16982
16982
16982
16982
16982
16982
16982
16982
16982
16982
16982
16982
16982
16982
16982
16982
16982
16982
16982
16982
16982
16982
16982
16982
16982
16982
16982
16982
16982
16982
16982
16982
16982
17032
17032
17032
17032
17032
17032
17102
17422
17502
17592
17602
17602
17602
17602
17602
17602
17602
17602
17602
17602
17602
17602
17602
17602
17602
17602
17602
17602
17752
17862
17872
17912
17912
17912
17912
17912
17912
17942
17982
17982
17982
18042
18042
18162
18572
18612
18832
18852
18972
18972
18972
18972
18972
18972
18972
18972
18972
18972
19042
19062
19072
19082
19082
19122
19142
19152
19252
19252
19252
19252
19282
19282
19332
19402
19462
19502
19502
19502
19502
19852
19852
19912
20032
20072
20072
20072
20072
20072
20072
20072
20072
20072
20072
20072
20072
20072
20072
20072
20072
20072
20072
20072
20072
20072
20072
20072
20072
20182
20232
20382
20382
20382
20382
20382
20382
20382
20382
20382
20382
20382
20392
20402
20452
20592
20622
20622
20622
20692
20692
20732
20802
20802
20802
20872
20922
20942
20942
20942
20942
20942
20942
20942
20942
20942
20942
20942
20942
20942
20942
20942
20942
20942
20942
20942
20942
20942
20942
20942
20942
20942
20942
20942
20942
20942
20942
20942
20942
20942
20942
20942
20942
20942
20942
20942
20942
21052
21062
21072
21162
21172
21232
21272
21312
21312
21312
21312
21312
21312
21312
21312
21312
21312
21312
21312
21312
21312
21312
21312
21312
21312
21312
21312
21312
21312
21312
21312
21312
21312
21312
21312
21312
21312
21312
21312
21312
21312
21312
21312
21312
21312
21312
21312
21312
21372
21392
21562
21582
21702
21702
21752
21752
21752
21752
21752
21752
21752
21752
21752
21752
21752
21752
21752
21752
21752
21752
21752
21752
21752
21752
21752
21752
21752
21752
21752
21752
21752
21752
21752
21752
21752
21752
21752
21752
21752
21752
21752
21762
21782
21832
21912
21912
21942
22112
22532
22562
22592
22932
23012
23022
23042
23052
23162
23172
23172
23172
23172
23172
23172
23172
23172
23172
23172
23172
23172
23192
23192
23192
23192
23192
23192
23262
23352
23372
23382
23452
23452
23562
23562
23562
23562
23562
23562
23562
23562
23702
23732
23732
23732
23732
23772
23772
23802
23902
24072
24102
24172
24232
24272
24272
24612
24612
24612
24612
24612
24642
24642
24642
24812
24832
24852
24852
24922
24932
24942
24952
24952
24952
24952
24952
24952
24952
24952
24952
24952
24952
24952
24952
24952
24952
24952
24952
24952
24952
24952
24952
24952
24952
24952
24952
24952
24952
24952
24952
24952
24952
24952
24952
24952
24952
24952
24952
24952
24952
24952
24952
24952
24952
25022
25042
25042
25122
25122
25122
25142
25282
25352
25412
25412
25412
25412
25412
25452
25482
25492
25512
25512
25512
25542
25622
25622
25622
25622
25632
25672
25672
25672
25672
25672
25832
25912
25942
25942
25942
25952
25952
25962
25962
25962
25962
25972
25992
26092
26092
26092
26092
26122
26232
26242
26282
26282
26282
26282
26282
26282
26302
26302
26302
26302
26302
26302
26302
26302
26302
26302
26302
26302
26302
26322
26322
26412
26432
26452
26472
26472
26552
26572
26602
26642
26652
26652
26652
26792
26992
26992
26992
26992
26992
26992
27022
27072
27102
27102
27102
27102
27102
27102
27102
27102
27102
27102
27102
27102
27102
27102
27102
27102
27102
27102
27102
27102
27102
27102
27102
27102
27102
27102
27102
27102
27102
27132
27252
27282
27322
27392
27532
27752
27752
27882
27882
27882
27882
27882
27882
27882
27882
27882
27892
27942
27942
27942
27942
27942
27942
27942
27942
27942
27942
27942
27952
27952
27952
27952
27952
27952
27952
27952
27952
27952
27992
27992
27992
27992
27992
27992
27992
27992
27992
27992
27992
27992
27992
27992
27992
27992
27992
27992
27992
27992
27992
27992
27992
27992
27992
27992
27992
27992
27992
27992
27992
27992
27992
28022
28052
28062
28062
28082
28082
28082
28082
28082
28082
28082
28082
28082
28082
28082
28082
28082
28082
28082
28082
28082
28082
28152
28262
28352
28352
28362
28362
28362
28502
28532
28532
28532
28532
28532
28532
28542
28542
28562
28562
28562
28562
28562
28562
28562
28562
28562
28732
28792
28802
28802
28802
28842
28852
28852
28852
28852
28852
28852
28852
28852
28902
28952
28952
28952
28952
28962
29022
29022
29022
29022
29022
29022
29022
29022
29022
29022
29022
29022
29022
29022
29022
29022
29022
29022
29022
29022
29022
29022
29022
29022
29022
29022
29022
29022
29022
29022
29022
29022
29022
29022
29022
29022
29022
29022
29022
29022
29022
29022
29022
29022
29022
29022
29022
29022
29022
29022
29022
29022
29022
29022
29022
29022
29022
29022
29022
29022
29022
29022
29022
29022
29072
29302
29442
29732
29792
29792
29842
29842
29842
29912
29982
29982
30042
30052
30052
30202
30202
30282
30282
30292
30532
30662
30662
30662
30872
30872
30912
30912
30912
30952
30952
30952
30952
30992
31092
31222
31262
31312
31312
31312
31312
31352
31702
31752
31772
31842
31932
31932
32162
32182
32202
32312
32312
32312
32362
32362
32362
32362
32362
32362
32362
32372
32382
32382
32392
32412
32442
32532
32532
32532
32782
32852
32912
32972
33092
33102
33162
33162
33162
33162
33162
33202
33222
33262
33772
33772
33832
33942
33942
33942
33942
33942
33942
33942
34032
34072
34072
34152
34152
34322
35012
35012
35012
35012
35012
35012
35042
35072
35072
35072
35072
35072
35072
35072
35072
35072
35072
35072
35072
35072
35072
35072
35072
35222
35432
35432
35512
35572
35682
36262
36262
36262
36262
36262
36262
36262
36262
36262
36262
36262
36262
36262
36262
36262
36262
36342
36342
36412
36412
36412
36412
36412
36412
36412
36412
36412
37092
37112
37142
37292
37302
37302
37302
37302
37302
37302
37302
37302
37302
37302
37302
37302
37302
37742
37962
38002
38022
38132
38232
38232
38232
38232
38232
38232
38232
38232
38232
38232
38232
38232
38232
38232
38232
38242
38242
38242
38242
38242
38272
38462
38632
38632
38632
38642
38652
38652
38652
38652
38652
38732
38732
38732
38732
38732
38732
38732
38732
38762
38782
38782
38802
38812
38812
38812
38812
38832
38842
38872
38872
38872
38892
38892
38892
38892
38922
38932
38932
38932
38942
39002
39002
39002
39002
39072
39072
39072
39072
39072
39072
39082
39202
39462
39512
39742
39772
39792
39802
39852
40052
40142
40222
40392
40392
40412
40512
40912
40912
40922
41052
41232
41252
41322
41452
41552
41572
41682
41712
41712
41762
41772
41872
41922
41962
41962
41962
41962
42032
42072
42112
42152
42162
42362
42672
42672
42672
42912
43162
43162
43162
43162
43162
43162
43162
43162
43162
43162
43162
43162
43242
43242
43272
43622
43892
43892
43892
43892
43892
44052
44062
44112
44112
44312
44322
44322
44432
44622
44622
44682
44872
45002
45032
45052
45052
45102
45102
45122
45142
45142
45142
45142
45142
45342
45422
45542
45592
45702
45702
45702
45702
45702
45702
45702
45702
45702
45792
45792
46092
46142
46332
46472
46512
46512
46652
46692
46712
46712
46742
46842
46852
46942
47002
47002
47012
47012
47112
47252
47322
47332
47452
47462
47462
47462
47462
47462
47462
47482
47482
47482
47492
47672
47742
47742
48032
48032
48042
48102
48122
48132
48142
48302
48342
48642
48642
48642
48642
48642
48712
48822
48842
48852
48862
49052
49182
49192
49212
49292
49342
49422
49422
49422
49422
49422
49422
49422
49422
49422
49422
49422
49422
49462
49562
49612
49632
49642
49652
49872
49942
49942
50022
50032
50062
50112
50332
50352
50412
50632
50632
50702
50702
50752
50792
50792
50842
50842
50842
51342
51382
51392
51412
51442
51472
51512
51582
51662
51672
51682
51872
51902
51902
51902
51902
51902
51902
51902
52142
52352
52372
52412
52472
52492
52572
52672
52692
52722
52982
53052
53092
53172
53192
53192
53192
53192
53192
53192
53192
53192
53192
53192
53192
53192
53192
53192
53192
53192
53192
53192
53372
53402
53502
55542
55612
55612
56292
56792
57602
57602
57602
57602
57602
57602
57602
57602
57602
57602
57602
57602
57602
58652
58982
59122
59402
59472
59532
59542
59562
59572
59762
60142
60322
60452
60572
60572
62252
62252
62252
62252
62252
62402
62842
62842
62842
62842
62842
62842
63272
63582
63582
63902
64712
65182
65462
65462
65702
66742
66752
66842
67072
67552
67552
67552
67782
67882
68742
69302
69662
69702
69702
69702
69702
69702
69752
69772
70222
70502
70702
70922
71052
71052
71052
71052
71052
71052
71052
71052
71052
71052
71052
71122
71172
71412
71602
71622
71892
71922
71962
72262
72822
72822
73062
73112
73232
73352
73382
73592
74112
74672
74802
74802
74802
74842
74872
75092
75112
75392
75392
75692
75692
75942
76032
76422
76422
76432
76452
76482
76482
76512
76562
76562
76772
76772
77102
77402
77442
77442
77572
77682
78182
78302
78342
78422
78512
78532
79392
79442
79682
79772
79892
79892
79892
79892
79992
80522
81022
81092
81462
81662
81792
81992
82292
82362
82362
82362
82452
82752
82972
83922
84062
84272
84272
84272
84272
84272
84272
84272
84272
84272
84272
84272
84272
84272
84272
84272
84302
84442
84472
84772
84872
84992
85602
85862
85862
85862
85862
85862
85862
85862
85862
85862
85862
85862
85862
85862
85862
85862
85862
85862
85862
85862
85862
85862
85862
85862
85862
85862
85862
85862
85862
85862
85862
85862
85862
85862
85862
85862
85862
85862
85862
85862
85862
85862
85862
85862
85862
85862
85862
85862
85862
85862
85902
86092
86112
86142
86412
86462
86472
86472
86522
86622
86792
87072
87192
87362
87412
87522
87632
87632
87632
87632
87632
87632
87632
87632
87632
87632
87632
87632
87632
87632
87632
87632
87632
87632
87812
87812
88162
88202
88232
88582
88612
89082
89122
89122
89122
89122
89122
89202
89432
90032
90232
90302
90302
90302
90302
90302
90302
90302
90342
90492
90492
90812
90972
90972
90972
90972
90972
91002
91122
91152
91512
91902
91942
92522
92802
93072
93182
93482
93592
93712
93742
93762
93842
94092
94112
94132
94212
94412
94442
94562
94602
94722
94812
94822
94912
94972
95192
95242
95382
95722
95782
95782
95782
95822
95822
95822
95882
95902
95962
96112
96272
96362
96422
96442
96582
96662
96752
96782
97022
97222
97292
97392
97462
97482
97582
97662
97682
97862
98382
98542
98862
99182
99682
99922
100062
100132
100132
100192
100962
101282
101532
101572
101702
101912
103622
104122
104342
104792
104792
104792
104792
104792
104792
105302
105452
105912
106142
106142
106312
106372
106872
107202
107202
107262
107302
108312
108312
108332
108752
108752
109822
109852
109852
109892
109892
110572
110642
110662
110662
110742
110982
111072
111132
111132
111132
111602
111982
111982
112742
113202
113202
113252
113252
113282
114032
114252
114292
114372
114372
114402
114622
114692
114752
114892
115132
115542
115542
115542
115542
115542
115542
115542
115542
115542
115562
115972
116082
116122
116632
117732
117822
118152
118602
118602
118602
118602
118642
118662
118732
118732
118862
119332
119432
120852
121122
121622
121902
122532
122542
122772
123352
123352
123652
123672
124132
124152
124152
124172
124172
124402
124572
125382
125472
125542
125942
126062
126332
126622
126972
127532
127952
128502
